filename,ground_truth,prediction
00a1d238e37ac225b8045a97953e845d.pdf,"{""effective_date"": ""2001-04-18"", ""jurisdiction"": ""Oregon"", ""party"": [""Eric Dean Sprunk"", ""Nike Inc.""]}","{""party"": [""Eric Dean Sprunk"", ""Nike Inc.""], ""effective_date"": ""2001-04-18"", ""jurisdiction"": ""Oregon""}"
04139986fd9aaf6cb0c374a67d045478.pdf,"{""jurisdiction"": ""California"", ""party"": [""Dolby Laboratories Inc."", ""Ray M. Dolby""]}","{""jurisdiction"": ""State of California"", ""effective_date"": ""2004-11-19"", ""party"": [""Dolby Laboratories, Inc."", ""Lara M. Hopwood""]}"
03fd0e629b617da00c54794a8a78b24d.pdf,"{""effective_date"": ""2011-07-13"", ""jurisdiction"": ""California"", ""party"": [""99\u00a2 Only Stores"", ""Leonard Green and Partners LP""]}","{""effective_date"": ""2011-07-13"", ""party"": [""99c Only Stores"", ""Leonard Green & Partners, L.P.""], ""jurisdiction"": ""California""}"
031470434423a8c40105a4b404ced88b.pdf,"{""effective_date"": ""2017-02-10"", ""jurisdiction"": ""California"", ""party"": [""Kite Pharma Inc."", ""Gilead Sciences Inc.""], ""term"": ""7 years""}","{""effective_date"": ""2017-02-10"", ""jurisdiction"": ""Delaware"", ""party"": [""Kite Pharma, Inc."", ""Gilead Sciences, Inc.""], ""term"": ""The term of this Agreement during which Confidential Information may be disclosed by one Party to the other Party shall begin on the Effective Date and end five (5) years after the Effective Date, unless extended by mutual agreement.""}"
0564e5bce70dd2df5473d64da16ddbe3.pdf,"{""jurisdiction"": ""Delaware"", ""party"": [""Wells Fargo Securities LLC"", ""Abc-Mart Inc.""], ""term"": ""3 years""}","{""effective_date"": ""2011-02-28"", ""party"": [""Wells Fargo Securities, LLC"", ""ABC-Mart, Inc."", ""ABC-MART, INC.""], ""jurisdiction"": ""Delaware""}"
05947711a24a5b7ce401911d31e19c91.pdf,"{""effective_date"": ""2007-01-03"", ""jurisdiction"": ""New York"", ""party"": [""Potomac Key Group LLC"", ""Compudyne Corporation""], ""term"": ""2 years""}","{""jurisdiction"": ""New York"", ""effective_date"": ""2007-01-03"", ""party"": [""Compudyne Corporation"", ""POTOMAC KEY GROUP, LLC""]}"
03efbda01358533c167ca9b1e6d72051.pdf,"{""effective_date"": ""1999-02-08"", ""jurisdiction"": ""Pennsylvania"", ""party"": [""High Speed Net Solutions"", ""R. J. Seifert Enterprises""], ""term"": ""2 years""}","{""effective_date"": ""1999-02-06"", ""jurisdiction"": ""Pennsylvania"", ""party"": [""High Speed Net Solutions"", ""R. J. Seifert Enterprises"", ""Michael M. Cimino"", ""Richard Seifert""], ""term"": ""Two years""}"
0587275477c6ad6d0d72419383e04b88.pdf,"{""jurisdiction"": ""Illinois"", ""party"": [""Sears Roebuck and Co.""]}","{""jurisdiction"": ""State of Illinois"", ""party"": [""Sears, Roebuck and Co."", ""Executive A"", ""Sears"", ""EXECUTIVE A"", ""Executive""], ""effective_date"": ""2001-01-01"", ""term"": ""at-will""}"
04bf0791804e8487c91ab84eaa47a335.pdf,"{""effective_date"": ""2009-09-23"", ""jurisdiction"": ""New York"", ""party"": [""Altimo Holdings and Investments Ltd."", ""Open Joint Stock Company \u201cVimpel-Communications\u201d"", ""Telenor Asa""], ""term"": ""12 months""}","{""effective_date"": ""2009-09-23"", ""jurisdiction"": ""British Virgin Islands"", ""party"": [""Altimo Holdings & Investments Limited"", ""Telenor ASA"", ""VimpelCom""]}"
05f4ad5ef8f2f3998da46ad87c55e71b.pdf,"{""effective_date"": ""2014-12-11"", ""jurisdiction"": ""Delaware"", ""party"": [""Fortune Brands Home and Security Inc."", ""Norcraft Companies Inc.""], ""term"": ""2 years""}","{""effective_date"": ""2014-12-11"", ""jurisdiction"": ""Delaware""}"
06bb89c0b34d24024ccfba76663bac8f.pdf,"{""jurisdiction"": ""Iowa"", ""party"": [""Reg Marketing and Logistics Group LLC""]}","{""jurisdiction"": ""Iowa""}"
07b135b30e301560ecfde236c9311975.pdf,"{""jurisdiction"": ""Indiana"", ""party"": [""David L. Fetherman"", ""Escalade Inc.""]}","{""party"": [""David L. Fetherman"", ""Escalade""], ""jurisdiction"": ""Indiana""}"
0a68451dc19053b04342ce829bcd1321.pdf,"{""effective_date"": ""2008-08-11"", ""jurisdiction"": ""New York"", ""party"": [""Ann Taylor Inc."", ""Christine Beauchamp""]}","{""jurisdiction"": ""New York""}"
071c4b0c3b3ba9838d0665e17ca7f15f.pdf,"{""effective_date"": ""2009-08-03"", ""jurisdiction"": ""Delaware"", ""party"": [""Aspect Medical Systems Inc."", ""Tyco Healthcare Group LP""], ""term"": ""3 years""}","{""effective_date"": ""2009-08-03"", ""jurisdiction"": ""Delaware"", ""party"": [""Aspect Medical Systems, Inc."", ""Tyco Healthcare Group LP""], ""term"": ""definitive agreement""}"
08cc9be2c873778b05d95d03026705ca.pdf,"{""effective_date"": ""2005-06-04"", ""jurisdiction"": ""Massachusetts"", ""party"": [""Neon Systems Inc."", ""Progress Software Corporation""]}","{""effective_date"": ""2005-05-04"", ""jurisdiction"": ""Delaware and Massachusetts"", ""party"": [""NEON SYSTEMS, INC."", ""Progress Software Corporation"", ""Progress Software"", ""Neon Systems, Inc.""]}"
0859334b76224ff82c1312ae7b2b5da1.pdf,"{""effective_date"": ""2013-02-18"", ""jurisdiction"": ""New York"", ""party"": [""Central European Distribution Corporation"", ""W and L Enterprises Ltd.""], ""term"": ""16 days""}","{""effective_date"": ""2013-02-18"", ""jurisdiction"": ""Delaware"", ""party"": [""Central European Distribution Corporation"", ""W&L Enterprises Ltd.""]}"
0ea36c66d9ecce62618e9de54216dd71.pdf,"{""effective_date"": ""2009-05-12"", ""jurisdiction"": ""Colorado"", ""party"": [""Clovis Oncology Inc."", ""Patrick J. Mahaffy""]}","{""jurisdiction"": ""Colorado"", ""effective_date"": ""2009-05-12""}"
0c7b90701575b147c4ac245ca478ee7c.pdf,"{""effective_date"": ""2004-11-05"", ""jurisdiction"": ""Indiana"", ""party"": [""Richard Harcke"", ""Haynes Wire Company""]}","{""effective_date"": ""2004-11-05"", ""party"": [""Richard Harcke"", ""Haynes Wire Company""], ""jurisdiction"": ""Indiana""}"
0f446b4ed10d8d40824270d746511cca.pdf,"{""jurisdiction"": ""Georgia"", ""party"": [""Ameris Bancorp"", ""Shirley P. Fiano""]}","{""jurisdiction"": ""Florida"", ""party"": [""Ameris Bancorp"", ""Sharley P. Fiano"", ""Eric Dean Sprunk"", ""Nike Inc.""]}"
0c3ab1d0c8bb3b1c2f7a64f3ab584368.pdf,"{""effective_date"": ""2006-01-30"", ""jurisdiction"": ""Michigan"", ""party"": [""Asset Acceptance Capital Corp."", ""James C. Lee""]}","{""effective_date"": ""2006-01-01"", ""party"": [""Asset Acceptance Capital Corp."", ""James C. Lee"", ""Nathan F. Bradley IV""], ""jurisdiction"": ""State of Michigan""}"
03ae3b511276b560dc8806eb61b9d063.pdf,"{""effective_date"": ""2012-01-06"", ""jurisdiction"": ""Florida"", ""party"": [""Maher Albitar"", ""Neogenomics Laboratories Inc.""]}","{""effective_date"": ""2012-01-06"", ""jurisdiction"": ""Georgia"", ""party"": [""Maher Albitar, M.D."", ""NeoGenomics Laboratories, Inc."", ""The Company"", ""MPC""], ""term"": ""The parties agree that the term of this agreement is effective upon execution and shall survive and continue to be in force and effect for two years following the earlier of a) the termination of any employment or independent contractor relationship between the Contractor and the MPC, whether termination is by the MPC with or without cause, wrongful discharge, or for any other reason whatsoever, or by the Contractor, b) the date on which the Contractor ceases to be an equity owner of the MPC, or c) the termination of the Medical Services Agreement between the MPC and the Company or any entity that is wholly or partially owned by the Company (all of such entities being hereinafter referred to as \""Affiliated Entities\""). The aforementioned period during which this Agreement will remain in effect shall hereinafter be referred to as the \""Term\"".""}"
1833b67588ab0a7bab44938ef295fdb6.pdf,"{""effective_date"": ""2005-04-06"", ""jurisdiction"": ""Illinois"", ""party"": [""Rubicon Technology Inc."", ""Hap Hewes""]}","{""effective_date"": ""2005-04-06"", ""party"": [""Hewes, Hap"", ""Rubicon Technology, Inc."", ""Hap Hewes"", ""William F. Weissman""], ""term"": ""36 months"", ""jurisdiction"": ""Illinois""}"
116d39507d6bb61c0dec66872bd13e1c.pdf,"{""effective_date"": ""2020-01-13"", ""jurisdiction"": ""Oregon"", ""party"": [""John J. Donahoe Ii"", ""Nike Inc.""]}","{""effective_date"": ""2020-01-13"", ""party"": [""John J. Donahoe II"", ""NIKE, Inc."", ""Monique Matheson""], ""jurisdiction"": ""Oregon""}"
1058cd8d541c0622ad959facd34235ea.pdf,"{""jurisdiction"": ""New York"", ""party"": [""Xinyuan Real Estate Co. Ltd.""]}","{""jurisdiction"": ""Cayman Islands"", ""party"": [""Employee"", ""Xinyuan Real Estate Co., Ltd.""]}"
154d30f607c74aa8a5f582bf84f7a5e2.pdf,"{""effective_date"": ""2008-01-01"", ""jurisdiction"": ""Delaware"", ""party"": [""Verso Paper Holdings LLC"", ""Peter H. Kesser""]}","{""effective_date"": ""2008-01-01"", ""party"": [""Verso Paper Holdings LLC"", ""Peter H. Kesser""], ""jurisdiction"": ""Delaware""}"
199fba43ae70b39cc4a2b4ebdb96b5df.pdf,"{""effective_date"": ""2010-09-07"", ""jurisdiction"": ""Delaware"", ""party"": [""Benny Ward"", ""Biodelivery Sciences International Inc.""]}","{""effective_date"": ""2010-09-07"", ""jurisdiction"": ""Delaware"", ""party"": [""Benny Ward"", ""BioDelivery Sciences International, Inc."", ""Mark A. Sirgo""]}"
170c3523298f4c60ae0935d7f800330d.pdf,"{""jurisdiction"": ""Delaware"", ""party"": [""Coupa Software Inc.""]}","{""jurisdiction"": ""Delaware"", ""party"": [""Coupa Software Incorporated"", ""Director""]}"
1897d60f2aaa58656bc4825339a59266.pdf,"{""effective_date"": ""2011-05-16"", ""jurisdiction"": ""Illinois"", ""party"": [""Heidrick and Struggles Inc."", ""Richard W. Pehlke""], ""term"": ""5 years""}","{""jurisdiction"": ""Illinois"", ""effective_date"": ""2011-05-16"", ""party"": [""Heidrick & Struggles, Inc."", ""Second Party""]}"
166bf14efa1bffc8a4eb590fd598c7f7.pdf,"{""effective_date"": ""2008-09-10"", ""jurisdiction"": ""Florida"", ""party"": [""Net Talk.Com Inc.""]}","{""effective_date"": ""2008-09-10"", ""jurisdiction"": ""Florida"", ""party"": [""Net Talk.com, Inc."", ""Employee""]}"
19d0cc3894d25d570fc28283ff763ba7.pdf,"{""jurisdiction"": ""California"", ""party"": [""Cisco Systems Inc.""], ""term"": ""5 years""}","{""jurisdiction"": ""California"", ""party"": [""Cisco Systems, Inc."", ""Name Name""], ""term"": ""30 days""}"
15398fb3b5f357981a8be88dc4bb376e.pdf,"{""jurisdiction"": ""Pennsylvania"", ""party"": [""L. B. Foster Company"", ""Legion Partners Asset Management LLC""]}","{""effective_date"": ""2016-02-12"", ""party"": [""L. B. Foster Company"", ""Legion Partners Asset Management, LLC""], ""term"": ""Evaluation Material"", ""jurisdiction"": ""Pennsylvania""}"
1a5847e0b968e25ddcf41ac9c6fc63b4.pdf,"{""effective_date"": ""2013-11-11"", ""jurisdiction"": ""Missouri"", ""party"": [""Emerson Electric Co."", ""Craig W. Ashmore""]}","{""effective_date"": ""2013-11-11"", ""jurisdiction"": ""Missouri"", ""party"": [""Craig W. Ashmore""]}"
1aed5c5a68d56197c9c1756396fd2c0d.pdf,"{""effective_date"": ""2001-03-26"", ""jurisdiction"": ""Oregon"", ""party"": [""Charles D. Denson"", ""Nike Inc.""]}","{""party"": [""Charles D. Denson"", ""Nike Inc."", ""Philip H. Knight""], ""effective_date"": ""2001-03-26"", ""jurisdiction"": ""Oregon""}"
1bff75467e9f1585cf9913482d578d74.pdf,"{""jurisdiction"": ""Delaware"", ""party"": [""Vocus Inc."", ""Gtcr LLC""], ""term"": ""2 years""}","{""effective_date"": ""2013-12-20"", ""jurisdiction"": ""Delaware or United States District Court for the District of Delaware"", ""term"": ""Second anniversary of the date hereof""}"
1d43f9810804edab74b1d3388e3ecbca.pdf,"{""jurisdiction"": ""Illinois"", ""party"": [""Oak Brook Bancshares Inc."", ""Oak Brook Bank""]}","{""jurisdiction"": ""Illinois""}"
1c1705ebb86fb8c9ddd2c765d1d59486.pdf,"{""effective_date"": ""2014-11-14"", ""jurisdiction"": ""Connecticut"", ""party"": [""John Michael Magouirk"", ""Colt's Manufacturing Company LLC""]}","{""effective_date"": ""2014-11-14"", ""party"": [""John Michael Magnikir"", ""Cot's Manufacturing Company LLC""], ""jurisdiction"": ""Connecticut""}"
1ebe90010883632839adf34be282271b.pdf,"{""effective_date"": ""2005-05-04"", ""party"": [""Silver Valley Capital"", ""Sterling Mining Company"", ""Kimberly Gold Mines Inc."", ""Shoshone Silver Mining Company"", ""Michael L. Mooney""], ""jurisdiction"": ""Idaho""}","{""effective_date"": ""2005-05-04"", ""party"": [""Silver Valley Capital"", ""Sterling Mining Company"", ""Kimberly Gold Mines, Inc."", ""Shoshone Silver Mining Company"", ""Michael L. Mooney""], ""jurisdiction"": ""Idaho"", ""term"": ""indefinite""}"
1a22349aa8f7f1dab06923e1f1df6e8e.pdf,"{""effective_date"": ""2014-03-21"", ""jurisdiction"": ""Delaware"", ""party"": [""Intel Corporation"", ""Cloudera Inc.""]}","{""effective_date"": ""2014-03-21"", ""party"": [""Intel Corporation"", ""Cloudera, Inc.""], ""jurisdiction"": ""Delaware""}"
1b851a77e5a24dcf064e29959d49e583.pdf,"{""jurisdiction"": ""Delaware"", ""party"": [""Georgia-Pacific LLC"", ""Buckeye Technologies Inc.""], ""term"": ""2 years""}","{""effective_date"": ""2013-01-30"", ""jurisdiction"": ""United States"", ""party"": [""Georgia-Pacific LLC"", ""Buckeye Technologies Inc.""], ""term"": ""This Agreement shall expire upon the date that is two years after the date of this Agreement.""}"
1c36bbc314ee3f0cbe059d15d4fdd36a.pdf,"{""effective_date"": ""2015-11-28"", ""jurisdiction"": ""Nevada"", ""party"": [""Affinity Gaming"", ""Z Capital Partners LLC""], ""term"": ""2 years""}","{""effective_date"": ""2015-11-28"", ""jurisdiction"": ""Nevada"", ""party"": [""Affinity Gaming"", ""Z Capital Partners L.L.C.""]}"
1c8babc8a7299e82486a96a3ced4424a.pdf,"{""effective_date"": ""2007-03-24"", ""jurisdiction"": ""New York"", ""party"": [""Lone Star U.S. Acquisitions LLC"", ""Accredited Home Lenders Holding Co.""], ""term"": ""18 months""}","{""effective_date"": ""2007-03-24"", ""party"": [""Lone Star U.S. Acquisitions, LLC"", ""Accredited Home Lenders Holding Co.""], ""jurisdiction"": ""State of New York""}"
1f41426812f1d8b1bcf30a6f37a12d51.pdf,"{""effective_date"": ""2012-08-01"", ""jurisdiction"": ""Florida"", ""party"": [""Aerosonic Corporation"", ""Transdigm Group Inc.""], ""term"": ""2 years""}","{""effective_date"": ""2012-08-01"", ""party"": [""Aerosonic Corporation"", ""TransDigm Group""], ""term"": ""Two years"", ""jurisdiction"": ""United States""}"
22526e24107177141dc9b66afed7106d.pdf,"{""effective_date"": ""2011-05-05"", ""jurisdiction"": ""Delaware"", ""party"": [""Interactive Data Corporation"", ""Andrew Prozes""]}","{""jurisdiction"": ""Delaware"", ""effective_date"": ""2011-05-05""}"
21fe1db5dd403579a003316a848581d5.pdf,"{""effective_date"": ""2008-07-22"", ""jurisdiction"": ""Delaware"", ""party"": [""North American Galvanizing and Coating Inc."", ""Azz Inc.""], ""term"": ""2 years""}","{""effective_date"": ""2008-07-22"", ""party"": [""North American Galvanizing & Coating, Inc."", ""AZZ Incorporated""], ""jurisdiction"": ""Delaware"", ""term"": ""Two years from the date of execution""}"
22a9ca6c51304892ecda7c2a7c247d45.pdf,"{""effective_date"": ""2007-03-15"", ""jurisdiction"": ""Minnesota"", ""party"": [""Enpath Medical Inc."", ""Greatbatch Inc.""]}","{""effective_date"": ""2007-03-15"", ""party"": [""Mr. Thomas Hook"", ""Greatbatch, Inc."", ""Thomas Hook"", ""Enpath Medical, Inc.""], ""jurisdiction"": ""Minnesota""}"
232b3bee703427df8e9893e4a52d5d60.pdf,"{""jurisdiction"": ""Virginia""}","{""jurisdiction"": ""United States""}"
2385feca03476ca2bf9acca525a12a60.pdf,"{""effective_date"": ""2009-11-19"", ""jurisdiction"": ""California"", ""party"": [""Diedrich Coffee Inc."", ""Green Mountain Coffee Roasters Inc.""], ""term"": ""2 years""}","{""effective_date"": ""2009-11-19"", ""party"": [""Diedrich Coffee, Inc."", ""Green Mountain Coffee Roasters, Inc.""], ""jurisdiction"": ""State of California""}"
262cbec0e0e10baf6ebff39ee57e457c.pdf,"{""effective_date"": ""2015-06-23"", ""jurisdiction"": ""New York"", ""party"": [""Raymond James and Associates Inc."", ""Providence Equity Partners LLC""], ""term"": ""18 months""}","{""effective_date"": ""2015-06-23"", ""jurisdiction"": ""New York"", ""party"": [""Providence Equity"", ""Marc Sheinbaum"", ""William S. Hughes""]}"
247166e0245431dcf97ee884f1f07e35.pdf,"{""effective_date"": ""2018-04-20"", ""jurisdiction"": ""Nevada"", ""party"": [""Elaine P. Wynn"", ""Wynn Resorts Ltd.""]}","{""effective_date"": ""2018-04-20"", ""jurisdiction"": ""Nevada"", ""party"": [""Elaine P. Wynn"", ""Wynn Resorts, Limited""]}"
2464daf5ceb9add8636d6fcb3c803d29.pdf,"{""effective_date"": ""2014-12-09"", ""jurisdiction"": ""California"", ""party"": [""Digipath Inc."", ""W-Net Inc.""], ""term"": ""1 year""}","{""effective_date"": ""2014-12-09"", ""jurisdiction"": ""Nevada"", ""party"": [""DigiPath, Inc."", ""W-Net, Inc."", ""W-NET, INC."", ""DIGIPATH, INC.""], ""term"": ""Until the first anniversary of the Effective Date""}"
2632c4c1238356489cab88d58e1a5fb0.pdf,"{""effective_date"": ""2006-05-05"", ""jurisdiction"": ""Washington"", ""party"": [""Infrastrux Group"", ""John Randell Higgins""]}","{""effective_date"": ""2006-05-05"", ""party"": [""InfrastruX Group"", ""John Randell Higgins""], ""jurisdiction"": ""Washington""}"
2676f4f5023b16823188032a01a73002.pdf,"{""jurisdiction"": ""New York"", ""party"": [""Maxwell Shoe Company Inc."", ""Jones Apparel Group Inc.""], ""term"": ""3 years""}","{""effective_date"": ""2004-06-08"", ""jurisdiction"": ""Massachusetts"", ""party"": [""Maxwell Shoe Company Inc."", ""Jones Apparel Group, Inc.""]}"
2b6c4aec04d54e5209ce1a38d854f9a5.pdf,"{""effective_date"": ""2012-04-11"", ""jurisdiction"": ""New York"", ""party"": [""One Equity Partners Iv LP"", ""Mmodal Inc.""], ""term"": ""18 months""}","{""effective_date"": ""2012-04-11"", ""party"": [""One Equity Partners IV, L.P."", ""MModal Inc.""], ""jurisdiction"": ""United States District Court for the Southern District of New York or any New York State court sitting in New York City""}"
2accf8fc15a4dbb428cf704ce263bf8e.pdf,"{""jurisdiction"": ""New York"", ""party"": [""Evercore Partners Services East LLC""]}","{""jurisdiction"": ""New York""}"
27399d0f17deeb8124b3ad8f3e4bb723.pdf,"{""jurisdiction"": ""Nevada"", ""party"": [""Glacier Bancorp Inc."", ""Glacier Bank"", ""Heritage Bancorp"", ""Heritage Bank Of Nevada""], ""term"": ""2 years""}","{""jurisdiction"": ""Nevada""}"
2ce3bbe2d6836d8b023c55883294fa63.pdf,"{""jurisdiction"": ""Wisconsin"", ""party"": [""Schneider""]}","{""jurisdiction"": ""Wisconsin"", ""party"": [""\u00abFirst_Name\u00bb \u00abLast_Name\u00bb""]}"
2ab67f26bc51d57492e3f27b244fae3e.pdf,"{""effective_date"": ""2015-03-16"", ""jurisdiction"": ""Texas"", ""party"": [""Charles H. Turner"", ""Pier 1 Services Company""]}","{""effective_date"": ""2015-02-10"", ""party"": [""Charles H. Turner"", ""Pier 1 Services Company"", ""Pier 1 Imports, Inc.""], ""jurisdiction"": ""Texas""}"
293f59373f6a966b13cd7463b4617a6f.pdf,"{""jurisdiction"": ""Georgia"", ""party"": [""Rms Titanic Inc."", ""Premier Exhibitions Inc."", ""Thomas Zaller"", ""Imagine Exhibitions Inc."", ""Imagine Exhibitions Inc."", ""Imagine Exhibitions Pte Ltd."", ""Tz Inc."", ""Kingsmen Exhibits Pte Ltd."", ""Kingsmen Creative Ltd.""]}","{""jurisdiction"": ""Singapore"", ""party"": [""RMS Titanic, Inc."", ""Premier Exhibitions, Inc."", ""Thomas Zaller"", ""Imagine Exhibitions, Inc."", ""Kingsmen Creative, Ltd."", ""Kingsmen"", ""Cherrin Wong"", ""Zaller""]}"
269af0222420f4f34e96ef9968b5027f.pdf,"{""effective_date"": ""2008-09-29"", ""jurisdiction"": ""Ohio"", ""party"": [""Michael A. Lynch"", ""Cardinal Health Inc.""]}","{""effective_date"": ""2008-09-29"", ""jurisdiction"": ""Ohio"", ""party"": [""Michael A. Lynch"", ""Cardinal Health, Inc."", ""George S. Barrett""]}"
2b72f7fc2e04f6f08a77d4162e3be3eb.pdf,"{""effective_date"": ""2002-07-16"", ""jurisdiction"": ""Virginia"", ""party"": [""Shire Us Inc."", ""New River Pharmaceuticals Inc.""], ""term"": ""5 years""}","{""effective_date"": ""2002-07-16"", ""jurisdiction"": ""Virginia"", ""party"": [""Shire US Inc."", ""New River Pharmaceuticals Inc."", ""Thomas Zulauf"", ""Shannon M. Kuhl, Esq."", ""Randal J. Kirk"", ""Martin Garcia"", ""Shannon M. Kuhl"", ""Eric Smart"", ""Patheon Inc."", ""Krish S. Krishnan""], ""term"": ""Non-Disclosure and Confidentiality Agreement dated as of July 16, 2002""}"
2a6a8d166f62b6920a894a34d853e0c1.pdf,"{""effective_date"": ""2014-04-15"", ""jurisdiction"": ""Massachusetts"", ""party"": [""World Energy Solutions Inc."", ""Enernoc Inc.""]}","{""effective_date"": ""2014-04-15"", ""jurisdiction"": ""Massachusetts"", ""party"": [""World Energy Solutions, Inc."", ""EnerNOC"", ""Enernoc, Inc."", ""EnerNOC, Inc."", ""World Energy""], ""term"": ""Exclusivity Period""}"
2f3749e14385bf1eba71c61fdbc6f29f.pdf,"{""effective_date"": ""2010-05-17"", ""jurisdiction"": ""Colorado"", ""party"": [""Victoria Industries Inc."", ""Robert A. Newson""]}","{""effective_date"": ""2010-05-17"", ""jurisdiction"": ""Nevada"", ""party"": [""Victoria Industries, Inc."", ""Robert A. Newson""], ""term"": ""The term of this Agreement commences on the Effective Date and ends at the end of Party-2's employment with Party-1.""}"
2f9077637a572fb939dfc6e8b08c4ad8.pdf,"{""effective_date"": ""2002-12-09"", ""jurisdiction"": ""Oregon"", ""party"": [""Tazo Tea Company"", ""Master Distributors Inc.""]}","{""effective_date"": ""2002-12-09"", ""jurisdiction"": ""Oregon"", ""party"": [""Tazo Tea Company"", ""Master Distributors, Inc.""]}"
318ee863f0384923c019b239c78b1d83.pdf,"{""effective_date"": ""2001-05-22"", ""jurisdiction"": ""Ohio"", ""party"": [""Aep Energy Services Inc."", ""Perot Systems Corporation""], ""term"": ""2 years""}","{""jurisdiction"": ""Ohio"", ""party"": [""AEP Energy Services, Inc."", ""Perot Systems Corporation""], ""term"": ""two years"", ""effective_date"": ""2001-05-22""}"
335560b5fec7cafc3b9822fb13113fa0.pdf,"{""effective_date"": ""2008-06-06"", ""jurisdiction"": ""New York"", ""party"": [""Ann Taylor Inc."", ""Brian Lynch""]}","{""jurisdiction"": ""Oregon"", ""effective_date"": ""2008-06-09"", ""party"": [""Mark G. Morrison"", ""Brian Lynch""]}"
332513ea156ad0fc36f0f84be998933b.pdf,"{""jurisdiction"": ""South Dakota"", ""party"": [""Trace Australia Pty. Ltd."", ""Advanced Id Corporation""], ""term"": ""2 years""}","{""effective_date"": ""2003-01-01"", ""jurisdiction"": ""Australia"", ""party"": [""Distributor"", ""Company"", ""Benefactor""], ""term"": ""Two years""}"
310d8f09b2f467f267982174ec014b20.pdf,"{""effective_date"": ""2015-11-16"", ""jurisdiction"": ""Delaware"", ""party"": [""Ii-Vi Inc."", ""Anadigics Inc.""], ""term"": ""2 years""}","{""effective_date"": ""2015-11-16"", ""party"": [""II-VI Incorporated"", ""Anadigics, Inc.""], ""term"": ""This Agreement shall continue in full force and effect for a period of two (2) years from the date hereof and then shall automatically expire and terminate."", ""jurisdiction"": ""Delaware""}"
366cab741b217eb6d2181c0292c989a7.pdf,"{""jurisdiction"": ""Maine"", ""party"": [""Rural Cellular Corporation"", ""Saco River Telegraph and Telephone Company""]}","{""jurisdiction"": ""State of Maine"", ""party"": [""Larger Shareholder"", ""Rural Cellular Corporation""], ""term"": ""One year""}"
32c80a90ff2ddb11f7241081dcf8d6ba.pdf,"{""effective_date"": ""2009-01-09"", ""jurisdiction"": ""Missouri"", ""party"": [""Thomas T. Riley"", ""Savvis Inc.""]}","{""effective_date"": ""2009-01-09"", ""jurisdiction"": ""Delaware"", ""party"": [""Thomas T. Riley"", ""SAVVIS, INC."", ""Mary Ann Altergott""], ""term"": ""The Agreement will remain in effect until the Executive\u2019s employment with the Company terminates for any reason.""}"
3504e06a49433c1456720513186da1bd.pdf,"{""jurisdiction"": ""Indiana"", ""party"": [""Techniscan Medical Systems Inc."", ""The Anson Group LLC""]}","{""party"": [""TechniScan Medical Systems, Inc."", ""The Anson Group, LLC"", ""Anson Group, LLC""], ""jurisdiction"": ""United States and State of Indiana"", ""term"": ""three years from the date of termination""}"
369515a9d77c4ae3f5ae876a051abf25.pdf,"{""jurisdiction"": ""Missouri"", ""party"": [""Epiq Systems Inc."", ""St. Denis J. Villere and Company L.L.C.""], ""term"": ""2 years""}","{""term"": ""Confidential Information"", ""jurisdiction"": ""Missouri"", ""party"": [""George Young"", ""Skadden, Arps, Slate, Meagher & Flom LLP""]}"
3525bcfe006326a6b43dc0974d5185df.pdf,"{""effective_date"": ""2012-12-07"", ""jurisdiction"": ""Minnesota"", ""party"": [""Caribou Coffee Company Inc."", ""Jab Beech Inc.""]}","{""effective_date"": ""2012-12-07"", ""jurisdiction"": ""Washington, DC"", ""party"": [""JAB Beech Inc."", ""Caribou Coffee Company, Inc.""]}"
3833e3de6d115e063fe117c09d4104e7.pdf,"{""jurisdiction"": ""Massachusetts"", ""party"": [""Vistaprint Usa Inc."", ""Anne Drapeau""]}","{""party"": [""VistaPrint USA, Incorporated"", ""Anne Drapeau"", ""Vistaprint USA, Incorporated""], ""jurisdiction"": ""Commonwealth of Massachusetts""}"
36956818d96973656d2306e17a8b6013.pdf,"{""effective_date"": ""2011-02-08"", ""jurisdiction"": ""Delaware"", ""party"": [""Technology Research Corporation"", ""Coleman Cable Inc.""]}","{""jurisdiction"": ""State of Delaware"", ""effective_date"": ""2011-02-08"", ""party"": [""COLEMAN CABLE, INC."", ""TECHNOLOGY RESEARCH CORPORATION""]}"
370f080c689b6c4bdd2c88b7de244d76.pdf,"{""effective_date"": ""2005-05-31"", ""jurisdiction"": ""Illinois"", ""party"": [""Cdw"", ""Promark Technology Inc.""]}","{""effective_date"": ""2005-05-31"", ""party"": [""CDW Contracting Party"", ""Promark Technology, Inc."", ""The CDW Contracting Party""], ""jurisdiction"": ""Illinois""}"
38880ce87b3a20784951088adb655aa3.pdf,"{""effective_date"": ""2007-02-14"", ""jurisdiction"": ""Illinois"", ""party"": [""Walgreen Co."", ""Option Care Inc.""], ""term"": ""2 years""}","{""effective_date"": ""2007-02-14"", ""jurisdiction"": ""Illinois"", ""party"": [""Walgreens"", ""Option Care""], ""term"": ""Two years or until earlier termination""}"
376f9746de69416a9561e92517c356ee.pdf,"{""effective_date"": ""1999-08-24"", ""jurisdiction"": ""Indiana"", ""party"": [""Joseph Chalhoub"", ""Heritage-Crystal Clean LLC""]}","{""effective_date"": ""1999-08-24"", ""jurisdiction"": ""Westmount, Quebec"", ""party"": [""Joseph Chalhoub"", ""Heritage-Crystal Clean, LLC"", ""Crystal Clean"", ""Executive""]}"
3e1e64647eaf883d7b49aba5dce0926a.pdf,"{""jurisdiction"": ""North Carolina"", ""party"": [""Pozen Inc."", ""Adrian Adams""]}","{""jurisdiction"": ""North Carolina"", ""party"": [""POZEN INC."", ""Adrian Adams""]}"
3ab5afcaf885ec2c6b1c7c87a5d98986.pdf,"{""effective_date"": ""2008-03-05"", ""jurisdiction"": ""California"", ""party"": [""Cv Therapeutics Inc."", ""Gilead Sciences Inc.""], ""term"": ""5 years""}","{""effective_date"": ""2008-03-05"", ""jurisdiction"": ""California"", ""party"": [""CV Therapeutics, Inc."", ""Gilead Sciences, Inc.""]}"
3acc6f6bdad6eaaf7ab21faea5ea95fa.pdf,"{""effective_date"": ""2009-03-25"", ""jurisdiction"": ""California"", ""party"": [""Ixia"", ""Catapult Communications Corporation""], ""term"": ""1 year""}","{""effective_date"": ""2009-03-25"", ""jurisdiction"": ""California and Nevada"", ""party"": [""IXIA"", ""CATAPULT COMMUNICATIONS CORPORATION""]}"
3c19cab83f40f722fc8c1432299d7655.pdf,"{""effective_date"": ""2014-07-10"", ""jurisdiction"": ""Maine"", ""party"": [""Bar Harbor Bankshares"", ""Richard Maltz""]}","{""effective_date"": ""2014-07-10"", ""jurisdiction"": ""Maine"", ""party"": [""Bar Harbor Bankshares"", ""Richard Maltz"", ""Executive""]}"
39610c6bf605fdd8d0d9bcb2aacb5e74.pdf,"{""jurisdiction"": ""New Jersey"", ""party"": [""Cognizant Technology Solutions Corporation""]}","{""jurisdiction"": ""California"", ""party"": [""Employee"", ""Company"", ""Cognizant Technology Solutions Corporation"", ""[insert information]""], ""term"": ""This Agreement shall continue in full force and effect for the duration of Employee\u2019s employment with the Company; provided, however, that after the termination of Employee\u2019s employment during the term of this Agreement, this Agreement shall remain in effect until all of the obligations of the Parties hereunder are satisfied or have expired.""}"
3f85d1e60e155de4d89f90dd50561e51.pdf,"{""jurisdiction"": ""Georgia"", ""party"": [""Gentiva Health Services Inc.""]}","{""jurisdiction"": ""State of Georgia"", ""party"": [""Gentiva Health Services, Inc."", ""Employee""]}"
435a0f577af080017a53be085d366971.pdf,"{""jurisdiction"": ""Oregon"", ""party"": [""Nike Inc.""]}","{""jurisdiction"": ""Oregon""}"
4211392caaa68235bda27fe40fcf9212.pdf,"{""jurisdiction"": ""Kansas"", ""party"": [""Yrc Worldwide Inc.""]}","{""effective_date"": ""2009-04-01"", ""jurisdiction"": ""Oregon""}"
40195c43454bb219922c8132af9c909c.pdf,"{""effective_date"": ""2018-01-01"", ""jurisdiction"": ""Missouri"", ""party"": [""Leggett and Platt Inc."", ""Jack Crusa""], ""term"": ""3 years""}","{""effective_date"": ""2018-01-01"", ""jurisdiction"": ""Missouri"", ""party"": [""Leggett & Platt, Incorporated"", ""Jack Crusa"", ""Jack D. Crusa"", ""Scott S. Douglas""], ""term"": ""three years""}"
3e8ca94003354022fd0f031eea25aec5.pdf,"{""effective_date"": ""2007-01-10"", ""jurisdiction"": ""Missouri"", ""party"": [""Build-A-Bear Workshop Inc."", ""Dave Finnegan""], ""term"": ""3 years""}","{""effective_date"": ""2007-01-10"", ""jurisdiction"": ""Missouri"", ""party"": [""Build-A-Bear Workshop, Inc."", ""Dave Finnegan"", ""Employee"", ""Company""]}"
4190435db84ff3f203d1348a588786cb.pdf,"{""effective_date"": ""2018-03-15"", ""jurisdiction"": ""Georgia"", ""party"": [""Citi Trends Inc."", ""Stuart Clifford""]}","{""jurisdiction"": ""State of Georgia""}"
435fb4cdacfab964d3f243d3002a903b.pdf,"{""jurisdiction"": ""Delaware"", ""party"": [""Jll Partners Inc."", ""Bioclinica Inc.""], ""term"": ""18 months""}","{""effective_date"": ""2012-10-15"", ""party"": [""JLL Partners, Inc."", ""BioClinica, Inc.""], ""term"": ""eighteen months"", ""jurisdiction"": ""Delaware""}"
411633d4b0a9472564e5820a12ed14df.pdf,"{""effective_date"": ""2010-03-17"", ""jurisdiction"": ""New York"", ""party"": [""Icx Technologies Inc."", ""Flir Systems Inc.""], ""term"": ""2 years""}","{""effective_date"": ""2010-03-17"", ""jurisdiction"": ""Oregon"", ""party"": [""FLIR Systems, Inc."", ""Stone Key""]}"
432b1e62deca99f4510ca4ebded0e667.pdf,"{""effective_date"": ""2007-05-17"", ""jurisdiction"": ""California"", ""party"": [""Biosite Inc."", ""Inverness Medical Innovations Inc."", ""Kenneth Buechler""]}","{""effective_date"": ""2007-05-17"", ""jurisdiction"": ""Delaware"", ""party"": [""INVERNESS MEDICAL INNOVATIONS, INC."", ""BIOSITE INCORPORATED""]}"
41a5c23ade4478c4c34200f2088da140.pdf,"{""jurisdiction"": ""New York"", ""party"": [""Superior Essex Inc."", ""Ls Cable Ltd.""], ""term"": ""3 years""}","{""effective_date"": ""2008-04-22"", ""jurisdiction"": ""Korea"", ""party"": [""LS Cable Ltd."", ""Superior Essex Inc.""], ""term"": ""three years""}"
48ea1356bbca6bde4defd0879b83d9b5.pdf,"{""jurisdiction"": ""Texas"", ""party"": [""Mavenir Systems Inc.""]}","{""jurisdiction"": ""Texas""}"
4b98c7cfb5b715a77cd657209da58aa2.pdf,"{""jurisdiction"": ""California"", ""party"": [""Boingo Wireless Inc.""]}","{""jurisdiction"": ""California""}"
493ef7e50f4c6d6d506180e77608f9bb.pdf,"{""effective_date"": ""2009-02-02"", ""jurisdiction"": ""Delaware"", ""party"": [""Caddystats Inc.""]}","{""party"": [""Corpsense Consulting"", ""Caddystats, Inc."", ""Marc Cremini"", ""MICHEAL P. NUGENT""], ""jurisdiction"": ""Delaware"", ""effective_date"": ""2009-02-02""}"
480fcdb1b3d02989c11ace2c69bc9ba6.pdf,"{""effective_date"": ""2003-03-27"", ""jurisdiction"": ""Utah"", ""party"": [""Control4 Corporation"", ""William B. West""]}","{""jurisdiction"": ""Utah"", ""effective_date"": ""2003-03-27"", ""party"": [""William B. West"", ""W. Eric Smith""]}"
4d4100dcc541a7bedcd3e72a5abeba60.pdf,"{""effective_date"": ""2009-11-16"", ""jurisdiction"": ""New York"", ""party"": [""J. Crew Group Inc.""], ""term"": ""3 years""}","{""effective_date"": ""2009-11-16"", ""term"": ""three (3) years"", ""jurisdiction"": ""New York""}"
4b61ebe0ae19176364a51c755d7941ea.pdf,"{""effective_date"": ""2009-01-07"", ""jurisdiction"": ""California"", ""party"": [""Cost Plus Inc."", ""Stephens Investments Holdings LLC""]}","{""jurisdiction"": ""California"", ""party"": [""Warren A. Stephens""]}"
46b766a3ff00cb8bd64a014cd65d7db2.pdf,"{""jurisdiction"": ""Connecticut"", ""party"": [""Fsc Ct Inc.""]}","{""party"": [""Bernard D. Berman"", ""Ivelin M. Dimitrov"", ""Alexander C. Frank"", ""Todd G. Owens""], ""jurisdiction"": ""State of Connecticut, Fairfield County"", ""term"": ""Cause""}"
495f7d16921a1c8531be0844db0828a4.pdf,"{""effective_date"": ""2011-02-01"", ""jurisdiction"": ""Ohio"", ""party"": [""The Citizens Bank Of Logan"", ""John Demmler""]}","{""effective_date"": ""2011-02-01"", ""jurisdiction"": ""Ohio"", ""party"": [""The Citizens Bank of Logan"", ""John Demmler"", ""John E. Demmler""]}"
4dc5c39e601cd476f4c2def0e6b96915.pdf,"{""effective_date"": ""1996-05-15"", ""jurisdiction"": ""South Carolina"", ""party"": [""Envirometrics Products Company"", ""Tom Wilkie""], ""term"": ""55.5 months""}","{""effective_date"": ""1996-05-15"", ""jurisdiction"": ""South Carolina"", ""party"": [""Envirometrics Products Company"", ""TOM WILKIE"", ""Thomas A. Wilkie""]}"
43b69303f4e6e3dcd8df323020a6453e.pdf,"{""effective_date"": ""2007-02-12"", ""jurisdiction"": ""Delaware"", ""party"": [""Xerox Corporation"", ""Global Imaging Systems Inc.""], ""term"": ""2 years""}","{""effective_date"": ""2007-02-12"", ""party"": [""Xerox Corporation"", ""Global Imaging Systems, Inc."", ""Participant""], ""jurisdiction"": ""Delaware, USA"", ""term"": ""This Agreement will terminate and no longer be of any force or effect two (2) years from the Effective Date.""}"
4dca42c1cd7e821ce47a4733959b06d3.pdf,"{""effective_date"": ""2011-03-22"", ""jurisdiction"": ""Texas"", ""party"": [""Amerisourcebergen Specialty Group Inc."", ""Corcept Therapeutics Inc.""], ""term"": ""1 year""}","{""effective_date"": ""2011-03-22"", ""jurisdiction"": ""Texas and California"", ""party"": [""AmerisourceBergen Specialty Group, Inc."", ""Corcept Therapeutics, Inc."", ""Concept Therapeutics, Inc.""]}"
53c8f90cfb5fb49177c9cb160e53f17b.pdf,"{""effective_date"": ""2004-08-03"", ""jurisdiction"": ""Delaware"", ""party"": [""Safenet Inc."", ""Datakey Inc.""], ""term"": ""1 year""}","{""effective_date"": ""2004-08-03"", ""party"": [""SafeNet, Inc."", ""Datakey, Inc.""], ""jurisdiction"": ""Delaware""}"
55f15a568c73cf6dc329af7786012d7e.pdf,"{""jurisdiction"": ""New York"", ""party"": [""Delcath Systems Inc.""]}","{""jurisdiction"": ""State of New York"", ""party"": [""Delcath Systems, Inc."", ""[Employee]""]}"
5b070e9583099dfdcddc9c9c811b7d44.pdf,"{""effective_date"": ""2016-05-05"", ""jurisdiction"": ""Pennsylvania"", ""party"": [""Endo International PLC"", ""Todd B. Sisitsky""]}","{""effective_date"": ""2016-05-05"", ""jurisdiction"": ""Ireland"", ""party"": [""Endo International plc"", ""Todd B. Sisitsky"", ""TPG Global, LLC""]}"
4fd432d8ce6796dabc17d3838d8539a2.pdf,"{""effective_date"": ""2010-03-16"", ""jurisdiction"": ""Massachusetts"", ""party"": [""Somanetics Corporation"", ""Tyco Healthcare Group LP""]}","{""effective_date"": ""2010-03-16"", ""jurisdiction"": ""Massachusetts"", ""party"": [""Tyco Healthcare Group LP"", ""Somanetics Corporation""]}"
4f0e455a90c53f8e40e09d324aab4ea3.pdf,"{""effective_date"": ""2007-02-28"", ""jurisdiction"": ""Georgia"", ""party"": [""The Coca-Cola Company"", ""Mary Minnick""]}","{""effective_date"": ""2007-02-28"", ""jurisdiction"": ""Oregon"", ""party"": [""Mary Minnick"", ""Geoffrey J. Kelly""]}"
4dd5eca6802e0f03214db3dfd4881638.pdf,"{""effective_date"": ""2011-07-14"", ""jurisdiction"": ""New York"", ""party"": [""Landry\u2019S Inc."", ""Morton\u2019S Restaurant Group Inc.""], ""term"": ""2 years""}","{""jurisdiction"": ""New York"", ""effective_date"": ""2011-07-14"", ""party"": [""Morton's Restaurant Group, Inc."", ""Landry's, Inc.""]}"
586c367e2c45ebd8b7ba96fcb6006bf6.pdf,"{""effective_date"": ""2007-10-11"", ""jurisdiction"": ""Pennsylvania"", ""party"": [""Neuromed Pharmaceuticals Inc."", ""Eugene Wright Iii""]}","{""effective_date"": ""2007-10-05"", ""jurisdiction"": ""New Jersey"", ""party"": [""C. Eugene Wright, III"", ""Neuromed Pharmaceuticals Inc."", ""Christopher C. Gallen, MD, PhD""]}"
4e504fabc29bf973874c6940e592625b.pdf,"{""effective_date"": ""2017-10-25"", ""jurisdiction"": ""New Jersey"", ""party"": [""Yu Zhou"", ""Genexosome Technologies Inc.""]}","{""effective_date"": ""2017-10-25"", ""jurisdiction"": ""Nevada"", ""party"": [""Yu Zhou"", ""GENEXOSOME TECHNOLOGIES INC.""]}"
5368d4c4212375ed16c50874d99d179d.pdf,"{""jurisdiction"": ""Texas"", ""party"": [""Exco Resources Inc.""], ""term"": ""15 months""}","{""term"": ""Superior Proposal"", ""jurisdiction"": ""Texas""}"
5d18471dc0cb8c824fe86d5899aeb24b.pdf,"{""effective_date"": ""2010-11-04"", ""jurisdiction"": ""Massachusetts"", ""party"": [""Interactive Data Corporation"", ""Raymond L. D\u2019Arcy""]}","{""jurisdiction"": ""Massachusetts"", ""effective_date"": ""2010-11-04""}"
62cc624d5929ea932a2c1945463e1322.pdf,"{""effective_date"": ""2011-10-20"", ""jurisdiction"": ""New York"", ""party"": [""Successfactors Inc."", ""Sap Ag""], ""term"": ""1 year""}","{""effective_date"": ""2011-10-20"", ""jurisdiction"": ""USA and Germany"", ""party"": [""SuccessFactors, Inc."", ""SAP AG""], ""term"": ""one year""}"
6a36b4507a0e2e9f93f2159e743adecd.pdf,"{""effective_date"": ""2014-12-16"", ""jurisdiction"": ""New York"", ""party"": [""American Realty Capital Properties Inc."", ""Gavin Brandon""]}","{""effective_date"": ""2014-12-16"", ""jurisdiction"": ""New York State"", ""party"": [""Employer"", ""Employee""]}"
6a1526e7b6044ef4589f657d13c2f61a.pdf,"{""effective_date"": ""2007-09-03"", ""jurisdiction"": ""Delaware"", ""party"": [""Danaher Corporation"", ""Tektronix Inc.""], ""term"": ""2 years""}","{""effective_date"": ""2007-09-03"", ""party"": [""Danaher Corporation"", ""Tektronix, Inc.""], ""jurisdiction"": ""Delaware""}"
64abe3bf110e45ead01aad142e549a45.pdf,"{""effective_date"": ""2012-10-30"", ""jurisdiction"": ""Delaware"", ""party"": [""Eqt Infrastructure Ii Ltd."", ""Westway Group Inc.""]}","{""effective_date"": ""2012-10-30"", ""jurisdiction"": ""Netherlands"", ""party"": [""Westway Group, Inc."", ""EQT Infrastructure II GP B.V.""]}"
6211e890a4e0b485e2aea5650bbcc8c1.pdf,"{""effective_date"": ""2013-05-13"", ""jurisdiction"": ""California"", ""party"": [""Avanir Pharmaceuticals Inc."", ""Otsuka Pharmaceutical Co. Ltd.""]}","{""effective_date"": ""2013-05-13"", ""jurisdiction"": ""Japan"", ""party"": [""Avanir Pharmaceuticals, Inc."", ""Otsuka Pharmaceutical Co., Ltd.""]}"
6542d2bf40e9b59abc61ad5ed7644852.pdf,"{""effective_date"": ""1994-10-06"", ""jurisdiction"": ""Oregon"", ""party"": [""Mark G. Parker"", ""Nike Inc.""]}","{""effective_date"": ""1994-10-06"", ""jurisdiction"": ""Oregon"", ""party"": [""Mark G. Parker"", ""Nike Inc."", ""Philip H. Knight""]}"
6750684aa13cb781eddb8f6fd9238e07.pdf,"{""effective_date"": ""2004-11-10"", ""jurisdiction"": ""North Carolina"", ""party"": [""Inspire Pharmaceuticals Inc."", ""Barry G. Pea""]}","{""party"": [""Inspire Pharmaceuticals, Inc."", ""Employee"", ""Barry G. Pea""], ""jurisdiction"": ""North Carolina"", ""effective_date"": ""2004-10-11""}"
5f542bf5a9d00298d7743fd2acbcbfd5.pdf,"{""effective_date"": ""2012-03-02"", ""jurisdiction"": ""Delaware"", ""party"": [""P.F. Chang\u2019S China Bistro Inc."", ""Centerbridge Advisors Ii LLC""], ""term"": ""2 years""}","{""effective_date"": ""2012-03-02"", ""party"": [""P.F. Chang\u2019s China Bistro, Inc."", ""Centerbridge Advisors II, LLC"", ""P.F. CHANG'S CHINA BISTRO, INC."", ""CENTERBRIDGE ADVISORS II, LLC""], ""term"": ""Representatives"", ""jurisdiction"": ""Delaware""}"
6e023262e1d6b3a98d36e937a55b59f5.pdf,"{""jurisdiction"": ""New York"", ""party"": [""Ann Taylor Inc."", ""Gary Muto""]}",{}
6ec8ff0b13d72fd1164419f10e8e7f41.pdf,"{""jurisdiction"": ""Massachusetts"", ""party"": [""Restorbio Inc."", ""Joan Mannick""]}","{""jurisdiction"": ""Commonwealth of Massachusetts""}"
6c0e2103cb185f28b0c1e9109c674836.pdf,"{""effective_date"": ""2007-03-19"", ""jurisdiction"": ""Delaware"", ""party"": [""Verso Paper Holdings LLC"", ""Michael Weinhold""]}","{""party"": [""Verso Paper Holdings LLC"", ""Michael Weinhold"", ""Ricardo Moncada""], ""jurisdiction"": ""State of Delaware"", ""effective_date"": ""2007-03-19""}"
719e1e9a02e3dcd2776e84261fc56900.pdf,"{""effective_date"": ""2008-09-01"", ""jurisdiction"": ""California"", ""party"": [""Thomas Properties Group Inc."", ""Paul S. Rutter""]}","{""effective_date"": ""2008-09-01"", ""party"": [""Thomas Properties Group, Inc."", ""Paul S. Rutter""], ""jurisdiction"": ""California""}"
7082d6dc98f0275c310f264c481abaf7.pdf,"{""effective_date"": ""2017-03-02"", ""jurisdiction"": ""Virginia"", ""party"": [""Virginia National Bank"", ""Glenn W. Rust""]}","{""effective_date"": ""2017-03-02"", ""party"": [""Glenn W. Rust"", ""Steven W. Blaine""], ""jurisdiction"": ""Virginia""}"
6ecf1846ef305f44deb8f5c64da3b999.pdf,"{""effective_date"": ""2003-01-21"", ""jurisdiction"": ""Massachusetts"", ""party"": [""Boston Safe Deposit and Trust Company"", ""James P. Palermo""]}","{""effective_date"": ""2003-01-21"", ""party"": [""Boston Safe Deposit & Trust Company"", ""Mellon Bank, N.A."", ""James P. Palermo"", ""Palermo"", ""BSD&T"", ""Linda B. Kane""], ""jurisdiction"": ""United States District Court or State Court""}"
6f4d9016a432cc2465d798c71d5d2e4f.pdf,"{""jurisdiction"": ""Missouri"", ""party"": [""Energizer Holdings Inc."", ""J. Patrick Mulcahy""]}","{""party"": [""ENERGIZER HOLDINGS, INC."", ""J. PATRICK MULCAHY"", ""ENERGIZER Holdings, Inc."", ""Eveready Battery Company, Inc."", ""Schick Manufacturing, Inc.""], ""jurisdiction"": ""Missouri""}"
60a77a6809d3c8817a9d5ea5745d43d2.pdf,"{""effective_date"": ""2014-09-18"", ""jurisdiction"": ""Florida"", ""party"": [""Robert J. Shovlin"", ""Neogenomics Inc.""], ""term"": ""2 years""}","{""effective_date"": ""2014-09-18"", ""party"": [""Robert J. Shovlin"", ""NeoGenomics, Inc.""], ""term"": ""The term of this Agreement shall be as follows: (i) in the event that Employee does not actually become an employee of the Company as contemplated by the Employment Agreement, then the Term shall be for a period of two years from the date of this Agreement; or (ii) in the event Employee does become an employee of the Company, then the term of this Agreement shall survive and continue to be in force and effect for two years following the termination of any employment"", ""jurisdiction"": ""Florida""}"
6ef3c1b23f4cc41fb6eb045cc9c21a1a.pdf,"{""effective_date"": ""2007-10-12"", ""jurisdiction"": ""New York"", ""party"": [""Adams Respiratory Therapeutics Inc."", ""Reckitt Benckiser PLC""]}","{""effective_date"": ""2007-10-12"", ""jurisdiction"": ""New York State and Federal courts in New York City"", ""party"": [""ADAMS RESPIRATORY THERAPEUTICS, INC."", ""RECKITT BENCKISER PLC""]}"
6c889ccacbb7001b067a36fd76a6a54c.pdf,"{""effective_date"": ""2008-02-07"", ""jurisdiction"": ""Delaware"", ""party"": [""Blackbaud Inc."", ""Kintera Inc.""], ""term"": ""3 years""}","{""effective_date"": ""2008-02-07"", ""jurisdiction"": ""Delaware"", ""party"": [""Blackbaud Inc."", ""Kintera, Inc."", ""Blackbaud, Inc.""], ""term"": ""Three years following the date of this Agreement""}"
73bfeebfeca04b3a804d844cbf16d7f3.pdf,"{""jurisdiction"": ""Washington"", ""party"": [""Papa Murphy's International LLC""]}","{""effective_date"": ""2014-03"", ""jurisdiction"": ""Washington""}"
724a6c9ea428637bd128cafb401b8a7e.pdf,"{""jurisdiction"": ""Massachusetts"", ""party"": [""Scholar Rock LLC""]}",{}
71f9594b698dfefb2c9021c092fe0347.pdf,"{""effective_date"": ""2006-11-22"", ""jurisdiction"": ""California"", ""party"": [""Mds Inc."", ""Ubs Securities LLC""], ""term"": ""3 years""}","{""effective_date"": ""2006-11-22"", ""jurisdiction"": ""Canada"", ""party"": [""Peter Brent"", ""MDS Inc.""]}"
72f91408258be59298f412dad65e3baa.pdf,"{""jurisdiction"": ""Wisconsin"", ""party"": [""Roundy\u2019S Inc.""]}","{""jurisdiction"": ""Wisconsin"", ""party"": [""Roundy's, Inc.""]}"
7684f321eb08514fa1794427e73479b9.pdf,"{""jurisdiction"": ""Illinois"", ""party"": [""Sears Holdings Corporation""]}","{""jurisdiction"": ""United States"", ""party"": [""Executive"", ""Sears Holdings Corporation""]}"
76e22bbecfc356222b824027786adedc.pdf,"{""effective_date"": ""2014-04-06"", ""jurisdiction"": ""Delaware"", ""party"": [""Vocus Inc."", ""Gtcr LLC""]}","{""effective_date"": ""2014-04-06"", ""jurisdiction"": ""Beltsville, MD 20705"", ""party"": [""Vocus, Inc."", ""GTCR LLC""]}"
782c651fc7cf288ec2f8857de0d6bb58.pdf,"{""effective_date"": ""2005-03-01"", ""jurisdiction"": ""Massachusetts"", ""party"": [""Boston Private Financial Holdings"", ""J.H. Cromarty""]}","{""effective_date"": ""2005-03-01"", ""jurisdiction"": ""State of Massachusetts"", ""party"": [""J.H. Cromarty"", ""Timothy L. Vaill""]}"
73cec195391b740e1185dd352ccae753.pdf,"{""effective_date"": ""2006-04-13"", ""jurisdiction"": ""New York"", ""party"": [""Burlington Coat Factory Holdings Inc."", ""Andrew Milstein""]}","{""effective_date"": ""2006-04-13"", ""jurisdiction"": ""Delaware"", ""party"": [""Burlington Coat Factory Holdings, Inc."", ""Andrew Milstein""], ""term"": ""Non-Competition and Confidentiality Agreement""}"
7496116e8680dac321f36147b6312411.pdf,"{""effective_date"": ""2014-07-24"", ""jurisdiction"": ""California"", ""party"": [""Actuate Corporation"", ""Open Text Corporation""], ""term"": ""18 months""}","{""jurisdiction"": ""Delaware"", ""party"": [""Actuate Corporation"", ""Open Text Corporation"", ""Thomas McKeever"", ""Gordon A. Davies""], ""effective_date"": ""2014-07-24""}"
71eb79f23dae6063d5c334bf057e9ab4.pdf,"{""effective_date"": ""2006-11-28"", ""jurisdiction"": ""New York"", ""party"": [""Shire Pharmaceuticals Inc."", ""L.E.K. Consulting LLC"", ""New River Pharmaceuticals Inc.""], ""term"": ""5 years""}","{""effective_date"": ""2006-11-28"", ""jurisdiction"": ""Delaware"", ""party"": [""Shire Pharmaceuticals, Inc."", ""L.E.K. Consulting LLC"", ""New River Pharmaceuticals Inc."", ""Shire Pharmaceuticals Inc"", ""New River Pharmaceuticals Inc""], ""term"": ""This Agreement shall become effective upon the effective Date and shall remain in effect for five (5) years from the Effective Date unless extended by the written consent of the Parties.""}"
7b000336caa6b4d83f97d836ff47a31b.pdf,"{""jurisdiction"": ""Massachusetts"", ""party"": [""Vistaprint Usa Inc.""]}","{""jurisdiction"": ""Massachusetts""}"
79b6066281288c2d1c2403fedab7a893.pdf,"{""jurisdiction"": ""Illinois"", ""party"": [""Florists\u2019 Transworld Delivery Inc.""]}","{""jurisdiction"": ""State of Illinois""}"
7c829782f18b4e438aad3f8303c8b6f7.pdf,"{""jurisdiction"": ""Utah"", ""party"": [""Usana Health Sciences Inc.""]}","{""jurisdiction"": ""State of Utah"", ""party"": [""USANA Health Sciences, Inc."", ""Eric Dean Sprunk""]}"
796aa7574c8e4717d31704518bac663f.pdf,"{""effective_date"": ""2014-06-10"", ""jurisdiction"": ""Ohio"", ""party"": [""Jeffrey W. Henderson"", ""Cardinal Health Inc.""]}","{""effective_date"": ""2014-06-10"", ""jurisdiction"": ""Ohio"", ""party"": [""Jeffrey W. Henderson"", ""Cardinal Health, Inc."", ""Carole Watkins""]}"
7cf3dfaf7afd9989de90cb3cbd8d6a83.pdf,"{""effective_date"": ""2004-04-26"", ""jurisdiction"": ""Washington"", ""party"": [""Microsoft Corporation"", ""Electronic Arts""]}","{""jurisdiction"": ""Washington"", ""party"": [""Electronic Arts Inc."", ""Microsoft Corporation""]}"
7c2d01f37f271540ebc035d46ee312cd.pdf,"{""jurisdiction"": ""Massachusetts"", ""party"": [""Vistaprint Usa Inc.""]}","{""party"": [""VistaPrint USA, Incorporated"", ""Employee"", ""Vistaprint USA, Incorporated""], ""jurisdiction"": ""Massachusetts""}"
79659d0946a4381a1a8ffdbc3231073e.pdf,"{""effective_date"": ""2007-05-17"", ""party"": [""Biosite Inc."", ""Inverness Medical Innovations Inc."", ""Gunars Valkirs""], ""jurisdiction"": ""California""}","{""effective_date"": ""2007-05-17"", ""jurisdiction"": ""Delaware"", ""party"": [""INVERNESS MEDICAL INNOVATIONS, INC."", ""BIOSITE INCORPORATED""]}"
79d27022b351e5ac875ebdfce2965d1b.pdf,"{""effective_date"": ""2013-01-22"", ""jurisdiction"": ""New York"", ""party"": [""J. Crew Group Inc."", ""Joan Durkin""], ""term"": ""3 years""}","{""effective_date"": ""2013-01-22"", ""party"": [""J. Crew Group, Inc."", ""affiliates"", ""Joan Durkin""], ""jurisdiction"": ""New York""}"
7a70407ab1772c94cae398698d72b024.pdf,"{""effective_date"": ""2004-08-24"", ""jurisdiction"": ""New Jersey"", ""party"": [""Mark A. Sirgo"", ""Biodelivery Sciences International Inc.""]}","{""effective_date"": ""2004-08-24"", ""jurisdiction"": ""Delaware"", ""party"": [""Mark A. Sirgo"", ""BioDelivery Sciences International, Inc."", ""Andrew L. Finn""]}"
7aaea789c153895efa4dc2cdb239bf7c.pdf,"{""effective_date"": ""2011-04-15"", ""jurisdiction"": ""Delaware"", ""party"": [""Lincare Holdings Inc."", ""Linde Ag""], ""term"": ""2 years""}","{""effective_date"": ""2011-04-15"", ""jurisdiction"": ""Germany"", ""party"": [""Lincare Holdings Inc."", ""Linde AG""], ""term"": ""two-year anniversary""}"
7cfa17a4165369964337c2f46c40e3a2.pdf,"{""jurisdiction"": ""Texas"", ""party"": [""Legacy Housing Corporation""]}","{""jurisdiction"": ""Texas"", ""party"": [""Legacy Housing Corporation""]}"
806858a7ab08e1c6ed751bfa1b036af4.pdf,"{""jurisdiction"": ""California"", ""party"": [""Alcis Health Inc.""]}","{""jurisdiction"": ""California"", ""party"": [""ALCIS HEALTH, INC."", ""Recipient""]}"
82b263d025fddef5a8048b34eed91942.pdf,"{""jurisdiction"": ""Pennsylvania"", ""party"": [""The Hershey Company""]}","{""jurisdiction"": ""Commonwealth of Pennsylvania"", ""party"": [""The Hershey Company"", ""Executive""]}"
825e7621085e6b7b0cfd23dc5d16a9b8.pdf,"{""effective_date"": ""2009-02-02"", ""jurisdiction"": ""Ohio"", ""party"": [""Red Mountain Capital Partners LLC"", ""Air Transport Services Group Inc.""]}","{""jurisdiction"": ""Ohio""}"
80b10762496b1fbcf86f729528d30fed.pdf,"{""effective_date"": ""2007-02-06"", ""jurisdiction"": ""Colorado"", ""party"": [""Precision Metal Manufacturing Inc."", ""Back 2 Health Ltd.""], ""term"": ""5 years""}","{""effective_date"": ""2007-02-06"", ""jurisdiction"": ""Colorado"", ""party"": [""Precision Metal Manufacturing, Inc."", ""Back 2 Health, Ltd."", ""PRECISION METAL MANUFACTURING, INC.""]}"
86a578a6e19238530935b1f54a554b36.pdf,"{""jurisdiction"": ""New York"", ""party"": [""Neighborcare Inc."", ""Omnicare Inc.""]}","{""effective_date"": ""2005-07-01"", ""jurisdiction"": ""State of New York"", ""party"": [""Disclosing Party""]}"
80e3a1f3abe306d4feb3b134c707bd07.pdf,"{""effective_date"": ""2005-10-12"", ""jurisdiction"": ""Delaware"", ""party"": [""Koch Industries Inc."", ""Georgia-Pacific Corporation""], ""term"": ""2 years""}","{""jurisdiction"": ""Delaware"", ""party"": [""Georgia-Pacific Corporation"", ""Koch Industries, Inc.""], ""term"": ""two (2) years""}"
86700bef2a964227f73f0dcd135616f7.pdf,"{""jurisdiction"": ""Virginia"", ""party"": [""Joseph M. Squeri"", ""Comstock Homebuilding Companies Inc.""]}","{""effective_date"": ""2010-08-01"", ""party"": [""Joseph M. Squeri"", ""Comstock Homebuilding Companies, Inc."", ""Employee""], ""jurisdiction"": ""Commonwealth of Virginia""}"
7ee46791374659e1fa47c692df3f0c8a.pdf,"{""effective_date"": ""2007-10-28"", ""jurisdiction"": ""California"", ""party"": [""Packeteer Inc."", ""Blue Coat Systems Inc.""]}","{""effective_date"": ""2007-10-28"", ""jurisdiction"": ""California"", ""party"": [""Packeteer, Inc."", ""Blue Coat Systems, Inc.""], ""term"": ""three years""}"
8a7fedc5ffa5c2ffa424753229b52943.pdf,"{""jurisdiction"": ""Nevada"", ""party"": [""Ags LLC"", ""Curt Mayer""]}","{""party"": [""AGS LLC"", ""Curt Mayer""], ""jurisdiction"": ""Nevada""}"
86e9c90fa3986691fcb140266f514c7d.pdf,"{""jurisdiction"": ""Delaware"", ""party"": [""Delphi Automotive LLP""]}","{""jurisdiction"": ""State of Delaware""}"
8ab95263bfe4f3d9d8080b97ee5f9781.pdf,"{""effective_date"": ""2006-04-13"", ""jurisdiction"": ""New York"", ""party"": [""Burlington Coat Factory Holdings Inc."", ""Monroe Milstein""]}","{""effective_date"": ""2006-04-13"", ""jurisdiction"": ""Delaware"", ""party"": [""Burlington Coat Factory Holdings, Inc."", ""Monroe Milstein""], ""term"": ""Noncompete Period""}"
9436bf2d6f219936711abf8357a054aa.pdf,"{""effective_date"": ""2008-09-10"", ""jurisdiction"": ""California"", ""party"": [""Hifn Inc."", ""Exar Corporation""], ""term"": ""1 year""}","{""effective_date"": ""2008-09-10"", ""party"": [""Hifn, Inc."", ""Exar Corporation""], ""jurisdiction"": ""California"", ""term"": ""One year""}"
92f9092809b0d99117cb69418566bdc2.pdf,"{""effective_date"": ""2008-12-12"", ""jurisdiction"": ""Texas"", ""party"": [""Netspend Corporation"", ""Jth Tax Inc.""], ""term"": ""1 year""}","{""effective_date"": ""2008-12-12"", ""jurisdiction"": ""Delaware"", ""party"": [""NetSpend Corporation"", ""JTH Tax Service""], ""term"": ""One year from the date of execution""}"
83a79ed689ef320a8f65e0268de91e10.pdf,"{""jurisdiction"": ""New Jersey"", ""party"": [""Cognizant Technology Solutions Corporation""]}","{""jurisdiction"": ""United States District Court for the District of New Jersey"", ""party"": [""Cognizant Technology Solutions Corporation""], ""term"": ""This Agreement shall continue in full force and effect for the duration of Employee\u2019s employment with the Company; provided, however, that after the termination of Employee\u2019s employment during the term of this Agreement, this Agreement shall remain in effect until all of the obligations of the Parties hereunder are satisfied or have expired.""}"
968fde7b3c8de1908029eab706e963e9.pdf,"{""effective_date"": ""2006-02-28"", ""jurisdiction"": ""New York"", ""party"": [""Gentiva Health Services Inc."", ""The Healthfield Group Inc."", ""Tony Strange""]}","{""effective_date"": ""2006-02-28"", ""jurisdiction"": ""Delaware"", ""party"": [""Gentiva Health Services, Inc."", ""Healthfield Group, Inc."", ""Weil, Gotshal & Manges LLP""], ""term"": ""Confidential Information""}"
9a5cb31024ad0a7a4916e4f122ebea4a.pdf,"{""jurisdiction"": ""Missouri"", ""party"": [""Savvis Inc.""]}","{""jurisdiction"": ""Missouri""}"
988f7c53c00bb333a4b7188738a25378.pdf,"{""effective_date"": ""2009-05-11"", ""jurisdiction"": ""New York"", ""party"": [""Api Nanotronics Corp."", ""Thomas W. Mills Sr.""]}","{""effective_date"": ""2009-05-11"", ""party"": [""API Nanotronics Corp."", ""API Electronics, Inc."", ""Thomas W. Mills, Sr.""], ""jurisdiction"": ""New York""}"
99dfb1027fcb9fe65c61777f264fdc88.pdf,"{""effective_date"": ""2012-07-09"", ""jurisdiction"": ""New Jersey"", ""party"": [""Ian Drysdale"", ""Heartland Payment Systems Inc.""]}","{""effective_date"": ""2012-07-09"", ""party"": [""Ian Drysdale"", ""Heartland Payment Systems, Inc.""], ""jurisdiction"": ""New Jersey""}"
99dcd3ce09b66f2e227179775677cca5.pdf,"{""effective_date"": ""2004-09-02"", ""jurisdiction"": ""California"", ""party"": [""Nstor Corporation Inc."", ""Xyratex Technology Ltd.""], ""term"": ""1 year""}","{""effective_date"": ""2004-09-02"", ""jurisdiction"": ""Delaware and England"", ""party"": [""nStor Corporation, Inc."", ""Xyratex Technology Limited""], ""term"": ""one year""}"
9f7a97fa1d4912d6312d0a03277c24a8.pdf,"{""effective_date"": ""2009-05-21"", ""jurisdiction"": ""New York"", ""party"": [""Evercore Partners Inc.""]}","{""effective_date"": ""2009-05-21"", ""party"": [""Evercore Partners Inc."", ""Employee""], ""jurisdiction"": ""New York""}"
9d70181e77cf74279fb6712c569da104.pdf,"{""effective_date"": ""2011-07-22"", ""jurisdiction"": ""Texas"", ""party"": [""Imperial Sugar Company"", ""Louis Dreyfus Commodities LLC""], ""term"": ""3 years""}","{""effective_date"": ""2011-07-22"", ""party"": [""Louis Dreyfus Commodities LLC""], ""jurisdiction"": ""State of Texas""}"
9eddc78f6cff5ce348e07fba2a374892.pdf,"{""jurisdiction"": ""New Jersey"", ""party"": [""Vitamin Shoppe Industuries Inc."", ""Renaissance Brands Ltd.""]}","{""effective_date"": ""2005-11"", ""jurisdiction"": ""New Jersey"", ""party"": [""Vitamin Shoppe Industries Inc."", ""Renaissance Brands Ltd.""]}"
9b0498c69fe511f0e244bf7722af4037.pdf,"{""effective_date"": ""2004-02-24"", ""party"": [""Brs- Hcc Investment Co. Inc."", ""Bruce C. Bruckmann"", ""Bruckmann Rosser Sherrill and Co. Ii LP"", ""Bruckmann Rosser Sherrill and Co. Inc."", ""Heritage-Crystal Clean LLC""], ""jurisdiction"": ""Illinois""}","{""effective_date"": ""2004-02-24"", ""party"": [""BRS-HCC"", ""Bruckmann, Rosser, Sherrill & Co., L.P."", ""Bruckmann, Rosser, Sherrill & Co., Inc."", ""Bruce C. Bruckmann"", ""Heritage-Crystal Clean, LLC""], ""jurisdiction"": ""Illinois""}"
a373847e741d0b4db97466b8964a66ae.pdf,"{""effective_date"": ""2018-10-01"", ""jurisdiction"": ""Missouri"", ""party"": [""Emerson Electric Co."", ""Edward L. Monser""]}","{""effective_date"": ""2018-10-01"", ""jurisdiction"": ""USA"", ""party"": [""Edward L. Monser"", ""David N. Farr"", ""Emerson Electric Co.""], ""term"": ""Non-Disclosure Agreement""}"
a1c8a16acba29200a9bf1caeccfaac90.pdf,"{""effective_date"": ""2014-02-19"", ""jurisdiction"": ""New York"", ""party"": [""Calpine Corporation"", ""Ls Power Equity Advisors LLC""], ""term"": ""1 year""}","{""effective_date"": ""2014-02-19"", ""jurisdiction"": ""Delaware"", ""party"": [""Calpine Corporation"", ""LS Power Equity Advisors, LLC""]}"
a527509f8b744d57fc406679ab2287e0.pdf,"{""effective_date"": ""2010-06-24"", ""jurisdiction"": ""Nevada"", ""party"": [""Ags LLC"", ""Bob Miodunski""]}","{""effective_date"": ""2010-06-24"", ""party"": [""AGS LLC"", ""Bob Miodunski""], ""jurisdiction"": ""Nevada""}"
a7218ec1b4c89421a3ce2ecd4ee5765e.pdf,"{""jurisdiction"": ""Kansas"", ""party"": [""Yrc Worldwide Inc."", ""Phil Gaines""]}","{""jurisdiction"": ""Kansas"", ""effective_date"": ""2009-11-24"", ""party"": [""Phil Gaines""]}"
a3ba9b969b390ce8ec0f62dde48f5a1f.pdf,"{""effective_date"": ""2007-05-22"", ""jurisdiction"": ""Delaware"", ""party"": [""Qiagen N.V."", ""Digene Corporation""]}","{""effective_date"": ""2007-05-22"", ""jurisdiction"": ""Netherlands"", ""party"": [""QIAGEN N.V."", ""Digeone""]}"
a61addc59a183d020f9639e422ddedd3.pdf,"{""effective_date"": ""2011-10-10"", ""jurisdiction"": ""Florida"", ""party"": [""Sri/Surgical Express Inc."", ""Richard Steeves""]}","{""jurisdiction"": ""Florida"", ""term"": ""five years"", ""effective_date"": ""2011-10-10"", ""party"": [""Synergy Health plc"", ""SRI/Surgical Express, Inc.""]}"
a87ebed40675b7ed9c2d4a0721abbefb.pdf,"{""jurisdiction"": ""Delaware"", ""party"": [""Idex Corporation""]}","{""jurisdiction"": ""Delaware""}"
a7f87c6d89e0c31214231c0f89a10476.pdf,"{""effective_date"": ""2009-03-04"", ""jurisdiction"": ""Oregon"", ""party"": [""Jeanne Jackson"", ""Nike Inc.""]}","{""party"": [""Jeanne Jackson"", ""Nike Inc."", ""Mark Parker""], ""effective_date"": ""2009-03-04"", ""jurisdiction"": ""Oregon""}"
b2260589869814f02769a4c307593043.pdf,"{""effective_date"": ""2007-04-19"", ""jurisdiction"": ""New York"", ""party"": [""Cardinal Health Inc."", ""Viasys Healthcare Inc.""], ""term"": ""2 years""}","{""effective_date"": ""2007-04-19"", ""jurisdiction"": ""State of New York""}"
ad8867327f8202a3e4175eb9bf93970b.pdf,"{""jurisdiction"": ""New York"", ""party"": [""Avon Products Inc.""]}","{""effective_date"": ""2018-03-26"", ""jurisdiction"": ""United Kingdom"", ""party"": [""Avon Products, Inc."", ""Barington"", ""Cravath, Swaine & Moore LLP"", ""Barington Capital Group, L.P."", ""Olshan Frome & Wolosky LLP""]}"
b3c1b4c6515acb64700d4ad2b43109f0.pdf,"{""effective_date"": ""2016-08-08"", ""jurisdiction"": ""Texas"", ""party"": [""Philip J. Hawk"", ""Team Industrial Services Inc.""]}","{""effective_date"": ""2016-08-08"", ""party"": [""Philip J. Hawk"", ""Team Industrial Services, Inc."", ""Team, Inc."", ""Mr. Hawk""], ""jurisdiction"": ""Texas""}"
b960e85adabccfba6d758948a1ecc804.pdf,"{""effective_date"": ""2007-07-23"", ""jurisdiction"": ""New York"", ""party"": [""Cognizant Technology Solutions Corporation"", ""Rajeev Mehta""]}","{""jurisdiction"": ""State of New York"", ""party"": [""Rajeev Mehta""]}"
b77f708578a647ba3da13feac42d65fc.pdf,"{""jurisdiction"": ""Florida"", ""party"": [""Faro Technologies Inc.""]}","{""effective_date"": ""2019-05-01"", ""jurisdiction"": ""Florida"", ""party"": [""FARO Technologies, Inc."", ""Employee"", ""Employer""]}"
b9d85575953a301d1581e4cfad80409a.pdf,"{""effective_date"": ""2009-02-03"", ""jurisdiction"": ""Delaware"", ""party"": [""Tyco Healthcare Group LP"", ""Vnus Medical Technologies Inc.""], ""term"": ""2 years""}","{""effective_date"": ""2009-02-03"", ""jurisdiction"": ""Delaware"", ""party"": [""Brian E. Farley"", ""Tyco Healthcare Group LP""], ""term"": ""Two years""}"
b928d4e298ac71de38b7f167e6f056de.pdf,"{""effective_date"": ""2016-07-14"", ""jurisdiction"": ""New York"", ""party"": [""Wizard World Inc."", ""Randall S. Malinoff""]}","{""effective_date"": ""2016-07-14"", ""jurisdiction"": ""California"", ""party"": [""Wizard World, Inc."", ""Randall S. Malinoff""], ""term"": ""This Agreement shall commence on the date hereof and shall terminate upon the termination of Employee\u2019s employment for any reason.""}"
c0aa169f5121198b37859459b63b8707.pdf,"{""jurisdiction"": ""Minnesota"", ""party"": [""The Travelers Companies Inc.""]}","{""jurisdiction"": ""United States"", ""party"": [""The Travelers Companies, Inc."", ""XXXX""]}"
b7783ba532f983dcda31187c61fd024f.pdf,"{""effective_date"": ""2007-05-31"", ""jurisdiction"": ""New Jersey"", ""party"": [""Plaintiff/Counter-Defendant Allendale Pharmaceuticals Inc.""]}","{""effective_date"": ""2007-05-31"", ""party"": [""Allendale Pharmaceuticals, Inc."", ""Radiant Technologies, Inc."", ""Today's WomenCare Company"", ""Synova Healthcare Group, Inc.""], ""jurisdiction"": ""Southern District of New York""}"
bd9446287c6cd3222d532f945684145e.pdf,"{""jurisdiction"": ""Oregon"", ""party"": [""Avi Biopharma Inc.""]}","{""effective_date"": ""2007-10-01"", ""jurisdiction"": ""Oregon"", ""party"": [""AVI"", ""BioPharma, Inc."", ""AVI BioPharma, Inc."", ""Recipient""]}"
bb874bf35c9ec19768d27fab8a4abb91.pdf,"{""effective_date"": ""2018-03-19"", ""jurisdiction"": ""Delaware"", ""party"": [""Armo Biosciences Inc."", ""Eli Lilly and Company""], ""term"": ""12 months""}","{""effective_date"": ""2018-03-19"", ""party"": [""ARMO Biosciences, Inc."", ""Eli Lilly and Company""], ""jurisdiction"": ""Delaware""}"
c14ccb5886fe78f6966af9d7e2f9c036.pdf,"{""jurisdiction"": ""Texas"", ""party"": [""American Campus Communities Inc.""]}","{""term"": ""Term of Employment"", ""jurisdiction"": ""Texas""}"
c6ea3c2b6270e539f43a6907ccc7cf4c.pdf,"{""jurisdiction"": ""Colorado"", ""party"": [""Lightwave Logic Inc.""]}","{""jurisdiction"": ""Colorado""}"
c4ccca5a5502597fc4a75b4ca50337df.pdf,"{""effective_date"": ""1991-08-01"", ""jurisdiction"": ""California"", ""party"": [""Intel Corporation""]}","{""effective_date"": ""1991-08-01"", ""jurisdiction"": ""California"", ""party"": [""Intel Corporation"", ""Participant""]}"
c860715fa71346ae77f54b5a8ae204bd.pdf,"{""jurisdiction"": ""Indiana"", ""party"": [""Zimmer Inc.""]}","{""jurisdiction"": ""Indiana""}"
c7012e8f9e3b200fe5f1f379ad0bce4b.pdf,"{""effective_date"": ""2010-03-02"", ""jurisdiction"": ""Pennsylvania"", ""party"": [""Endo Pharmaceuticals Inc."", ""Healthtronics Inc.""]}","{""effective_date"": ""2010-03-02"", ""jurisdiction"": ""United States"", ""party"": [""Endo Pharmaceuticals Inc."", ""HealthTronics, Inc."", ""Healthtronics, Inc.""]}"
c6d4a02258909dfd134093de86f99327.pdf,"{""effective_date"": ""2014-01-31"", ""jurisdiction"": ""Delaware"", ""party"": [""Insite Vision Incorporation"", ""Sun Pharmaceutical Industries Ltd.""], ""term"": ""3 years""}","{""effective_date"": ""2014-01-31"", ""jurisdiction"": ""India"", ""party"": [""InSite Vision Incorporation"", ""SUN PHARMACEUTICAL INDUSTRIES LTD"", ""Jones Day""], ""term"": ""three years from the date of this Agreement""}"
c4864a04768c67b61084ef76ef855472.pdf,"{""effective_date"": ""2011-08-11"", ""jurisdiction"": ""Delaware"", ""party"": [""Amgen Inc."", ""Micromet Inc.""], ""term"": ""18 months""}","{""effective_date"": ""2011-08-11"", ""jurisdiction"": ""Delaware"", ""party"": [""Amgen Inc."", ""Micromet, Inc.""]}"
c58882f7f9c693e3f6c11d0f945f395e.pdf,"{""effective_date"": ""2006-08-08"", ""jurisdiction"": ""New York"", ""party"": [""J. Crew Group Inc.""], ""term"": ""3 years""}","{""term"": ""three (3) years"", ""effective_date"": ""2006-08-08"", ""jurisdiction"": ""New York"", ""party"": [""Libby Wadle""]}"
c8320bae68768cef9ac921bf62997f05.pdf,"{""effective_date"": ""2015-05-18"", ""jurisdiction"": ""New York"", ""party"": [""Carlyle Investment Management LLC"", ""Blyth Inc.""], ""term"": ""2 years""}","{""effective_date"": ""2015-05-18"", ""party"": [""Carlyle Investment Management L.L.C."", ""Blyth, Inc.""], ""jurisdiction"": ""State of New York""}"
c2149cc784d2d783c2de0c7b2f02a12f.pdf,"{""effective_date"": ""2002-05-16"", ""jurisdiction"": ""California"", ""party"": [""Intertrust Technologies Corporation"", ""Sony Corporation Of America""], ""term"": ""7 months""}","{""effective_date"": ""2002-05-16"", ""jurisdiction"": ""California"", ""party"": [""InterTrust Technologies Corporation"", ""Sony Corporation of America""]}"
c94fdb196d2502f60e21793b387023de.pdf,"{""effective_date"": ""2009-01-17"", ""jurisdiction"": ""Delaware"", ""term"": ""3 years""}","{""effective_date"": ""2009-01-17"", ""jurisdiction"": ""California"", ""party"": [""eBay Inc."", ""Mr. Lee"", ""Gmarket"", ""eBay""], ""term"": ""eighteen months""}"
cf7220567752eec2fddcd50c7ca827cb.pdf,"{""jurisdiction"": ""California"", ""party"": [""Acologix Inc.""]}","{""jurisdiction"": ""California""}"
cbbcc01ea9cfa4ec8bfa27f0f9f71088.pdf,"{""jurisdiction"": ""Massachusetts"", ""party"": [""The Marblehead Corporation""]}","{""jurisdiction"": ""United States""}"
ccbc824d314554aa3413b07bef70618d.pdf,"{""effective_date"": ""2006-11-08"", ""jurisdiction"": ""Ohio"", ""party"": [""Mark Parrish"", ""Cardinal Health Inc.""]}","{""effective_date"": ""2006-11-08"", ""party"": [""Mark Parrish"", ""Cardinal Health, Inc.""], ""jurisdiction"": ""Ohio""}"
d022d8bf8c1c63e1e018ce081404b552.pdf,"{""effective_date"": ""2001-12-03"", ""jurisdiction"": ""California"", ""party"": [""Palm Inc."", ""Palmsource Inc.""]}","{""effective_date"": ""2001-12-03"", ""party"": [""Palm Inc."", ""Palmsource Inc."", ""Palm, Inc."", ""PalmSource, Inc.""], ""jurisdiction"": ""Delaware""}"
ca73abb1bc8bdd8cdf09d90bb0146cf3.pdf,"{""effective_date"": ""2007-07-03"", ""jurisdiction"": ""Pennsylvania"", ""party"": [""Orthovita Inc."", ""Maarten Persenaire""]}","{""effective_date"": ""2007-07-03"", ""jurisdiction"": ""Pennsylvania"", ""party"": [""Orthovita Inc."", ""Maarten Persearene""], ""term"": ""April 15, 1999""}"
cf34c9403e0092eca75ed9fc61284268.pdf,"{""effective_date"": ""2018-01-15"", ""jurisdiction"": ""Illinois"", ""party"": [""Deann O'donovan"", ""Ahp Servicing LLC""]}","{""effective_date"": ""2018-01-15"", ""party"": [""DeAnn O'Donovan"", ""AHP Servicing, LLC"", ""AHP Capital Management, LLC""], ""jurisdiction"": ""Illinois""}"
cb5b1968caa6b9a951412311bca77a9f.pdf,"{""effective_date"": ""2011-12-14"", ""jurisdiction"": ""Massachusetts"", ""party"": [""Jeffrey M. Leiden"", ""Vertex Pharmaceuticals Inc.""]}","{""effective_date"": ""2011-12-14"", ""jurisdiction"": ""Massachusetts"", ""party"": [""Jeffrey M. Leiden"", ""Vertex Pharmaceuticals Incorporated"", ""Matthew W. Emmens""]}"
ccb7eab370b2a5ba987a2881da548e2b.pdf,"{""effective_date"": ""2015-01-16"", ""jurisdiction"": ""New York"", ""party"": [""Aol Inc."", ""Millennial Media Inc.""], ""term"": ""6 months""}","{""effective_date"": ""2015-01-16"", ""jurisdiction"": ""Virginia"", ""party"": [""AOL"", ""Millennial Media Inc.""], ""term"": ""This Agreement shall terminate six (6) months after the Effective Date""}"
cfbc84fec6483fdaedb028c54380609d.pdf,"{""effective_date"": ""2014-07-31"", ""jurisdiction"": ""California"", ""party"": [""Biomarin Pharmaceutical Inc."", ""Prosensa Holding N.V.""]}","{""effective_date"": ""2014-07-31"", ""party"": [""BioMarin Pharmaceutical Inc."", ""Prosensa Holding N.V.""], ""term"": ""The term of this Agreement commences on the Effective Date and ends on the date one (1) year thereafter. Receiving Party\u2019s obligations to protect Confidential Information disclosed under this Agreement shall survive termination of this Agreement and will be binding upon Receiving Party, its heirs, successors, and assigns for a period of five (5) years from expiration or termination of this Agreement."", ""jurisdiction"": ""California""}"
d057b548c04b38628cef0a3c655f4557.pdf,"{""effective_date"": ""2008-07-24"", ""jurisdiction"": ""Oregon"", ""party"": [""Mark G. Parker"", ""Nike Inc.""]}","{""effective_date"": ""2008-07-24"", ""party"": [""Mark G. Parker"", ""Nike Inc."", ""Philip H. Knight""], ""jurisdiction"": ""Oregon""}"
dcce148b95df368224ab072b40cce989.pdf,"{""effective_date"": ""2008-02-04"", ""jurisdiction"": ""New York"", ""party"": [""Kinetic Concepts Inc."", ""Lifecell Corporation""]}","{""effective_date"": ""2008-02-04"", ""party"": [""Kinetic Concepts, Inc."", ""LifeCell Corporation""], ""jurisdiction"": ""New York""}"
d714d261edc4d361e7d2ebabccaada50.pdf,"{""jurisdiction"": ""Delaware"", ""party"": [""Healthequity Inc.""]}","{""jurisdiction"": ""Delaware"", ""party"": [""HealthEquity, Inc."", ""Edward R. Bloomberg""]}"
d789f0680308f0638a05078c5d896b7a.pdf,"{""effective_date"": ""2001-09-17"", ""jurisdiction"": ""California"", ""party"": [""Borland Software Corporation"", ""Starbase Corporation""], ""term"": ""3 years""}","{""effective_date"": ""2001-09-17"", ""jurisdiction"": ""Delaware"", ""party"": [""Borland Software Corporation"", ""Starbase Corporation"", ""Doug Barre"", ""William R. Stow III""]}"
d6d3a5dbe3bd0ccb09d24e59162efca4.pdf,"{""effective_date"": ""2016-08-09"", ""jurisdiction"": ""Michigan"", ""party"": [""Perceptron Inc."", ""Harbert Discovery Fund LP""]}","{""jurisdiction"": ""Michigan"", ""party"": [""The Director"", ""Harbert"", ""Perceptron, Inc."", ""Harbert Discovery Fund LP"", ""Harbert Discovery Fund GP, LLC"", ""Harbert Fund Advisors, Inc."", ""Harbert Management Corporation""], ""effective_date"": ""2016-08-09""}"
dc0cd1d5b1e42154db08a4f906cb4fe0.pdf,"{""jurisdiction"": ""Ohio"", ""party"": [""Convergys Customer Management Group Inc.""]}","{""jurisdiction"": ""United States"", ""party"": [""Convergys Corporation"", ""Employee""]}"
d2cedafb5d6fc0a7a2f4693f652606ef.pdf,"{""effective_date"": ""2014-04-17"", ""jurisdiction"": ""Texas"", ""party"": [""Integrated Drilling Equipment Holdings Corp."", ""Offshore and Marine Holdings LLC""]}","{""effective_date"": ""2014-04-07"", ""party"": [""Integrated Drilling Equipment Holdings Corp."", ""Offshore and Marine Holdings LLC""], ""jurisdiction"": ""United States of America""}"
da2a358405413641a270ae9004d0e7ff.pdf,"{""effective_date"": ""2013-04-22"", ""jurisdiction"": ""Florida"", ""party"": [""Steven A Ross"", ""Laboratories Inc."", ""Neogenomics""]}","{""effective_date"": ""2013-04-22"", ""party"": [""Steven A Ross"", ""NeoGenomics, Laboratories Inc."", ""Employee"", ""Company"", ""Steven A. Ross"", ""Douglas M. VanOort""], ""term"": ""Two years"", ""jurisdiction"": ""Florida""}"
d50b5f4cf1b059aed9adb4d3d8953d84.pdf,"{""jurisdiction"": ""Texas"", ""party"": [""Parallel Petroleum Corporation"", ""Apollo Management Vii LP""], ""term"": ""1 year""}","{""effective_date"": ""2009-06-30"", ""jurisdiction"": ""Texas"", ""party"": [""Parallel Petroleum Corporation"", ""Apollo Management VII, L.P.""]}"
da6a4e9e5efb25bf1c0caacc891678a7.pdf,"{""effective_date"": ""2002-07-08"", ""jurisdiction"": ""California"", ""party"": [""Intertrust Technologies Corporation"", ""Koninklijke Philips Electronics N.V.""], ""term"": ""6 months""}","{""effective_date"": ""2002-07-08"", ""jurisdiction"": ""Delaware and Netherlands"", ""party"": [""InterTrust Technologies Corporation"", ""Koninklijke Philips Electronics N.V.""], ""term"": ""December 31, 2002""}"
de4cd3cc43680829e1bd7028781612af.pdf,"{""jurisdiction"": ""Delaware"", ""party"": [""Paetec Communications Inc.""]}","{""jurisdiction"": ""Delaware""}"
e33d3ca6885f31faa68b2ab766afc86b.pdf,"{""jurisdiction"": ""Texas"", ""party"": [""Txu Corp.""]}","{""jurisdiction"": ""Texas"", ""party"": [""TXU Corp."", ""Employee""]}"
e29c3877a103aaefcf77ebb110f981a5.pdf,"{""jurisdiction"": ""Massachusetts"", ""party"": [""Tyco Healthcare Group LP""]}","{""jurisdiction"": ""Massachusetts""}"
de16dbc40a06dd67d07169a63d6d4fbd.pdf,"{""effective_date"": ""2009-09-11"", ""jurisdiction"": ""Massachusetts"", ""party"": [""Comverse Inc."", ""Danna Rabin""]}","{""effective_date"": ""2009-09-11"", ""jurisdiction"": ""Delaware"", ""party"": [""Converse, Inc."", ""Danna Rabin"", ""Rebecca L. Smith""]}"
e3bb6bbcbe57fc224b274c6e2214843a.pdf,"{""jurisdiction"": ""Pennsylvania"", ""party"": [""Globus Medical Inc.""]}","{""jurisdiction"": ""Commonwealth of Pennsylvania""}"
e36c79d0e4b25e4e9cc76aafd176afe8.pdf,"{""effective_date"": ""2013-01-25"", ""jurisdiction"": ""New York"", ""party"": [""J.F. Lehman and Company"", ""Op-Tech Environmental Services Inc.""], ""term"": ""12 months""}","{""effective_date"": ""2013-01-25"", ""jurisdiction"": ""New York""}"
e549732a99aa5f913109db1afe6961fc.pdf,"{""effective_date"": ""2009-06-23"", ""jurisdiction"": ""Washington"", ""party"": [""Craig Eudy"", ""Infrastrux Group Inc.""]}","{""effective_date"": ""2009-06-23"", ""party"": [""Craig Eudy"", ""INFRASTRUX GROUP, INC."", ""Lanny H. Michael""], ""jurisdiction"": ""Washington""}"
e22152ac3ddc7cd28500eb43f77c022a.pdf,"{""effective_date"": ""2015-01-12"", ""jurisdiction"": ""Delaware"", ""party"": [""Pitney Bowes Inc."", ""Borderfree Inc.""], ""term"": ""3 years""}","{""effective_date"": ""2015-01-12"", ""jurisdiction"": ""New York"", ""party"": [""Pitney Bowes Inc."", ""Borderfree, Inc.""], ""term"": ""three years""}"
e0d6825deb5a5292ec233e2f27445b7a.pdf,"{""effective_date"": ""2007-07-23"", ""jurisdiction"": ""Georgia"", ""party"": [""Acuity Brands Inc."", ""John K. Morgan""]}","{""effective_date"": ""2007-07-23"", ""party"": [""Acuity Brands, Inc."", ""Acuity Brands Lighting, Inc. f/k/a Acuity Lighting Group, Inc."", ""John K. Morgan""], ""jurisdiction"": ""United States""}"
e472889a99ad47b452af0b812684d2a5.pdf,"{""effective_date"": ""2003-04-09"", ""jurisdiction"": ""Michigan"", ""party"": [""The Regents Of The University Of Michigan"", ""Genesis Bioventures Inc.""]}","{""effective_date"": ""2003-04-09"", ""jurisdiction"": ""State of Michigan"", ""party"": [""The Regents of The University of Michigan"", ""Genesis Bioventures, Inc."", ""E. Greg McCartney"", ""Kenneth J. Nisbet""], ""term"": ""May 13, 2003""}"
ec0c342ef16c55d2f88469e809f3943f.pdf,"{""effective_date"": ""2006-02-02"", ""jurisdiction"": ""Florida"", ""party"": [""Sun Energy Solar Inc."", ""Robert Fugerer""]}","{""effective_date"": ""2006-02-02"", ""jurisdiction"": ""Florida"", ""party"": [""Sun Energy Solar, Inc."", ""Robert Fugerer""]}"
f4d4ef76c5ce9b0d5bca8c55369b753c.pdf,"{""effective_date"": ""2017-02-01"", ""jurisdiction"": ""New York"", ""party"": [""Intel Corporation"", ""Mobileye N.V.""], ""term"": ""2 years""}","{""effective_date"": ""2017-02-01"", ""jurisdiction"": ""Israel"", ""party"": [""Intel Corporation"", ""Mobileye N.V.""]}"
e62a15f048e24dbd9f9e6f0febc2bcfc.pdf,"{""effective_date"": ""2010-10-01"", ""jurisdiction"": ""New York"", ""party"": [""Momentive Specialty Chemicals Inc."", ""Momentive Performance Materials Inc.""], ""term"": ""20 years""}","{""effective_date"": ""2010-10-01"", ""jurisdiction"": ""Ohio"", ""party"": [""Momentive Specialty Chemicals Inc."", ""Momentive Performance Materials Inc.""], ""term"": ""The Agreement begins on the Effective Date and shall continue for a period of twenty (20) years, which term may be extended by the Parties upon mutual written agreement.""}"
eadddc22aff2d763e0aca8e139846626.pdf,"{""effective_date"": ""2012-07-13"", ""jurisdiction"": ""Texas"", ""party"": [""Avista Capital Holdings LP"", ""Union Drilling Inc.""], ""term"": ""1 year""}","{""effective_date"": ""2012-07-13"", ""party"": [""Avista Capital Holdings, LP"", ""Union Drilling, Inc.""], ""jurisdiction"": ""Texas""}"
ea3014a2f8576fcb8159f0c0b2e25dc3.pdf,"{""jurisdiction"": ""California"", ""party"": [""Social Reality Inc."", ""Dustin Suchter""]}","{""party"": [""Social Reality, Inc."", ""Dustin Suchter""], ""term"": ""This Agreement shall survive until such time as all Confidential Information disclosed hereunder becomes publicly known and made generally available through no action or inaction of Executive.""}"
e704bb47fa4ed83b77b7e3b70e4ca8e6.pdf,"{""effective_date"": ""2007-12-10"", ""jurisdiction"": ""Missouri"", ""party"": [""Anheuser-Busch Companies Inc."", ""Mark T. Bobak""], ""term"": ""5 years""}","{""jurisdiction"": ""Missouri"", ""party"": [""Anheuser-Busch Companies, Inc."", ""Mark T. Bobak"", ""Mr. Mark T. Bobak"", ""John T. Farrell""], ""term"": ""Consulting Payments"", ""effective_date"": ""2007-12-10""}"
ec884c36abae8ab1ce4a5465771293cb.pdf,"{""effective_date"": ""2003-04-01"", ""jurisdiction"": ""Ohio"", ""party"": [""Belcan Corporation"", ""Arc Communication Inc.""]}","{""effective_date"": ""2003-04-01"", ""jurisdiction"": ""Ohio"", ""party"": [""Belcan Corporation"", ""ARC Communications, Inc.""], ""term"": ""Non-Competition""}"
eab914221a16ac5daadfbd31d354c03e.pdf,"{""effective_date"": ""2006-05-11"", ""jurisdiction"": ""California"", ""party"": [""Biosite Inc."", ""Beckman Coulter Inc.""]}","{""effective_date"": ""2006-05-11"", ""party"": [""Biosite Incorporated"", ""Beckman Coulter, Inc.""], ""jurisdiction"": ""California""}"
f4dac00c09a763dfb4acd109e1731690.pdf,"{""effective_date"": ""2010-04-02"", ""jurisdiction"": ""New York"", ""party"": [""Sybase Inc."", ""Sap Ag""], ""term"": ""1 year""}","{""effective_date"": ""2010-04-02"", ""jurisdiction"": ""Delaware"", ""party"": [""Sybase, Inc."", ""SAP AG""], ""term"": ""one year""}"
f538df53f1d7f992c8b16d2b721c9408.pdf,"{""effective_date"": ""2007-06-29"", ""jurisdiction"": ""Pennsylvania"", ""party"": [""Orthovita Inc."", ""Donald L. Scanlan""]}","{""party"": [""Orthovita Inc."", ""Donald L. Scanlan"", ""Antony Koblish""], ""jurisdiction"": ""Commonwealth of Pennsylvania"", ""effective_date"": ""2007-06-21""}"
f6cf95250272fd7f3fd767819ee11255.pdf,"{""effective_date"": ""2003-09-10"", ""jurisdiction"": ""New York"", ""party"": [""Ctrip.Com International Ltd."", ""Qi Ji""]}","{""effective_date"": ""2003-09-10"", ""jurisdiction"": ""USA"", ""party"": [""Ctrip.com International, Ltd."", ""Qi Ji""]}"
f1bfe37debd61ba519ec2671755a49a9.pdf,"{""jurisdiction"": ""Delaware"", ""party"": [""Leonard Green and Partners LP"", ""Bj\u2019S Wholesale Inc.""], ""term"": ""18 months""}","{""effective_date"": ""2011-03-21"", ""party"": [""Leonard Green & Partners, L.P."", ""BJ\u2019s Wholesale, Inc."", ""WilmerHale""], ""jurisdiction"": ""Delaware"", ""term"": ""This letter agreement will terminate 18 months from the date hereof (except to the extent an earlier date is provided herein as to any specified obligations); provided, that no such termination of this letter agreement shall relieve any party from any liability relating to any breach of this letter agreement.""}"
e8c84be1bf741406d0d1f3c6c16bdbd9.pdf,"{""effective_date"": ""2011-07-02"", ""jurisdiction"": ""California"", ""party"": [""Yahoo!"", ""Interclick Inc.""], ""term"": ""1 year""}","{""effective_date"": ""2011-07-02"", ""jurisdiction"": ""Delaware"", ""party"": [""Yahoo!"", ""Undersigned entity""], ""term"": ""This Agreement between the parties shall expire on the earlier of (a) the execution of a definitive agreement between the parties (unless otherwise provided in such agreement) and (b) one year from the date hereof, provided that the terms of paragraph 6 shall survive the termination or expiration of this Agreement, and provided further that such expiration shall not relieve any party for liability for breach of this Agreement occurring before such expiration.""}"
fbf608b62ef498171b70fb7b36be61a0.pdf,"{""effective_date"": ""2005-03-28"", ""jurisdiction"": ""Florida"", ""party"": [""Community Bank Corporation Of America"", ""Clifton E. Tufts""]}","{""party"": [""First Community Bank Corporation of America"", ""Clifton E. Tufts"", ""Kenneth P. Cherven""], ""jurisdiction"": ""Florida"", ""term"": ""one year"", ""effective_date"": ""2005-03-28""}"
fc34f2d7a61e531870d05910c5c3599b.pdf,"{""effective_date"": ""2010-03-19"", ""jurisdiction"": ""Delaware"", ""party"": [""Rib-X Pharmaceuticals Inc."", ""Mark Leuchtenberger""]}","{""jurisdiction"": ""Oregon"", ""effective_date"": ""2010-03-19""}"
f9b58bc2953d789ffbd98878be20199d.pdf,"{""effective_date"": ""2006-05-19"", ""jurisdiction"": ""California"", ""party"": [""Myogen"", ""Gilead Sciences Inc.""], ""term"": ""5 years""}","{""effective_date"": ""2006-05-19"", ""jurisdiction"": ""Delaware"", ""party"": [""Myogen"", ""Gilead Sciences, Inc."", ""Myogen, Inc.""], ""term"": ""5 years""}"
fdf657ad612664d6f363040992f9a93c.pdf,"{""effective_date"": ""2011-01-27"", ""jurisdiction"": ""California"", ""party"": [""99\u00a2 Only Stores"", ""Leonard Green and Partners LP""]}","{""effective_date"": ""2011-01-27"", ""jurisdiction"": ""California"", ""party"": [""99\u20ac Only Stores"", ""Leonard Green & Partners, L.P.""]}"
0d3f3a02773949e285cfc3ad2fe4dbf5.pdf,"{""jurisdiction"": ""New York"", ""party"": [""Oglethorpe Power Corporation""]}","{""jurisdiction"": ""Georgia"", ""party"": [""[Recipient]"", ""Oglethorpe Power Corporation""], ""effective_date"": ""2008-04-08""}"
f87b56cd42d82dfd2ec1356a8c187e4e.pdf,"{""jurisdiction"": ""Rhode Island"", ""party"": [""Cvs Pharmacy Inc.""]}","{""jurisdiction"": ""Rhode Island""}"
0f32a3a54d9c1e42d26f66746821c3bf.pdf,"{""effective_date"": ""2012-09-04"", ""jurisdiction"": ""Delaware"", ""party"": [""Jda Software Group Inc."", ""Redprairie Holding Inc.""], ""term"": ""2 years""}","{""jurisdiction"": ""Delaware"", ""party"": [""JDA Software Group, Inc."", ""RedPrairie Holding, Inc."", ""New Mountain Capital, LLC""], ""term"": ""Amended and Restated Mutual Nondisclosure Agreement""}"
fc2ce0e2abdcf676a1d4ab95191a9d17.pdf,"{""effective_date"": ""2006-04-13"", ""jurisdiction"": ""New York"", ""party"": [""Burlington Coat Factory Holdings Inc."", ""Stephen Milstein""]}","{""effective_date"": ""2006-04-13"", ""jurisdiction"": ""Delaware"", ""party"": [""Burlington Coat Factory Holdings, Inc."", ""Stephen Milstein""], ""term"": ""Noncompete Period""}"
ff2f9c3d7198b961852b39b2b3969255.pdf,"{""jurisdiction"": ""Delaware"", ""party"": [""Lydall Inc."", ""David Freeman""]}","{""party"": [""Lydall, Inc."", ""David Freeman"", ""Mary A. Tremblay"", ""W. Leslie Duffy, Esq.""], ""effective_date"": ""2007-01-10"", ""jurisdiction"": ""Delaware"", ""term"": ""indefinite""}"
0fe8eaee697774ac95f9186dd2fc3364.pdf,"{""effective_date"": ""2009-02-23"", ""jurisdiction"": ""Massachusetts"", ""party"": [""Nitromed Inc."", ""Kenneth M. Bate""]}","{""effective_date"": ""2009-02-23"", ""jurisdiction"": ""Massachusetts"", ""party"": [""Kenneth M. Bate""]}"
11d0a5b1f6e460c7033d57661026d00c.pdf,"{""effective_date"": ""2015-03-01"", ""jurisdiction"": ""Delaware"", ""party"": [""Auspex Pharmaceuticals"", ""Teva Pharmaceutical Industries Ltd.""], ""term"": ""3 years""}","{""effective_date"": ""2015-03-01"", ""jurisdiction"": ""Israel"", ""party"": [""Auspex Pharmaceuticals"", ""Teva Pharmaceutical Industries"", ""Bharatt Chowrira"", ""Keren Haruvi""]}"
159ce2a2e6936e25efdc717e2a623497.pdf,"{""effective_date"": ""2008-03-31"", ""jurisdiction"": ""New York"", ""party"": [""Intercept Pharmaceuticals Inc."", ""David Shapiro""]}","{""party"": [""Intercept Pharmaceuticals, Inc."", ""David Shapiro""], ""jurisdiction"": ""New York""}"
14b0b2208aaab4da5388590f9ed8e03c.pdf,"{""effective_date"": ""2016-06-22"", ""jurisdiction"": ""New Jersey"", ""party"": [""Nat Krishnamurti"", ""Interpace Diagnostics Group Inc.""]}","{""effective_date"": ""2016-06-22"", ""jurisdiction"": ""New Jersey"", ""party"": [""Nat Krishnamurti"", ""Interpace Diagnostics Group, Inc.""]}"
2580d4ca2d7ae09df407f96f04551eb1.pdf,"{""party"": [""Pjm Interconnection LLC""]}","{""jurisdiction"": ""Delaware"", ""party"": [""PJM Interconnection, L.L.C."", ""State Commission"", ""Affected Member""]}"
137b97581e7b68b665e86b37d0a25500.pdf,"{""effective_date"": ""2009-04-30"", ""jurisdiction"": ""Delaware"", ""party"": [""California Micro Devices Corporation"", ""On Semiconductor Corporation""], ""term"": ""1 year""}","{""effective_date"": ""2009-04-30"", ""jurisdiction"": ""California"", ""party"": [""California Micro Devices Corporation"", ""ON Semiconductor Corporation""], ""term"": ""This Agreement shall terminate in its entirety one year after the date of this Agreement or, if earlier, upon the execution and delivery of a Transaction Agreement, unless the Transaction Agreement expressly otherwise provides.""}"
2572bba862c654e665039f634c132fea.pdf,"{""effective_date"": ""2015-12-11"", ""party"": [""Anadigics Inc."", ""Ii-Vi Inc.""]}","{""effective_date"": ""2015-12-11"", ""party"": [""Anadigics, Inc."", ""II-VI Incorporated""]}"
3aeb57dd3d0c179a03480b814b66fb08.pdf,"{""jurisdiction"": ""New York"", ""party"": [""Virgin Mobile Usa LLC""], ""term"": ""2 years""}","{""jurisdiction"": ""New York""}"
073f3b9eb0c7088be4ef688f4edfdb6d.pdf,"{""effective_date"": ""2014-05-20"", ""jurisdiction"": ""New York"", ""party"": [""Liquidmetal Technology Inc."", ""Visser Precision Cast LLC""], ""term"": ""3 years""}","{""effective_date"": ""2014-05-20"", ""party"": [""Liquidmetal Technologies, Inc."", ""Visser Precision Cast, LLC""], ""jurisdiction"": ""Oregon"", ""term"": ""The obligations of the Parties under this Agreement shall survive for a period of three (3) years from the termination or expiration of the last of the Revised Transaction Documents to terminate or expire; provided that this Agreement shall continue in full force and effect with respect to any Confidential Information that constitutes a trade secret under applicable law for such additional period as such Confidential Information remains a trade secret under such applicable law. All rights and actions of a Disclosing Party accrued prior to the applicable date of any termination or expiration under this Section 3 shall survive such termination or expiration for the duration of any applicable statute of limitations. For clarity, this Agreement shall apply as well with respect to Confidential Information disclosed pursuant to or otherwise covered by the Original Agreement.""}"
372e268a1e8fe9d6eda0852402434170.pdf,"{""effective_date"": ""2000-05-23"", ""jurisdiction"": ""Delaware"", ""party"": [""Udate.Com Inc."", ""Anthony Dunn""]}","{""effective_date"": ""2000-05-23"", ""jurisdiction"": ""Delaware"", ""party"": [""uDate.com, Inc."", ""Anthony Dunn"", ""Martin Clifford""]}"
43568120ee0987b6dc67d4cf0f5b4802.pdf,"{""jurisdiction"": ""California"", ""party"": [""Penumbra Inc.""], ""term"": ""2 years""}","{""term"": ""Two years from the Effective Date"", ""jurisdiction"": ""State of California"", ""effective_date"": ""2015-09-01""}"
3e1a3a5f4a419e58024088fb81964bca.pdf,"{""effective_date"": ""2012-01-25"", ""jurisdiction"": ""Massachusetts"", ""party"": [""Asahi Kasei Corporation"", ""Zoll Medical Corporation""], ""term"": ""5 years""}","{""effective_date"": ""2012-01-25"", ""jurisdiction"": ""Japan"", ""party"": [""Asahi Kasei Corporation"", ""Richard A. Packer"", ""Koji Fujiwara""], ""term"": ""five years""}"
2b5702dbae143d75275161125a65cf81.pdf,"{""jurisdiction"": ""Delaware"", ""party"": [""Allergan Inc."", ""Map Pharmaceuticals Inc.""], ""term"": ""2 years""}","{""effective_date"": ""2012-12-17"", ""jurisdiction"": ""State of Delaware"", ""term"": ""This letter agreement will terminate two (2) years from the date hereof.""}"
402141dd8e87b123574ae59271c9224f.pdf,"{""effective_date"": ""2008-07-31"", ""jurisdiction"": ""Minnesota"", ""party"": [""Cogent Inc."", ""3m Company""], ""term"": ""2 years""}","{""effective_date"": ""2008-07-31"", ""jurisdiction"": ""Minnesota"", ""party"": [""Cogent, Inc."", ""3M Company""]}"
12fe8459ce606334afe537b24f476fa2.pdf,"{""effective_date"": ""2012-01-11"", ""jurisdiction"": ""Washington"", ""party"": [""Financial Northwest Inc."", ""Spencer L. Schneider"", ""Stilwell Group""]}","{""effective_date"": ""2012-01-11"", ""party"": [""First Financial Northwest, Inc."", ""Stilwell Associates, L.P."", ""Stilwell Partners, L.P."", ""Stilwell Value Partners II, L.P."", ""Stilwell Value Partners VI, L.P."", ""Stilwell Value Partners VII, L.P."", ""Stilwell Value LLC"", ""Stilwell Associates Insurance Fund of The S.A.L.I. Multi-Series Fund L.P."", ""Stilwell Advisers LLC"", ""Joseph Stilwell"", ""Spencer L. Schneider""], ""jurisdiction"": ""Washington""}"
435d6eaa82632030cfc84bbd93e96bf8.pdf,"{""effective_date"": ""2014-11-25"", ""jurisdiction"": ""New York"", ""party"": [""Aol Inc."", ""Verizon Corporate Services Group Inc.""], ""term"": ""3 years""}","{""jurisdiction"": ""New York"", ""effective_date"": ""2014-11-25"", ""party"": [""Verizon Corporate Services Group Inc."", ""AOL Inc.""]}"
294941062474a6d42bdb6b9d4ab4545f.pdf,"{""effective_date"": ""2018-11-15"", ""jurisdiction"": ""Delaware"", ""party"": [""Tesaro Inc."", ""Ajinomoto Althea Inc."", ""Glaxosmithkline LLC""], ""term"": ""2 years""}","{""effective_date"": ""2018-11-15"", ""party"": [""Tesaro Inc."", ""GlaxoSmithKline LLC"", ""Ajinomoto Althea, Inc.""], ""jurisdiction"": ""Delaware"", ""term"": ""This Agreement shall continue until the second anniversary of the Effective Date. Any Party may terminate this Agreement by providing written notice to the other Parties; provided, however, that the obligations of Receiving Party under this Agreement with regard to non-disclosure and restrictions on use of Confidential Information disclosed prior to such early termination shall not be altered by any such early termination and shall continue in effect for a period ending five (5) years after such expiration or termination.""}"
46f429bd4fdc9476d4b0026f3fd3b602.pdf,"{""effective_date"": ""2018-10-01"", ""jurisdiction"": ""California"", ""party"": [""Cubic Corporation"", ""John D. Thomas""], ""term"": ""1 year""}","{""effective_date"": ""2018-10-01"", ""jurisdiction"": ""Delaware"", ""party"": [""Cubic Corporation"", ""John D. Thomas"", ""Cubic""], ""term"": ""2019-09-30""}"
4fd03a6d34e6e06bc0b553aba1aff30f.pdf,"{""effective_date"": ""2018-12-28"", ""jurisdiction"": ""Iowa"", ""party"": [""Flexsteel Industries Inc."", ""Jerald K. Dittmer""]}","{""jurisdiction"": ""Minnesota"", ""party"": [""Flexsteel Industries, Inc."", ""Jerald K. Dittmer"", ""Thomas M. Levine""]}"
5089dc0cb013e46c3f9e21a2531504ed.pdf,"{""effective_date"": ""2012-03-31"", ""jurisdiction"": ""California"", ""party"": [""Integrated Device Technology Inc."", ""Plx Technology Inc.""], ""term"": ""1 year""}","{""effective_date"": ""2012-03-31"", ""party"": [""Integrated Device Technology, Inc."", ""PLX Technology, Inc.""], ""jurisdiction"": ""California"", ""term"": ""one year""}"
534ad09082139ac40a6125aa41fa1df5.pdf,"{""jurisdiction"": ""Indiana"", ""party"": [""Peoples Bank Sb""]}","{""jurisdiction"": ""Indiana"", ""party"": [""Employee"", ""NorthWest Indiana Bancorp""], ""term"": ""one year""}"
54589bbc863f2a358ded8aff65a82bd5.pdf,"{""jurisdiction"": ""New Jersey"", ""party"": [""Oceanfinancial Corp.""]}","{""jurisdiction"": ""New Jersey"", ""party"": [""[Executive]"", ""OceanFirst Financial Corp.""]}"
5829a2f85d47530983ab21b078f2747f.pdf,"{""effective_date"": ""2018-03-30"", ""jurisdiction"": ""Delaware"", ""party"": [""Jamba Inc."", ""Focus Brands Inc.""], ""term"": ""2 years""}","{""jurisdiction"": ""Oregon"", ""term"": ""Two years after the date of this Agreement""}"
52d16f549c8c3f0b2a1ebab40576f4dc.pdf,"{""jurisdiction"": ""Arizona"", ""party"": [""Jda Software Inc."", ""Compuware Corporation""]}","{""effective_date"": ""2000-01-01"", ""jurisdiction"": ""Arizona"", ""party"": [""JDA Software, Inc."", ""Compuware Corporation""]}"
52aaf701a2c24c940628e155dabacdbf.pdf,"{""effective_date"": ""2004-10-11"", ""jurisdiction"": ""North Carolina"", ""party"": [""Inspire Pharmaceuticals Inc."", ""Barry G. Pea""]}","{""jurisdiction"": ""North Carolina"", ""effective_date"": ""1994-10-11"", ""party"": [""Inspire Pharmaceuticals, Inc."", ""Barry G. Pea""]}"
5646698b1542fd5a4d4b7bc60d84b8fd.pdf,"{""effective_date"": ""2005-05-17"", ""jurisdiction"": ""California"", ""party"": [""Patricia Sueltz"", ""Salesforce.Com Inc.""]}","{""effective_date"": ""2005-05-31"", ""jurisdiction"": ""California"", ""party"": [""Patricia Suelitz"", ""salesforce.com, inc."", ""Salesforce.com, Inc."", ""Patricia Sueltz""]}"
5fa6579440892c888a68fb053f30b58e.pdf,"{""jurisdiction"": ""California"", ""party"": [""Kbs Capital Advisors LLC""], ""term"": ""2 years""}","{""jurisdiction"": ""California""}"
58bb4bcceda75d910f8c87563aeedec7.pdf,"{""effective_date"": ""2013-05-01"", ""jurisdiction"": ""Georgia"", ""party"": [""Citi Trends Inc."", ""Ivy Council""]}","{""effective_date"": ""2013-05-01"", ""party"": [""Citi Trends, Inc."", ""Ivy Council"", ""R. Edward Anderson""], ""jurisdiction"": ""Oregon""}"
5eb2af4610325bb5c670033270aa0bf1.pdf,"{""jurisdiction"": ""Minnesota"", ""party"": [""The St. Paul Travelers Companies Inc.""]}","{""jurisdiction"": ""Minnesota"", ""party"": [""The St. Paul Travelers Companies, Inc."", ""Employee""]}"
5a67c4370c9b6da69651a2f80c7b7f8d.pdf,"{""effective_date"": ""2005-07-03"", ""jurisdiction"": ""New York"", ""party"": [""Common Sense Ltd."", ""Synova Healthcare Inc.""], ""term"": ""5 years""}","{""effective_date"": ""2005-07-03"", ""jurisdiction"": ""Israel and Delaware"", ""party"": [""Common Sense Ltd."", ""Synova Healthcare, Inc.""], ""term"": ""five years""}"
65ad3d6fa2814b1e1f6b87f56b398086.pdf,"{""jurisdiction"": ""Ohio"", ""party"": [""Fifth Third Processing Solutions LLC""]}","{""jurisdiction"": ""Ohio""}"
5be1ea607c7763ae42c61e9fc0fa2ec1.pdf,"{""effective_date"": ""2015-06-23"", ""jurisdiction"": ""New York"", ""party"": [""Consac LLC"", ""Musclepharm Corporation""], ""term"": ""12 months""}","{""effective_date"": ""2015-06-23"", ""jurisdiction"": ""Nevada"", ""party"": [""Consac, LLC"", ""MusclePharm Corporation"", ""Musclepharm""]}"
5fef505c7e8c60c597f150f2f2976684.pdf,"{""effective_date"": ""2018-08-16"", ""jurisdiction"": ""Kentucky"", ""party"": [""Cafepress Inc."", ""District Photo Inc.""], ""term"": ""1 year""}","{""effective_date"": ""2018-08-16"", ""jurisdiction"": ""Kentucky"", ""party"": [""CafePress Inc."", ""District Photo, Inc.""], ""term"": ""three years""}"
64ee806eb8c3db587c89b4215fac31da.pdf,"{""effective_date"": ""2016-01-27"", ""jurisdiction"": ""Minnesota"", ""party"": [""Target Corporation"", ""Tina Tyler""]}","{""party"": [""Target Corporation"", ""Tina Tyler"", ""Jodee Kozlak""], ""jurisdiction"": ""Minnesota"", ""effective_date"": ""2016-01-19""}"
65b49db954428a2000d96815b1fcb033.pdf,"{""jurisdiction"": ""Michigan"", ""party"": [""Hi-Tex Inc."", ""Quaker Fabric Corporation Of Fall River""]}",{}
5c6a75a65f4b47a2b76f74e08d1c6fb5.pdf,"{""effective_date"": ""2008-01-01"", ""jurisdiction"": ""California"", ""party"": [""Biolargo Inc."", ""Joseph L. Provenzano""]}","{""effective_date"": ""2008-01-01"", ""party"": [""BioLargo, Inc."", ""Joseph Provenzano"", ""Biolargo, Inc."", ""Joseph L. Provenzano""], ""jurisdiction"": ""California"", ""term"": ""This Agreement shall survive the term of the Consulting Agreement and shall continue until such time as all Confidential Information disclosed hereunder becomes publicly known and made generally available through no action or inaction of the Employee.""}"
7c6dc43af8d2b97e3918cd1ebf62f17e.pdf,"{""jurisdiction"": ""Illinois"", ""party"": [""Jeremiah Kaye"", ""Ahp Servicing LLC""]}","{""party"": [""Jeremiah Kaye"", ""AHP Servicing, LLC""], ""jurisdiction"": ""Illinois""}"
6d64a41bd3e5c58b735d7832f2b30bdd.pdf,"{""jurisdiction"": ""California"", ""party"": [""Gigpeak Inc."", ""Integrated Device Technology Inc.""]}","{""effective_date"": ""2023-05-18"", ""jurisdiction"": ""California"", ""party"": [""GigPeak, Inc."", ""Integrated Device Technology, Inc."", ""Gigpeak, Inc.""]}"
715f780df436bd9bf4cd8d0883087bf5.pdf,"{""effective_date"": ""2000-02-10"", ""jurisdiction"": ""Minnesota"", ""party"": [""New England Business Service Inc."", ""Premium Wear Inc.""]}","{""effective_date"": ""2000-02-10"", ""party"": [""New England Business Service, Inc."", ""Premium Wear, Inc.""], ""jurisdiction"": ""State of Minnesota""}"
762b493ffbbb2eeaa53b4acb586ba2f8.pdf,"{""effective_date"": ""2007-05-09"", ""jurisdiction"": ""Delaware"", ""party"": [""Opsware Inc."", ""Hewlett-Packard Company""], ""term"": ""12 months""}","{""effective_date"": ""2007-05-09"", ""jurisdiction"": ""Delaware"", ""party"": [""Opsware Inc."", ""Hewlett-Packard Company""], ""term"": ""Twelve (12) months following the date of this Agreement""}"
7d0609e79512805f21a1c96ed751dd56.pdf,"{""effective_date"": ""2003-05-14"", ""jurisdiction"": ""Minnesota"", ""party"": [""Flexsteel Industries Inc."", ""Dmi Furniture Inc.""]}","{""effective_date"": ""2003-05-14"", ""party"": [""Flexsteel Industries, Inc."", ""DMI Furniture, Inc.""], ""jurisdiction"": ""United States and State of Minnesota""}"
7187b5dc91b45bd1339f75c4fe646186.pdf,"{""effective_date"": ""2008-11-06"", ""jurisdiction"": ""California"", ""party"": [""Biolargo Inc."", ""Howard Isaacs""]}","{""effective_date"": ""2008-11-06"", ""party"": [""BioLargo, Inc."", ""Howard Isaacs"", ""Biolargo, Inc.""], ""jurisdiction"": ""California"", ""term"": ""This Agreement shall survive the term of the Consulting Agreement and shall continue until such time as all Confidential Information disclosed hereunder becomes publicly known and made generally available through no action or inaction of the Consultant.""}"
5100360b6dc2bade6771d2dca08b1d3f.pdf,"{""jurisdiction"": ""Virginia"", ""party"": [""Bruce L. Caswell"", ""Maximus Inc.""], ""term"": ""3 years""}","{""term"": ""The term of the employment agreement set forth in this Section 1 shall be for a period commencing at the Effective Date and continuing for three (3) years thereafter (the \""Scheduled Term\""). Following the Scheduled Term, the Agreement shall automatically renew for successive one-year terms (each a \""Renewal Term\"") unless either party notifies the other of its desire to terminate the Agreement no less than three (3) months before the expiration of the Scheduled Term or Renewal Term. Notwithstanding the foregoing, this Agreement shall terminate: (a) by mutual written consent of the parties; (b) upon Executive\u2019s death or inability, by reason of physical or mental impairment, to perform substantially all of Executive\u2019s duties as contemplated herein for a continuous period of 120 days or more;"", ""effective_date"": ""2018-04-01"", ""jurisdiction"": ""Virginia"", ""party"": [""Bruce L. Caswell"", ""MAXIMUS, Inc.""]}"
8f4e33c10c29ec53b61ad117fa212618.pdf,"{""effective_date"": ""2005-02-16"", ""party"": [""Omni National Bank"", ""Jeffrey L. Levine""]}",{}
804dff42b6476d157f86d35b89a6e48b.pdf,"{""jurisdiction"": ""New Jersey"", ""party"": [""Algorx Pharmaceuticals Inc.""], ""term"": ""10 years""}","{""party"": [""AlgoRx Pharmaceuticals, Inc."", ""[CORPORATION]""], ""jurisdiction"": ""New Jersey"", ""term"": ""ten years""}"
7e7d64c4020fe273508f203e609b8ad8.pdf,"{""effective_date"": ""2010-06-23"", ""jurisdiction"": ""Texas"", ""party"": [""Allis-Chalmers Energy Inc."", ""Seawell Ltd.""], ""term"": ""2 years""}","{""effective_date"": ""2010-06-23"", ""jurisdiction"": ""Bermuda"", ""party"": [""Allis-Chalmers Energy Inc."", ""Seawell Limited"", ""Allis-Chalmers""]}"
809abb3273c6043d409ec5440de965d5.pdf,"{""effective_date"": ""2009-11-06"", ""jurisdiction"": ""Delaware"", ""party"": [""Hid Global Corporation"", ""Lasercard Corporation""], ""term"": ""3 years""}","{""term"": ""Evaluation Material"", ""jurisdiction"": ""Delaware"", ""effective_date"": ""2009-11-06"", ""party"": [""LASERCARD CORPORATION"", ""HID GLOBAL CORPORATION""]}"
98139c00032e1383c5576cf950f29bff.pdf,"{""effective_date"": ""1999-03-16"", ""jurisdiction"": ""Oregon"", ""party"": [""Acumed Inc."", ""Medex Surgical""]}","{""effective_date"": ""1999-03-16"", ""jurisdiction"": ""Oregon"", ""party"": [""Acumed, Inc."", ""Medex Surgical""]}"
8bd2be4b4638f0d148dd4fa541fb71ef.pdf,"{""jurisdiction"": ""Washington"", ""party"": [""Corus Pharma Inc."", ""A. Bruce Montgomery""]}","{""effective_date"": ""2001-05-01"", ""party"": [""Corus Pharma, Inc."", ""A. Bruce Montgomery, M.D."", ""Jonathan P. Mow"", ""Bruce Montgomery, M.D.""], ""jurisdiction"": ""Washington""}"
96e343b9123175bd6625537e27275ee0.pdf,"{""effective_date"": ""2014-11-26"", ""jurisdiction"": ""Delaware"", ""party"": [""E2open Inc."", ""Insight Venture Partners LLC""]}","{""effective_date"": ""2014-11-26"", ""jurisdiction"": ""Delaware"", ""party"": [""E2open"", ""Insight Venture Partners"", ""E2OPEN, INC."", ""Insight Venture Partners, LLC""], ""term"": ""two years""}"
9c05001246961d7ebcaa6e1758c808e6.pdf,"{""effective_date"": ""2008-07-02"", ""jurisdiction"": ""Delaware"", ""party"": [""Unionbancal Corporation"", ""The Bank Of Tokyo-Mitsubishi Ufj""], ""term"": ""2 years""}","{""effective_date"": ""2008-07-02"", ""jurisdiction"": ""Japan"", ""party"": [""The Bank of Tokyo-Mitsubishi UFJ, Ltd."", ""UnionBanCal Corporation""]}"
a39eb99d4f92d453a942900c78205171.pdf,"{""effective_date"": ""2012-06-11"", ""jurisdiction"": ""Delaware"", ""party"": [""Lightwave Logic Inc."", ""Ronald A. Bucchi""]}","{""effective_date"": ""2012-06-11"", ""jurisdiction"": ""Newark, DE"", ""party"": [""Lightwave Logic, Inc."", ""Ronald A. Bucchi"", ""Gregory E. McKenna""]}"
ab46a92eef527dbae20fc09b2741c804.pdf,"{""effective_date"": ""2007-03-04"", ""jurisdiction"": ""Delaware"", ""party"": [""Webex Communications Inc."", ""Cisco Systems Inc.""], ""term"": ""2 years""}","{""effective_date"": ""2007-03-04"", ""jurisdiction"": ""Delaware and California"", ""party"": [""Webex Communications, Inc."", ""Cisco Systems, Inc.""]}"
af344c9a1d0fc128bcab1737a6b7d0ec.pdf,"{""effective_date"": ""2011-11-01"", ""jurisdiction"": ""California"", ""party"": [""Life Technologies Corporation"", ""Bernd Brust""]}","{""effective_date"": ""2011-10-25"", ""party"": [""Life Technologies Corporation"", ""Bernd Brust"", ""Lara de Leon""], ""jurisdiction"": ""United States of America and the state of California""}"
b20bcd63938e6e0ec5128ece060d9748.pdf,"{""effective_date"": ""2012-09-20"", ""party"": [""Contran Corporation"", ""Precision Castparts Corp.""]}","{""effective_date"": ""2012-09-20"", ""jurisdiction"": ""Oregon"", ""party"": [""Contran Corporation"", ""Precision Castparts Corp.""]}"
ac93a0cef3a3fe11e8b2b5699ca36ceb.pdf,"{""effective_date"": ""2007-04-30"", ""jurisdiction"": ""Massachusetts"", ""party"": [""Accurel Systems International Corporation"", ""Implant Sciences Corporation""]}","{""effective_date"": ""2007-04-30"", ""jurisdiction"": ""California"", ""party"": [""Accurel Systems International Corporation"", ""Implant Sciences Corporation"", ""Evans Analytical Group LLC""]}"
b443bb48b9961da261c46fad8d9e84b0.pdf,"{""effective_date"": ""2016-03-15"", ""jurisdiction"": ""Delaware"", ""party"": [""Orchestra-Pr\u00e9maman Sa"", ""Destination Maternity Corporation""], ""term"": ""9 months""}","{""effective_date"": ""2016-03-15"", ""party"": [""Pierre Mestre"", ""Orchestra-Pr\u00e9maman, S.A."", ""Destination Maternity Corporation""], ""jurisdiction"": ""Delaware""}"
b6e2939084cbdb9da155803777f9ad78.pdf,"{""effective_date"": ""2005-05-04"", ""jurisdiction"": ""Idaho"", ""party"": [""Affiliated Companies"", ""Michael L. Mooney""]}","{""effective_date"": ""2005-05-04"", ""party"": [""Affiliated Companies"", ""Michael L. Mooney""], ""jurisdiction"": ""Idaho"", ""term"": ""indefinite""}"
ba91f088d45bf7314d395f06632193b0.pdf,"{""effective_date"": ""2007-08-14"", ""jurisdiction"": ""Washington"", ""party"": [""Photoworks Inc."", ""American Greetings Corporation""]}","{""effective_date"": ""2007-08-14"", ""jurisdiction"": ""Washington State"", ""party"": [""PhotoWorks, Inc."", ""American Greetings Corporation""]}"
b588849d6c371972f08a83b280c7d9b2.pdf,"{""effective_date"": ""2005-09-29"", ""jurisdiction"": ""Illinois"", ""party"": [""Paul B. Mulhollem"", ""Archer-Daniels-Midland Company""]}","{""effective_date"": ""2005-09-29"", ""party"": [""Paul B. Mulhollem"", ""Archer-Daniels-Midland Company"", ""Mulhollem"", ""ADM"", ""Stuart E. Funderburg""], ""jurisdiction"": ""State of Illinois""}"
bf9870984bc50bc7044b931590791ca6.pdf,"{""effective_date"": ""2016-05-03"", ""jurisdiction"": ""New York"", ""party"": [""Wizard World Inc."", ""John D. Maatta""]}","{""effective_date"": ""2016-05-03"", ""jurisdiction"": ""California"", ""party"": [""Wizard World, Inc."", ""John D. Maatta""], ""term"": ""This Agreement shall commence on the date hereof and shall terminate upon the termination of Employee\u2019s employment for any reason.""}"
d14ccc86989f0ebb66cf2cedd1085b98.pdf,"{""effective_date"": ""2015-03-16"", ""jurisdiction"": ""Utah"", ""party"": [""Galil Medical Inc."", ""Perseon Corporation""]}","{""effective_date"": ""2015-03-16"", ""party"": [""Galil Medical, Inc."", ""Perseon Corporation"", ""Scott P. Youngstrom"", ""William S. Barth""], ""jurisdiction"": ""Salt Lake County, Utah""}"
cce6a9643be4abacd213753c964ff747.pdf,"{""effective_date"": ""2008-08-01"", ""jurisdiction"": ""New York"", ""party"": [""Omrix Biopharmaceuticals Inc."", ""Ethicon Inc.""]}","{""effective_date"": ""2008-08-01"", ""party"": [""Omrix Biopharmaceuticals, Inc."", ""Ethicon, Inc.""], ""jurisdiction"": ""New York""}"
d2ab0e93655331571e34090f0a6abbdd.pdf,"{""effective_date"": ""2012-07-05"", ""jurisdiction"": ""Delaware"", ""party"": [""Curtiss-Wright Controls Inc."", ""Williams Controls Inc.""], ""term"": ""3 years""}","{""term"": ""Evaluation Material"", ""jurisdiction"": ""Delaware"", ""effective_date"": ""2012-07-05""}"
cdb615d6774f4ea7032768d5bcf02ee2.pdf,"{""effective_date"": ""2006-01-01"", ""jurisdiction"": ""California"", ""party"": [""Bank Of Beverly Hills"", ""Joseph W. Kiley Iii""], ""term"": ""12 months""}","{""effective_date"": ""2006-01-01"", ""jurisdiction"": ""Delaware"", ""party"": [""First Bank of Beverly Hills"", ""Joseph W. Kiley, III""], ""term"": ""Twelve months""}"
d55dce3f2401b0c4b66618c7d5f292f5.pdf,"{""effective_date"": ""2005-02-24"", ""jurisdiction"": ""Virginia"", ""party"": [""Mobile Satellite Ventures"", ""Alexander H. Good""]}","{""effective_date"": ""2005-02-24"", ""party"": [""Mobile Satellite Ventures"", ""Alexander H. Good"", ""Randy Segal""], ""jurisdiction"": ""Virginia""}"
d359b7e3900a7bb1d54a3710449422fc.pdf,"{""effective_date"": ""2015-12-08"", ""jurisdiction"": ""Washington"", ""party"": [""Anchor Bancorp"", ""Joel S. Lawson Iv"", ""Varonica S. Ragan""], ""term"": ""1 year""}","{""effective_date"": ""2015-12-08"", ""party"": [""Anchor Bancorp"", ""Varonica S. Ragan"", ""Joel S. Lawson IV"", ""Director"", ""Lawson""], ""jurisdiction"": ""Washington""}"
e31676b3fba3d474985f08fef9bfaf03.pdf,"{""effective_date"": ""2006-09-01"", ""jurisdiction"": ""Washington"", ""party"": [""Microsoft Corporation"", ""Digital River Inc.""]}","{""effective_date"": ""2006-09-01"", ""party"": [""Microsoft Corporation"", ""Digital River, Inc.""], ""jurisdiction"": ""Washington""}"
d8b971e17298b4426e0e8ed07bcaf50f.pdf,"{""jurisdiction"": ""Illinois"", ""party"": [""Motorola Inc."", ""Iridium Satellite LLC""]}","{""jurisdiction"": ""State of Illinois, U.S.A."", ""party"": [""Motorola, Inc."", ""Iridium Satellite LLC""]}"
dffd3c1faf94dbdc6b3853fbb07afdd8.pdf,"{""effective_date"": ""2011-03-29"", ""jurisdiction"": ""Texas"", ""party"": [""Newgistics Inc."", ""Stephen M. Mattessich""]}","{""effective_date"": ""2011-03-29"", ""jurisdiction"": ""Texas""}"
ddbf109793cb86d7565126994e6d02cd.pdf,"{""party"": [""Ideal Restaurant Group Inc."", ""The Schooner Group LLC""]}",{}
d73afdb784cb0d78e49f9eb7f8217a05.pdf,"{""jurisdiction"": ""New York"", ""party"": [""Axcan Pharma Inc."", ""Tpg Capital LP"", ""Eurand N.V.""], ""term"": ""24 months""}","{""effective_date"": ""2010-07-13"", ""jurisdiction"": ""The Netherlands"", ""party"": [""TPG Capital, L.P."", ""Axcan Pharma Inc.""], ""term"": ""Evaluation Material""}"
e27493a33c9ed1e83afb03814033d23c.pdf,"{""effective_date"": ""2011-05-26"", ""jurisdiction"": ""California"", ""party"": [""Skyworks Solutions Inc."", ""Richard K. Williams""]}","{""effective_date"": ""2011-05-26"", ""jurisdiction"": ""Delaware"", ""party"": [""Skyworks Solutions, Inc."", ""Richard K. Williams""]}"
db004ff0a64417b9987241241b209c69.pdf,"{""effective_date"": ""2017-10-02"", ""jurisdiction"": ""Delaware"", ""party"": [""Potbelly Corporation"", ""Ancora Advisors LLC""], ""term"": ""2 years""}","{""effective_date"": ""2017-10-02"", ""jurisdiction"": ""Delaware"", ""party"": [""Director"", ""Ancora Advisors"", ""Ancora Parties""]}"
e90afd0c36ad8ce86d62ef0cbe75cde3.pdf,"{""effective_date"": ""2015-04-02"", ""jurisdiction"": ""Delaware"", ""party"": [""Columbus Mckinnon Corporation"", ""Magnetek Inc.""], ""term"": ""3 years""}","{""effective_date"": ""2015-04-02"", ""party"": [""Alan S. Korman"", ""Columbus McKinnon Corporation"", ""Magnetek, Inc.""], ""jurisdiction"": ""Delaware"", ""term"": ""three years""}"
d908ff8d69096e5f441e6c05144de7c7.pdf,"{""effective_date"": ""2008-01-01"", ""jurisdiction"": ""California"", ""party"": [""Gigoptix LLC"", ""Avi Katz""]}","{""effective_date"": ""2007-04-09"", ""jurisdiction"": ""Idaho"", ""party"": [""GigOptix LLC"", ""Avi Katz""], ""term"": ""The Agreement is effective from July 1, 2007, and will continue until terminated by either party with proper notice.""}"
ead4ae70800732aeb59f689dc2e60117.pdf,"{""effective_date"": ""2017-07-21"", ""jurisdiction"": ""Washington"", ""party"": [""Adaptive Biotechnologies"", ""Microsoft Corporation""]}","{""jurisdiction"": ""State of Washington""}"
f28c4f3d35a152dd415f9b255122cb38.pdf,"{""effective_date"": ""2011-01-18"", ""jurisdiction"": ""New York"", ""party"": [""Orthovita Inc."", ""Stryker Corporation""], ""term"": ""2 years""}","{""effective_date"": ""2011-01-18"", ""party"": [""Bryant Zanko"", ""Orthovita, Inc."", ""Stryker Corporation"", ""Stryker"", ""Stryker Advisors""], ""jurisdiction"": ""State of New York"", ""term"": ""two years""}"
f4c39490e63ee60b91f354c6b00a413b.pdf,"{""jurisdiction"": ""Washington"", ""party"": [""Alder Biopharmaceuticals Inc."", ""H. Lundbeck A/S""], ""term"": ""1 year""}","{""term"": ""One year after the Effective Date unless earlier terminated by a party upon thirty (30) days\u2019 prior written notice to the other party."", ""jurisdiction"": ""Washington""}"
f5767a1bcfba57c7f5d07b9404a9ac3a.pdf,"{""effective_date"": ""2015-07-21"", ""jurisdiction"": ""Illinois"", ""party"": [""Us Foods Inc."", ""Pietro Satriano""]}","{""effective_date"": ""2015-07-21"", ""jurisdiction"": ""State of Illinois"", ""party"": [""Juliette Pryor"", ""Pietro Satriano""]}"
d6f15390ac99f5de8ef919d8df8e5412.pdf,"{""effective_date"": ""2006-12-19"", ""jurisdiction"": ""New York"", ""party"": [""Mapinfo Corporation"", ""Pitney Bowes Inc.""]}","{""effective_date"": ""2006-12-19"", ""jurisdiction"": ""Delaware"", ""party"": [""MapInfo Corporation"", ""Pitney Bowes Inc."", ""PBI"", ""MapInfo""], ""term"": ""This Agreement shall apply to all Evaluation Material disclosed prior to the date that is twenty-four (24) months after the Effective Date. Unless otherwise expressly stated herein, the obligations set forth in this Agreement shall continue until the third (3rd) anniversary of the date of initial disclosure of such Evaluation Material; provided, however, that if Disclosing Party notifies Receiving Party that any specific Evaluation Material is subject to a confidentiality obligation owed to a third party on the part of Disclosing Party that extends beyond such third (3rd) anniversary, Receiving Party shall abide by the obligations set forth in this Agreement with respect to such Evaluation Material for the term of Disclosing Party\u2019s confidentiality obligation applicable to such Evaluation Material.""}"
