filename,ground_truth,prediction,field_em,field_f1,field_fuzzy
19640701_VisitBritain_Amendment_Amendment.pdf,"{""registration_num"": ""579"", ""registrant_name"": ""British Travel Association"", ""foreign_principle_name"": ""British Travel and Holidays Association"", ""signer_name"": ""K.WF. Clark"", ""file_date"": ""Subscribed and sworn to before me at 144 29 day of July""}","{""registration_num"": ""579"", ""registrant_name"": ""British Travel Association"", ""foreign_principle_name"": ""British Travel and Holidays Association"", ""file_date"": ""1964-03-31"", ""signer_name"": ""Frank E. Marra""}",0.6000,0.6000,0.6854
19630701_KOTRA_Amendment_Amendment.pdf,"{""registration_num"": [""16/9"", ""1619""], ""registrant_name"": ""Korea Trade Promotion Center"", ""foreign_principle_name"": ""Korea Trade Promotion Corporation"", ""file_date"": ""2524 day of July 1963.""}","{""registration_num"": ""1619"", ""registrant_name"": ""Korea Trade Promotion Center"", ""foreign_principle_name"": ""Korea Trade Promotion Corporation"", ""file_date"": ""1963-07-04""}",0.5000,0.6250,0.8011
"19620326_Austrian Tourist Office, Inc._Amendment_Amendment.pdf","{""registration_num"": ""495"", ""registrant_name"": ""Austrian State Tourist Department Austrian Federal Railways"", ""foreign_principle_name"": ""Rudolf F. Mattesich"", ""signer_name"": ""Rudolf F. Mattesich"", ""file_date"": ""23rd day of March -1962""}","{""registration_num"": ""495"", ""registrant_name"": ""Austrian State Tourist Department Austrian Federal Railways"", ""foreign_principle_name"": ""Rudolf F. Mattesich"", ""file_date"": ""1962-03-26"", ""signer_name"": ""Rudolf F. Mattesich""}",0.8000,0.7714,0.8533
"19650301_JETRO, New York_Amendment_Amendment.pdf","{""registration_num"": ""1643"", ""registrant_name"": ""JAPAN TRADE CENTER"", ""foreign_principle_name"": ""Japan External Trade Organization (JETRO)"", ""signer_name"": ""Tate marmo"", ""file_date"": ""1965 254 day of February""}","{""registration_num"": ""1643"", ""registrant_name"": ""JAPAN TRADE CENTER, NEW YORK"", ""foreign_principle_name"": ""Japan External Trade Organization (JETRO)"", ""file_date"": ""1964-07-24"", ""signer_name"": ""Takashi Aramaki""}",0.4000,0.5500,0.7025
19640201_Tourism Australia_Amendment_Amendment.pdf,"{""registration_num"": ""1032"", ""registrant_name"": ""AUSTRALIAN NATIONAL TRAVEL ASSOCIATION"", ""foreign_principle_name"": ""AUSTRALIAN NATIONAL TRAVEL ASSOCIATION"", ""signer_name"": ""(R. M. Younger)"", ""signer_title"": ""Manager North America""}","{""registration_num"": ""1032"", ""registrant_name"": ""AUSTRALIAN NATIONAL TRAVEL ASSOCIATION"", ""foreign_principle_name"": ""AUSTRALIAN NATIONAL TRAVEL ASSOCIATION"", ""signer_name"": ""R. M. Younger"", ""signer_title"": ""Manager, North America""}",1.0000,1.0000,1.0000
19630401_Arab Information Center_Amendment_Amendment.pdf,"{""registration_num"": ""876"", ""registrant_name"": ""Arab Information Center"", ""foreign_principle_name"": ""The Governments of : Iraq Jordan Lebanon Morroco, Saudi Arabia, Sudan, Tunisia, United Arab Republic, Yemen, Syrian Arab Republic, Algeria Kuwait,"", ""file_date"": ""Subscribed and sworn to before me at. 29th day of 1 Turch - 19.03""}","{""registration_num"": ""876"", ""registrant_name"": ""Arab Information Center"", ""foreign_principle_name"": ""The Governments of Iraq, Jordan, Lebanon, Morocco, Saudi Arabia, Sudan, Tunisia, United Arab Republic, Yemen, Syrian Arab Republic, Algeria Kuwait"", ""file_date"": ""1963-01-18""}",0.5000,0.7105,0.7698
19640801_KOTRA_Amendment_Amendment.pdf,"{""registration_num"": ""1619"", ""registrant_name"": ""Korea Trade Promotion Center"", ""foreign_principle_name"": ""Korea Trade Promotion Corporation"", ""signer_name"": ""Hee Kon Kim"", ""file_date"": ""27th day of July 1964""}","{""registration_num"": ""1619"", ""registrant_name"": ""Korea Trade Promotion Center"", ""foreign_principle_name"": ""Korea Trade Promotion Corporation"", ""file_date"": ""1964-04-17"", ""signer_name"": ""Mr. Hee Kon Kim""}",0.6000,0.7714,0.8312
19630601_Arab Information Center_Amendment_Amendment.pdf,"{""registration_num"": ""876"", ""registrant_name"": ""ABAR INFORMATION CENTER"", ""foreign_principle_name"": ""The goverments of Iraq, Jordan, Lebanon, Libya, Morocco, Saudi Arabia, Sudan, Tunisia, United Arab Republic and Yemen"", ""signer_name"": ""AKRAM MIDANI"", ""file_date"": ""to before me at. CW you day of 1925""}","{""registration_num"": ""876"", ""registrant_name"": ""ARAB INFORMATION CENTER"", ""foreign_principle_name"": [""Saudi Arabia"", ""Sudan"", ""Tunisia"", ""United Arab Republic"", ""Yemen""], ""file_date"": ""1962-03-03"", ""signer_name"": ""AKRAM MIDANI""}",0.4000,0.5965,0.6752
19631101_Tourism Australia_Amendment_Amendment.pdf,"{""registrant_name"": ""AUSTRALIAN NATIONAL TRAVEL ASSOCIATION"", ""foreign_principle_name"": ""AUSTRALIAN NATIONAL TRAVEL ASSOCIATION"", ""signer_name"": ""R. M. Younger"", ""signer_title"": ""Manager"", ""registration_num"": ""1032""}","{""registrant_name"": ""AUSTRALIAN NATIONAL TRAVEL ASSOCIATION"", ""foreign_principle_name"": ""AUSTRALIAN NATIONAL TRAVEL ASSOCIATION"", ""registration_num"": ""1032"", ""signer_name"": ""R. M. Younger"", ""signer_title"": ""Manager, North America""}",0.8000,0.9000,0.9000
19650405_Switzerland Tourism_Amendment_Amendment.pdf,"{""registration_num"": ""55"", ""registrant_name"": ""SWISS NATIONAL TOURIST OFFICE"", ""foreign_principle_name"": ""- Swiss Government Department of Posts and Railroads Section : Swiss National Tourist Office"", ""signer_name"": ""Hans Baertschi"", ""file_date"": ""31st day of March 1965.""}","{""registration_num"": ""55"", ""registrant_name"": ""Swiss National Tourist Office"", ""foreign_principle_name"": ""Swiss Government - Department of Posts and Railroads"", ""file_date"": ""1963-12-31"", ""signer_name"": ""Hans Baertschi""}",0.6000,0.7474,0.7849
"19650501_Italian Government Tourist Board, New York_Amendment_Amendment.pdf","{""registrant_name"": ""2ND Italian State Tourist Office"", ""foreign_principle_name"": ""Rookefeller Center - low York N.Y. it"", ""file_date"": ""5 day of may 1965"", ""registration_num"": ""568""}","{""registrant_name"": ""Italian State Tourist Office - 626 Fifth Ave."", ""file_date"": ""1964-12-31"", ""registration_num"": ""56""}",0.0000,0.1667,0.4492
19670301_Japan National Tourism Organization_Amendment_Amendment.pdf,"{""registration_num"": ""769"", ""registrant_name"": ""Japan National Tourist Organization"", ""signer_name"": ""Yoshio Tagaya"", ""file_date"": ""February, 1967. day of""}","{""registration_num"": ""796"", ""registrant_name"": ""Japan National Tourist Organization"", ""file_date"": ""1967-01-31"", ""signer_name"": ""Yoshio Tagaya""}",0.5000,0.5000,0.7381
19660309_German National Tourist Office_Amendment_Amendment.pdf,"{""registration_num"": ""616"", ""registrant_name"": ""German Tourist Information Office"", ""foreign_principle_name"": ""German Tourist Association, Frankfurt/Germany"", ""signer_name"": ""HANS J. BAUMANN"", ""file_date"": ""you day of March 1966""}","{""registration_num"": ""616"", ""registrant_name"": ""German Tourist Information Office"", ""foreign_principle_name"": ""German Tourist Association, Frankfurt/Germany"", ""file_date"": ""1966-03-09"", ""signer_name"": ""HANS J. BAUMANN""}",0.8000,0.8000,0.8552
"19670428_Austrian Tourist Office, Inc._Amendment_Amendment.pdf","{""registrant_name"": ""Austrian State Tourist Dept."", ""registration_num"": ""495"", ""signer_name"": ""Rudolf F. Mattesich"", ""file_date"": ""Subscribed and sworn to before me at \u2713 day of April commission expires ROSE RAUCH NOTARY PUBLIC, State No. 41-8502400 Qualified in Queens""}","{""registrant_name"": ""Austrian State Tourist Dept."", ""registration_num"": ""495"", ""signer_name"": ""Rudolf F. Mattesich"", ""file_date"": ""1967-04-28""}",0.7500,0.7500,0.7570
19671103_Arab Information Center_Amendment_Amendment.pdf,"{""registrant_name"": ""Arab Information Center"", ""registration_num"": ""876"", ""signer_name"": ""Mahmoud El-Okdah"", ""file_date"": ""1967 2 day of NOVEMBOR""}","{""registrant_name"": ""Arab Information Center"", ""registration_num"": ""876"", ""signer_name"": ""Mahmoud El-Okdah"", ""file_date"": ""1967-11-02""}",0.7500,0.7500,0.8333
"19670801_JETRO, San Francisco_Amendment_Amendment.pdf","{""registrant_name"": ""JAPAN TRADE CENTER San Francisco"", ""registration_num"": ""1813"", ""signer_name"": ""Hiromiche Eguchi"", ""signer_title"": ""Executive Director"", ""file_date"": "". 1967 4 day of august""}","{""registrant_name"": ""JAPAN TRADE CENTER San Francisco"", ""registration_num"": ""#1813"", ""signer_name"": ""Hiromichi Eguchi"", ""signer_title"": ""Executive Director"", ""file_date"": ""1967-08-04""}",0.6000,0.7000,0.8589
"19670901_JETRO, San Francisco_Amendment_Amendment.pdf","{""registrant_name"": ""JAPAN TRADE CENTER"", ""registration_num"": ""1813"", ""signer_name"": ""Hiromichi Eguchi"", ""signer_title"": ""Executive Director"", ""file_date"": ""September, 1967 th day of""}","{""registrant_name"": ""JAPAN TRADE CENTER San Francisco"", ""registration_num"": ""#1813"", ""signer_name"": ""Hiromichi Eguchi"", ""signer_title"": ""Executive Director"", ""file_date"": ""September 15, 1967""}",0.6000,0.8500,0.8806
"19671011_Austrian Tourist Office, Inc._Amendment_Amendment.pdf","{""registrant_name"": ""Austrian State Tourist Dept. Rudolf F. Mattesich"", ""registration_num"": ""495"", ""signer_name"": ""Rudolf F. Mattesich"", ""file_date"": ""9 day of ROSE RAUCH NOTARY PUBLPG, State of New No. 41-8502400""}","{""registrant_name"": ""Austrian State Tourist Dept. Rudolf F. Mattesich"", ""registration_num"": ""495"", ""signer_name"": ""Rudolf F. Mattesich"", ""file_date"": ""1967-06-30""}",0.7500,0.7500,0.7724
19660601_Netherlands Board of Tourism and Conventions (NBTC)_Amendment_Amendment.pdf,"{""registration_num"": ""619"", ""registrant_name"": ""NETHERLANDS NATIONAL TOURIST OFFICE ANVV"", ""foreign_principle_name"": ""Algemene Nederlandse Vereniging Voor Vreemdelingenverkeer"", ""signer_name"": ""H.W. LEEUWENBURGH"", ""signer_title"": ""Manager N.Y. Office"", ""file_date"": ""23 day of James 1966 .""}","{""registration_num"": ""619"", ""registrant_name"": ""NETHERLANDS NATIONAL TOURIST OFFICE ANVV"", ""foreign_principle_name"": ""Algemene Nederlandse Vereniging Voor Vreemdelingenverkeer"", ""file_date"": ""1965-06-30"", ""signer_name"": ""H.W. Leeuwenburgh"", ""signer_title"": ""Manager N.Y. Office""}",0.8333,0.8333,0.8810
"19680601_Italian Government Travel Office, Chicago_Amendment_Amendment.pdf","{""registrant_name"": ""Italian Government Travel Office"", ""registration_num"": ""1892"", ""file_date"": ""5 day of June 68 19""}","{""registrant_name"": ""Italian Government Travel Office"", ""registration_num"": ""1892"", ""file_date"": ""1968-06""}",0.6667,0.6667,0.7200
19680301_KOTRA_Amendment_Amendment.pdf,"{""registration_num"": ""1619"", ""registrant_name"": ""Korea Trade Promotion Center"", ""file_date"": ""17th day of March 1948""}","{""registration_num"": ""1619"", ""registrant_name"": ""Korea Trade Promotion Center"", ""file_date"": ""1968-03-14""}",0.6667,0.6667,0.7333
19650901_Arab Information Center_Amendment_Amendment.pdf,"{""registration_num"": ""876"", ""registrant_name"": ""Arab Information Center"", ""foreign_principle_name"": ""The Governments of Iraq, Jordan, Lebanon, Morocco, Sudan, of foreign principal Saudi Arabia, Tunisia, United Arab Republic, Yemen Arab Republic, Algeria, Syrian Arab Republic, State of Kuwait And Kingdom of Libya"", ""signer_name"": ""David Hinnawi"", ""signer_title"": ""Chief of Press"", ""file_date"": ""1965. day of '""}","{""registration_num"": ""876"", ""registrant_name"": ""Arab Information Center"", ""foreign_principle_name"": ""The Governments of Iraq, Jordan, Lebanon, Morocco, Sudan, Saudi Arabia, Tunisia, United Arab Republic, Yemen Arab Republic, Algeria, Syrian Arab Republic, State of Kuwait And Kingdom of Libya"", ""file_date"": ""1965-03-02"", ""signer_name"": ""David Hinnawi"", ""signer_title"": ""Chief of Press""}",0.6667,0.7895,0.8941
19690301_South African Tourism_Amendment_Amendment.pdf,"{""registrant_name"": ""SOUTH AFRICAN TOURIST CORPORATION"", ""registration_num"": ""603"", ""file_date"": ""14th day of March 1969""}","{""registrant_name"": ""SOUTH AFRICAN TOURIST CORPORATION"", ""registration_num"": ""603""}",0.6667,0.6667,0.6667
19710401_Netherlands Board of Tourism and Conventions (NBTC)_Amendment_Amendment.pdf,"{""registrant_name"": ""Mr. John G. Bertram Director for North America"", ""registration_num"": ""619"", ""file_date"": ""day of 19 // WEETHAM ETROGLIE""}","{""registrant_name"": ""Mr. John G. Bertram Director for North America"", ""registration_num"": ""619""}",0.6667,0.6667,0.6667
19681001_VisitDenmark_Amendment_Amendment.pdf,"{""registration_num"": ""634"", ""registrant_name"": ""DANISH NATIONAL TRAVEL OFFICE"", ""signer_name"": ""Axel Dessau"", ""file_date"": ""25 day of Octolico 68 168""}","{""registration_num"": ""634"", ""registrant_name"": ""DANISH NATIONAL TRAVEL OFFICE"", ""signer_name"": ""Axel Dessau"", ""file_date"": ""1968-10-25""}",0.7500,0.7500,0.7803
"19691121_Austrian Tourist Office, Inc._Amendment_Amendment.pdf","{""registrant_name"": ""Austrian National Tourist Office"", ""registration_num"": ""495"", ""file_date"": ""17 day of no ROSE RATCH ROTARY PUBLIC State of No. 41-8502400Qualified in Queens CountyCert. filed""}","{""registrant_name"": ""Heinz Patzak"", ""registration_num"": ""495"", ""file_date"": ""1969-11-21T16:00:00""}",0.3333,0.3333,0.4545
"19691101_Italian Government Tourist Board, New York_Amendment_Amendment.pdf","{""registrant_name"": ""Italian Government Travel Office E.N.I.T."", ""registration_num"": ""568"", ""signer_title"": ""Italian Travel Commissioner"", ""file_date"": ""Subscribed and sworn to before me at October 19 691 31 day of""}","{""registrant_name"": ""Italian Government Travel Office E.N.I.T."", ""registration_num"": ""568"", ""signer_title"": ""Italian Travel Commissioner"", ""file_date"": ""1969-11-07""}",0.7500,0.7500,0.7935
19710901_Hogan Lovells US LLP_Amendment_Amendment.pdf,"{""registration_num"": ""2244"", ""registrant_name"": ""Hogan & Hartson""}","{""registration_num"": ""2244"", ""registrant_name"": ""Hogan & Hartson"", ""file_date"": ""1971-08-02""}",1.0000,1.0000,1.0000
19710706_German National Tourist Office_Amendment_Amendment.pdf,"{""registration_num"": ""616"", ""registrant_name"": ""German National Tourist Office"", ""signer_name"": ""Claus Born"", ""file_date"": ""21 day of 1971""}","{""registration_num"": ""616"", ""registrant_name"": ""German National Tourist Office"", ""signer_name"": ""Claus J Born"", ""file_date"": ""June 21, 1971""}",0.5000,0.8429,0.8619
"19720201_World Zionist Organization - American Section, Inc._Amendment_Amendment.pdf","{""registrant_name"": ""World Zionist Organization-"", ""registration_num"": ""2278"", ""file_date"": ""February 1972 182 day of""}","{""registrant_name"": ""World Zionist Organization-American Section, Inc."", ""registration_num"": ""2278"", ""file_date"": ""1972-02-14""}",0.3333,0.5000,0.6782
19720601_Monaco Government Tourist Office_Amendment_Amendment.pdf,"{""registration_num"": ""2327"", ""registrant_name"": ""Frank W. Cresci"", ""file_date"": ""thday Sone day of , 1922""}","{""registration_num"": ""2327"", ""registrant_name"": ""Frank W. Cresci""}",0.6667,0.6667,0.6667
19720101_KOTRA_Amendment_Amendment.pdf,"{""registration_num"": ""1619"", ""registrant_name"": ""KOREA TRADE PROMOTION CENTER"", ""signer_name"": ""Hee Koh"", ""signer_title"": ""Wice President"", ""file_date"": ""4 thi 3 day of Jonany 17 Jomary""}","{""registration_num"": ""# 1619"", ""registrant_name"": ""KOREA TRADE PROMOTION CENTER"", ""signer_name"": ""Hee Koh Kim"", ""signer_title"": ""Vice President"", ""file_date"": ""January 13, 1971""}",0.4000,0.6600,0.8021
19720401_Monaco Government Tourist Office_Amendment_Amendment.pdf,"{""registration_num"": ""2327"", ""registrant_name"": ""Caroline Cushing"", ""signer_name"": ""Caroline Cushing"", ""file_date"": ""18th day of apristory""}","{""registration_num"": ""2327"", ""registrant_name"": ""Caroline Cushing"", ""signer_name"": ""Caroline Cushing""}",0.7500,0.7500,0.7500
19711201_Tourism Australia_Amendment_Amendment.pdf,"{""registration_num"": ""1032"", ""registrant_name"": ""Australian Tourist Commission"", ""signer_name"": ""John W. Holmes"", ""signer_title"": ""Manager, Western Region"", ""file_date"": ""December 1st day of , 1971""}","{""registration_num"": ""1032"", ""registrant_name"": ""Australian Tourist Commission"", ""signer_name"": ""John W. Holmes"", ""signer_title"": ""Manager, Western Region"", ""file_date"": ""1971-12-01""}",0.8000,0.8000,0.8500
19720905_German National Tourist Office_Amendment_Amendment.pdf,"{""registration_num"": ""616"", ""registrant_name"": ""German National Tourist Office"", ""file_date"": ""17UGUST day of 19 72""}","{""registration_num"": ""616"", ""registrant_name"": ""German National Tourist Office"", ""file_date"": ""1972-08-17""}",0.6667,0.6667,0.7143
"19720801_Hong Kong Trade Development Council, Inc._Amendment_Amendment.pdf","{""registrant_name"": ""Hong Kong Trade Development Council"", ""registration_num"": ""2181"", ""signer_name"": ""Pryma peek"", ""file_date"": ""16 day of , 1972 August""}","{""registrant_name"": ""Hong Kong Trade Development Council"", ""registration_num"": ""2181"", ""signer_name"": ""Anna T. Stier"", ""file_date"": ""1972-08-16""}",0.5000,0.5000,0.6371
"19730401_India Tourism, New York_Amendment_Amendment.pdf","{""registrant_name"": ""Government of India Tourist Office"", ""registration_num"": ""2329"", ""signer_name"": ""Loca keihnamachi"", ""file_date"": ""28 day of MARCH 1973 VINICHET A. MAGLIA', 'JR.""}","{""registrant_name"": ""Government of India Tourist Office"", ""registration_num"": ""2329"", ""file_date"": ""March 28, 1973""}",0.5000,0.6364,0.5962
19730401_Barbados Investment _ Development Corp. Barbados Tourism_Amendment_Amendment.pdf,"{""registrant_name"": ""BARBADOS IND. DEV. CORPORATION BARBADOS TOURIST BOARD"", ""registration_num"": ""1995"", ""signer_title"": ""Manager"", ""file_date"": ""28 day of March , 19 23""}","{""registrant_name"": ""BARBADOS IND. DEV. CORPORATION BARBADOS TOURIST BOARD"", ""registration_num"": ""1995"", ""signer_title"": ""Manager"", ""file_date"": ""1973-04-05""}",0.7500,0.7143,0.8017
"19730405_Austrian Tourist Office, Inc._Amendment_Amendment.pdf","{""registrant_name"": ""Austrian National Tourist Office Austrian Federal Railways"", ""registration_num"": ""495"", ""file_date"": ""30 day of March 1973""}","{""registrant_name"": ""Austrian National Tourist Office Austrian Federal Railways"", ""registration_num"": ""495"", ""file_date"": ""1973-03-30""}",0.6667,0.6190,0.7619
19730301_Bermuda Tourism Authority_Amendment_Amendment.pdf,"{""registration_num"": ""430"", ""registrant_name"": ""Bermuda Department of Tourism"", ""signer_name"": ""James. C. Forbes"", ""signer_title"": ""General Manager U. S. A."", ""file_date"": ""7 day of March 1973 '""}","{""registration_num"": ""430"", ""registrant_name"": ""Bermuda Department of Tourism"", ""signer_name"": ""James C. Forbes"", ""signer_title"": ""General Manager U.S.A."", ""file_date"": ""March 13, 1973""}",0.6000,0.8143,0.9145
19720801_Netherlands Board of Tourism and Conventions (NBTC)_Amendment_Amendment.pdf,"{""registrant_name"": ""NETHERLANDS NATIONAL TOURIST OFFICE 576 Fifth Avenue"", ""registration_num"": ""619"", ""signer_name"": ""John G. Bertram"", ""signer_title"": ""Director for North America"", ""file_date"": ""1972 16 day of August""}","{""registrant_name"": ""Netherlands National Tourist Office"", ""registration_num"": ""619"", ""signer_name"": ""John G. Bertram"", ""signer_title"": ""Director for North America Netherlands National Tourist Office"", ""file_date"": ""1972-08-16""}",0.4000,0.6788,0.7619
19740501_IDA Ireland_Amendment_Amendment.pdf,"{""registrant_name"": ""INDUSTRIAL DEVELOPMENT AUTHORITY IRELAND"", ""registration_num"": ""1770"", ""file_date"": ""22day of motified in CANTLO tary Public, State of NewW. 41-0555025""}","{""registrant_name"": ""INDUSTRIAL DEVELOPMENT AUTHORITY - IRELAND"", ""registration_num"": ""1770"", ""file_date"": ""1974-01""}",0.6667,0.6667,0.6860
19730601_Bermuda Tourism Authority_Amendment_Amendment.pdf,"{""registrant_name"": ""Bermuda Department of Tourism (Bermuda News Bureau, New York)"", ""registration_num"": ""430"", ""signer_name"": ""James C. Forbes"", ""signer_title"": ""General Manager, U.S.A."", ""file_date"": ""_ day of 9 DONATO CECCIO Notary Public, State of New""}","{""registrant_name"": ""Bermuda Department of Tourism (Bermuda News Bureau, New York)"", ""registration_num"": ""430"", ""signer_name"": ""James C. Forbes"", ""signer_title"": ""General Manager, U.S.A."", ""file_date"": ""1973-06-12""}",0.8000,0.7778,0.8070
19731201_Office of Tibet_Amendment_Amendment.pdf,"{""registrant_name"": ""THE OFFICE OF TIBET"", ""registration_num"": ""1699"", ""signer_name"": ""Jurgin Jetting"", ""signer_title"": ""ACTING REPRESENTATIVE OF HIS HOLINESS THE DALAI LAMA"", ""file_date"": ""4TH day of DECEMBER 1973""}","{""registrant_name"": ""THE OFFICE OF TIBET"", ""registration_num"": ""1699"", ""signer_name"": ""Tenzin DeTser"", ""signer_title"": ""Acting Representative of His Holiness The Dalai Lama"", ""file_date"": ""1973-12-04""}",0.6000,0.6000,0.7241
"19740701_JETRO, San Francisco_Amendment_Amendment.pdf","{""registration_num"": ""1813"", ""registrant_name"": ""JAPAN TRADE CENTER"", ""signer_title"": ""Executive Dir."", ""signer_name"": ""Haruvo Matsubara,"", ""file_date"": ""11th July 74. day of 19""}","{""registration_num"": ""1813"", ""registrant_name"": ""JAPAN TRADE CENTER"", ""signer_title"": ""Executive Dir."", ""signer_name"": ""Haruyo Matsubara"", ""file_date"": ""1974-07-11""}",0.6000,0.7000,0.8142
19741101_Cayman Islands Department of Tourism_Amendment_Amendment.pdf,"{""registration_num"": ""2500"", ""registrant_name"": ""CAYMAN ISLANDS DEPARTMENT OF TOURISM"", ""signer_name"": ""Eric J. Bergstrom"", ""signer_title"": ""Director of Tourism"", ""file_date"": ""8th November day of 19 74""}","{""registration_num"": ""2500"", ""registrant_name"": ""CAYMAN ISLANDS DEPARTMENT OF TOURISM"", ""signer_name"": ""Eric J. Bergstrom"", ""signer_title"": ""Director of Tourism"", ""file_date"": ""1974-11-08""}",0.8000,0.8000,0.8485
19750801_Netherlands Board of Tourism and Conventions (NBTC)_Amendment_Amendment.pdf,"{""registration_num"": ""619"", ""registrant_name"": ""NETHERLANDS NATIONAL TOURIST OFFICE"", ""signer_name"": ""Henry Fisher"", ""signer_title"": ""Deputy Director""}","{""registration_num"": ""619"", ""registrant_name"": ""NETHERLANDS NATIONAL TOURIST OFFICE"", ""signer_name"": ""Henry Fisher"", ""signer_title"": ""Deputy Director""}",1.0000,1.0000,1.0000
19741203_Arab Information Center_Amendment_Amendment.pdf,"{""registration_num"": ""876"", ""registrant_name"": ""Arab Information Center"", ""signer_name"": ""Khalid I. Babaa"", ""signer_title"": ""Director, San Francisco office"", ""file_date"": ""th 18 day of 1974""}","{""registration_num"": ""876"", ""registrant_name"": ""Arab Information Center"", ""signer_name"": ""Khalid I. Babaa"", ""signer_title"": ""Director, San Francisco office"", ""file_date"": ""1974-07-18""}",0.8000,0.8000,0.8640
"19750124_Austrian Tourist Office, Inc._Amendment_Amendment.pdf","{""registrant_name"": ""Mrs. Rose Marie Fliegel"", ""registration_num"": ""495"", ""signer_name"": ""Rose Marie marie Frigel"", ""file_date"": ""21 day of Janary 175 JOHN LIEBL Public, State of""}","{""registrant_name"": ""Mrs. Rose Marie Fliegel"", ""registration_num"": ""495"", ""signer_name"": ""Rose Marie Fliegel"", ""file_date"": ""1975-01-21""}",0.5000,0.6429,0.7133
19750815_Moroccan National Tourist Office_Amendment_Amendment.pdf,"{""registration_num"": ""1793"", ""registrant_name"": ""Moroccan National Tourist Office"", ""file_date"": ""day of August 1975""}","{""registration_num"": ""1793"", ""registrant_name"": ""Moroccan National Tourist Office"", ""file_date"": ""1975-08-15""}",0.6667,0.6667,0.7692
19750101_Quebec Government Office_Dissemination Report_Dissemination Report.pdf,"{""registrant_name"": ""Quebec Govornment House"", ""registration_num"": ""1787"", ""foreign_principle_name"": ""Quebec Government"", ""file_date"": ""1/15/75"", ""signer_title"": ""Delegate General"", ""signer_name"": ""Guy Poliquin""}","{""registrant_name"": ""Quebec Government House"", ""registration_num"": ""1787"", ""foreign_principle_name"": ""Quebec Government"", ""file_date"": ""1975-01-15"", ""signer_title"": ""Delegate General"", ""signer_name"": ""Guy Poliquin""}",0.6667,0.7778,0.9030
"19760201_Italian Government Tourist Board (ENIT), Los Angeles_Amendment_Amendment.pdf","{""registration_num"": ""1884"", ""registrant_name"": ""Italian Government Travel Office-E.N.I.T 360 Post Street, Suite 801, San Francisco, Cal. Cal.""}","{""registration_num"": ""#1884"", ""registrant_name"": ""Italian Government Travel Office-E.N.I.T""}",0.5000,0.7353,0.8000
19750601_Quebec Government Office_Dissemination Report_Dissemination Report.pdf,"{""registration_num"": ""1787"", ""registrant_name"": ""QUEBEC GOVERNMENT HOUSE"", ""foreign_principle_name"": ""Quebec Government - Department of Industry & Commerce"", ""signer_title"": ""Delegate General"", ""file_date"": ""June 9, 1975"", ""signer_name"": ""Guy Poliquin""}","{""registration_num"": ""1787"", ""registrant_name"": ""Quebec Government House"", ""foreign_principle_name"": ""Quebec Government - Department of Industry & Commerce"", ""file_date"": ""1975-06-09"", ""signer_name"": ""Guy Poliquin"", ""signer_title"": ""Senior Economic Counsellor""}",0.6667,0.6667,0.7607
"19760401_Italian Government Travel Office, Chicago_Amendment_Amendment.pdf","{""registrant_name"": ""Italian Government Travel Office"", ""registration_num"": ""1892"", ""signer_name"": ""Enrico Maggi."", ""file_date"": ""1976 22hd day of April""}","{""registrant_name"": ""Italian Government Travel Office"", ""registration_num"": ""1892"", ""signer_name"": ""Enrico Maggi"", ""file_date"": ""1976-04-22""}",0.7500,0.7500,0.8500
"19760801_Korea National Tourism Organization, New Jersey_Amendment_Amendment.pdf","{""registrant_name"": ""Korea National Tourism Corp"", ""registration_num"": ""2614"", ""file_date"": ""16 day of! August 19 26 .""}","{""registrant_name"": ""Korea National Tourism Corp"", ""registration_num"": ""2614"", ""file_date"": ""1976-08-16""}",0.6667,0.6667,0.7111
"19760301_Italian Government Tourist Board, New York_Amendment_Amendment.pdf","{""registration_num"": ""568"", ""registrant_name"": ""1. Name of Registrant ITALIAN GOVERNMENT TRAVEL OFFICE"", ""signer_name"": ""Dr. Emilio Tommasi"", ""signer_title"": ""Italian Travel Commissioner"", ""file_date"": ""17' March .1976 day of""}","{""registration_num"": ""568"", ""registrant_name"": ""ITALIAN GOVERNMENT TRAVEL OFFICE"", ""signer_name"": ""Dr. Emilio Tommasi"", ""signer_title"": ""Italian Travel Commissioner"", ""file_date"": ""March 17, 1976""}",0.6000,0.8833,0.8718
19770501_KOTRA_Amendment_Amendment.pdf,"{""registrant_name"": ""KOREA TRADE PROMOTION CENTER"", ""registration_num"": ""1619"", ""signer_title"": ""DEPUTY DIRECTOR"", ""file_date"": ""2 day of MAY 22 19""}","{""registrant_name"": ""KOREA TRADE PROMOTION CENTER"", ""registration_num"": ""1619"", ""signer_title"": ""DEPUTY DIRECTOR"", ""file_date"": ""May 2, 1977""}",0.7500,0.8611,0.8929
"19770401_World Zionist Organization - American Section, Inc._Amendment_Amendment.pdf","{""registration_num"": ""2278"", ""registrant_name"": ""WORLD ZIONIST ORGANIZATION AMERICAN SECTION, INC."", ""signer_name"": ""Isadore Hamlin"", ""file_date"": ""1927 16th day of""}","{""registration_num"": ""2278"", ""registrant_name"": ""WORLD ZIONIST ORGANIZATION - AMERICAN SECTION, INC."", ""signer_name"": ""Isadore Hamlin"", ""file_date"": ""1977-06-16""}",0.7500,0.7500,0.8542
"19770501_JETRO, Los Angeles_Amendment_Amendment.pdf","{""registration_num"": ""1833"", ""registrant_name"": ""Japan Trade Center, Los Angeles"", ""signer_name"": ""Shinsaku Sogo"", ""signer_title"": ""Director General"", ""file_date"": ""1974 24 day of May""}","{""registration_num"": ""1833"", ""registrant_name"": ""Japan Trade Center, Los Angeles"", ""signer_name"": ""Shinsaku Sogo"", ""signer_title"": ""Director General"", ""file_date"": ""May 31, 1977""}",0.8000,0.8500,0.8414
19770101_Representative of the Turkish Republic of Northern Cyprus_Amendment_Amendment.pdf,"{""registrant_name"": ""OFFICE OF TURKISH CYPRIOT COMMUNITY"", ""registration_num"": ""2619"", ""signer_name"": ""Nail Atalay"", ""signer_title"": ""Director"", ""file_date"": ""28th day of December 1976""}","{""registrant_name"": ""OFFICE OF TURKISH CYPRIOT COMMUNITY"", ""registration_num"": ""2619"", ""signer_name"": ""Nail Atalay"", ""signer_title"": ""Director"", ""file_date"": ""1976-12-28""}",0.8000,0.8000,0.8485
"19760701_Tourism Authority of Thailand, New York_Amendment_Amendment.pdf","{""registration_num"": ""1897"", ""registrant_name"": ""Tourist Organization of Thailand"", ""signer_name"": ""Staporn Sirisinha"", ""signer_title"": ""Assistant-Chief, T.O.T., N.Y. Office"", ""file_date"": ""16 day of 19 Jury 766""}","{""registration_num"": ""1897"", ""registrant_name"": ""Tourist Organization of Thailand"", ""signer_name"": ""Staporn Sirisinha"", ""signer_title"": ""Assistant-Chief, T.O.T., N.Y. Office"", ""file_date"": ""1975-06-16""}",0.8000,0.8000,0.8276
19770501_Bermuda Tourism Authority_Amendment_Amendment.pdf,"{""registration_num"": ""430"", ""registrant_name"": ""BERMUDA DEPT. OF TOURISM"", ""signer_name"": ""Rong"", ""signer_title"": ""General Manager,"", ""file_date"": ""April 26 day of , 1927""}","{""registration_num"": ""430"", ""registrant_name"": ""BERMUDA DEPT. OF TOURISM"", ""signer_name"": ""John F. Acers"", ""signer_title"": ""General Manager, North America"", ""file_date"": ""1977-05-02""}",0.4000,0.5333,0.6042
"19770601_World Zionist Organization - American Section, Inc._Amendment_Amendment.pdf","{""registrant_name"": ""World Zionist Organization American Section"", ""registration_num"": ""2278"", ""signer_name"": ""Isadore Hamlin"", ""file_date"": ""June 1977 134 day of""}","{""registrant_name"": ""World Zionist Organization - American Section"", ""registration_num"": ""2278"", ""signer_name"": ""Isadore Hamlin"", ""file_date"": ""June 13, 1977""}",0.7500,0.8750,0.8906
19780701_Office of Tibet_Amendment_Amendment.pdf,"{""registrant_name"": ""The Office of Tibet"", ""registration_num"": ""1699"", ""file_date"": ""11 day of July 1978""}","{""registrant_name"": ""The Office of Tibet"", ""registration_num"": ""1699"", ""file_date"": ""1978-07-11""}",0.6667,0.6667,0.7654
"19770501_Korea National Tourism Organization, New Jersey_Amendment_Amendment.pdf","{""registrant_name"": ""KOREA NATIONAL TOURISM CORP."", ""registration_num"": ""2614"", ""signer_title"": ""Director"", ""signer_name"": ""Young-Duck Min"", ""file_date"": ""24 day of MAY , 1977""}","{""registrant_name"": ""KOREA NATIONAL TOURISM CORP."", ""registration_num"": ""2614"", ""signer_title"": ""Director"", ""signer_name"": ""Young-Duck Min"", ""file_date"": ""May 24, 1977""}",0.8000,0.9500,0.9103
19781101_VisitDenmark_Amendment_Amendment.pdf,"{""registrant_name"": ""Steen Lovschal"", ""registration_num"": ""634""}","{""registrant_name"": ""Steen Lovschal"", ""registration_num"": ""634""}",1.0000,1.0000,1.0000
"19771201_JETRO, Houston_Amendment_Amendment.pdf","{""registration_num"": ""2277"", ""registrant_name"": ""MASAAKI KITAGAWA"", ""signer_name"": ""Masaaki Kitagawa"", ""signer_title"": ""Executive Director"", ""file_date"": ""23rd day of December 19 77""}","{""registration_num"": ""2277"", ""registrant_name"": ""Japan Trade Center"", ""signer_name"": ""Masaaki Kitagawa"", ""signer_title"": ""Executive Director"", ""file_date"": ""1977-12-23""}",0.6000,0.6000,0.6824
19781201_Quebec Government Office_Amendment_Amendment.pdf,"{""registrant_name"": ""Quebec Government House"", ""registration_num"": ""1787"", ""signer_name"": ""MARCEL BERGERON"", ""signer_title"": ""Delegate General""}","{""registrant_name"": ""Quebec Government House"", ""registration_num"": ""1787"", ""signer_name"": ""MARCEL BERGERON"", ""signer_title"": ""Delegated General""}",0.7500,0.8750,0.9924
19781024_FCB New York_Amendment_Amendment.pdf,"{""registrant_name"": ""Foote, Cone & Belding Advertising, Inc."", ""registration_num"": ""2415"", ""signer_name"": ""Maine C. Cohen"", ""file_date"": ""3RD day of October 1978""}","{""registrant_name"": ""Foote, Cone & Belding Advertising, Inc."", ""registration_num"": ""2415"", ""signer_name"": ""Maxine Cohen"", ""file_date"": ""October 30, 1978""}",0.5000,0.7250,0.8779
19790101_IDA Ireland_Amendment_Amendment.pdf,"{""registrant_name"": ""Industrial Development Authority Ireland"", ""registration_num"": ""1770"", ""signer_name"": ""RONALD MAY"", ""signer_title"": ""NOTARY PUBLIC."", ""file_date"": ""JAN - 2 1979""}","{""registrant_name"": ""Industrial Development Authority Ireland"", ""registration_num"": ""1770"", ""signer_name"": ""Ronald B. May"", ""signer_title"": ""Notary Public"", ""file_date"": ""1979-01-02""}",0.6000,0.7600,0.8707
19790201_Hogan Lovells US LLP_Amendment_Amendment.pdf,"{""registrant_name"": ""Hogan & Hartson"", ""registration_num"": ""2244"", ""file_date"": ""23 day of February 1979""}","{""registrant_name"": ""Hogan & Hartson"", ""registration_num"": ""2244"", ""file_date"": ""1979-02-23""}",0.6667,0.6667,0.7527
19781201_Cayman Islands Department of Tourism_Amendment_Amendment.pdf,"{""registrant_name"": ""Cayman Islands Department of Tourism"", ""registration_num"": ""2500"", ""signer_name"": ""Erik Bergstrom"", ""signer_title"": ""Director of Tourism"", ""file_date"": ""th 15 day of December 1978""}","{""registrant_name"": ""Cayman Islands Department of Tourism"", ""registration_num"": ""2500"", ""signer_name"": ""Eric J. Bergstrom"", ""signer_title"": ""Director of Tourism"", ""file_date"": ""1978-12-15""}",0.6000,0.6800,0.8204
19790101_Office of Tibet_Dissemination Report_Dissemination Report.pdf,"{""registrant_name"": ""The Office of Tibet"", ""registration_num"": ""1699"", ""foreign_principle_name"": ""The Dalai Lama"", ""file_date"": ""1/8/80"", ""signer_title"": ""Tenzin N. The Baai Lama hong, Acting Represen-"", ""signer_name"": ""Tenzin N. The Baai hong""}","{""registrant_name"": ""The Office of Tibet"", ""registration_num"": ""1699"", ""foreign_principle_name"": ""The Dalai Lama"", ""signer_name"": ""Tenzin N. Tethong""}",0.5000,0.5952,0.6275
19790301_Cayman Islands Department of Tourism_Amendment_Amendment.pdf,"{""registration_num"": ""2500"", ""registrant_name"": ""Malka Mor"", ""signer_name"": ""Malka MOR"", ""file_date"": ""12-day of 19""}","{""registration_num"": ""2500"", ""registrant_name"": ""Malka Mor"", ""signer_name"": ""Malka Mor"", ""file_date"": ""March 12, 1979""}",0.7500,0.7500,0.8542
19790501_IDA Ireland_Amendment_Amendment.pdf,"{""registrant_name"": ""Industrial Development Authority Ireland"", ""registration_num"": ""1770"", ""file_date"": ""TO BEFORE ME""}","{""registrant_name"": ""Industrial Development Authority Ireland"", ""registration_num"": ""1770"", ""file_date"": ""1979-05-17""}",0.6667,0.6667,0.6667
19790301_Aruba Tourism Authority_Amendment_Amendment.pdf,"{""registrant_name"": ""ARUBA TOURIST BUREAU"", ""registration_num"": ""2987"", ""signer_title"": ""Director"", ""signer_name"": ""ter Chai"", ""file_date"": ""15 day of February 1979""}","{""registrant_name"": ""ARUBA TOURIST BUREAU"", ""registration_num"": ""2987"", ""signer_title"": ""Director"", ""signer_name"": ""Walter Chai"", ""file_date"": ""1979-02-15""}",0.6000,0.7000,0.8200
19790101_Representative of the Turkish Republic of Northern Cyprus_Amendment_Amendment.pdf,"{""registrant_name"": ""1. Name of Registrant Office of the Representative of the Turkish Federated State of Cyprus"", ""registration_num"": ""2619"", ""signer_name"": ""NAIL ATALAY"", ""signer_title"": ""DIRECTOR"", ""file_date"": ""19 d. day of January 19 79 .""}","{""registrant_name"": ""Office of the Representative of the Turkish Federated State of Cyprus"", ""registration_num"": ""2619"", ""signer_name"": ""Nail Atalay"", ""signer_title"": ""Director"", ""file_date"": ""1979-01-19""}",0.6000,0.7273,0.8191
19790601_Quebec Government Office_Amendment_Amendment.pdf,"{""registrant_name"": ""Qu\u00e9bec Government House"", ""registration_num"": ""1787"", ""signer_name"": ""MARCEL BERGERON"", ""signer_title"": ""Delegate General"", ""file_date"": ""1 day of June 1979""}","{""registrant_name"": ""Qu\u00e9bec Government House"", ""registration_num"": ""1787"", ""signer_name"": ""Marcel Bergeron"", ""signer_title"": ""Delegate General"", ""file_date"": ""1979-06-05""}",0.8000,0.8000,0.8615
"19791101_Hong Kong Trade Development Council, Inc._Amendment_Amendment.pdf","{""registrant_name"": ""Hong Kong Trade Development Council"", ""registration_num"": ""2181"", ""signer_name"": ""Louis Epstein"", ""signer_title"": ""Press Officer"", ""file_date"": ""30 day of the .1979""}","{""registrant_name"": ""Hong Kong Trade Development Council"", ""registration_num"": ""2181"", ""signer_name"": ""Louis Epstein"", ""signer_title"": ""Press Officer"", ""file_date"": ""October 30, 1979""}",0.8000,0.9143,0.8966
19800101_St. Lucia Tourist Board_Amendment_Amendment.pdf,"{""registration_num"": ""2668"", ""registrant_name"": ""ST. LUCIA TOURIST BOARD"", ""file_date"": ""14th day of Janny 1980""}","{""registration_num"": ""2668"", ""registrant_name"": ""ST. LUCIA TOURIST BOARD"", ""file_date"": ""1980-01-21""}",0.6667,0.6667,0.7556
19791001_Aruba Tourism Authority_Amendment_Amendment.pdf,"{""registration_num"": ""2987"", ""registrant_name"": ""ARUBA TOURIST BUREAU"", ""signer_title"": ""(Director)"", ""signer_name"": ""Willy Walter CHAI"", ""file_date"": ""11 day of October 1975""}","{""registration_num"": ""2987"", ""registrant_name"": ""ARUBA TOURIST BUREAU"", ""signer_title"": ""Director"", ""signer_name"": ""Willy Walter CHAI"", ""file_date"": ""1979-10-09""}",0.8000,0.8000,0.8400
"19800101_Italian Government Travel Office, Chicago_Amendment_Amendment.pdf","{""registration_num"": ""1892"", ""registrant_name"": ""ITALIAN GOVERNMENT TRAVEL OFFICE"", ""signer_name"": ""Zola"", ""file_date"": ""15th day of JANUARY 19 RU '""}","{""registration_num"": ""1892"", ""registrant_name"": ""ITALIAN GOVERNMENT TRAVEL OFFICE"", ""file_date"": ""1979-01-21""}",0.5000,0.5000,0.5303
"19790801_Far East Trade Services, Inc._Amendment_Amendment.pdf","{""registration_num"": ""2985"", ""registrant_name"": ""FAR EAST TRADE SERVICE, Inc."", ""signer_title"": ""Director"", ""signer_name"": ""CHARLES C. L. HSU"", ""file_date"": ""19 79 . day of 419STEAL""}","{""registration_num"": ""2985"", ""registrant_name"": ""FAR EAST TRADE SERVICE, Inc. Branch Office - Los Angeles"", ""signer_title"": ""Director"", ""signer_name"": ""CHARLES C. L. HSU"", ""file_date"": ""1979-08-15""}",0.6000,0.7429,0.8023
19800301_Hong Kong Tourism Board_Amendment_Amendment.pdf,"{""registrant_name"": ""EDWIN W. TIEDEMANN"", ""registration_num"": ""2110"", ""file_date"": ""4th day of March 1980 '""}","{""registrant_name"": ""EDWIN W. TIEDEMANN"", ""registration_num"": ""2110"", ""file_date"": ""March 15, 1980""}",0.6667,0.8333,0.8627
19790801_Office of Tibet_Dissemination Report_Dissemination Report.pdf,"{""registration_num"": ""1699"", ""registrant_name"": ""The Office of Tibet"", ""foreign_principle_name"": ""The Dalai Lama"", ""signer_name"": ""Tenzin N. Tethong"", ""file_date"": ""8/23/79"", ""signer_title"": ""Acting Representative of the Dalai""}","{""registration_num"": ""1699"", ""registrant_name"": ""The Office of Tibet"", ""foreign_principle_name"": ""The Dalai Lama"", ""signer_name"": ""Tenzin N. Tethong"", ""file_date"": ""1979-08-23"", ""signer_title"": ""Acting Representative of the Dalai Lama""}",0.6667,0.8148,0.8974
"19800501_Jamaica Tourist Board, Florida_Amendment_Amendment.pdf","{""registrant_name"": ""JAMAICA TOURIST BD"", ""registration_num"": ""2360"", ""signer_name"": ""J. ED ARD DACCARett"", ""file_date"": ""8th day of May 1980""}","{""registrant_name"": ""JAMAICA TOURIST BD"", ""registration_num"": ""#2360"", ""signer_name"": ""J. EDWARD MCCARETT"", ""file_date"": ""May 14, 1980""}",0.5000,0.6964,0.8476
19800301_Quebec Government Office_Amendment_Amendment.pdf,"{""registration_num"": ""1787"", ""registrant_name"": ""Qu\u00e9bec Government House"", ""signer_name"": ""MARCEL BERGERON"", ""signer_title"": ""Delegate General"", ""file_date"": ""\u2713 day of , 1980""}","{""registration_num"": ""1787"", ""registrant_name"": ""Qu\u00e9bec Government House"", ""signer_name"": ""Marcel Bergeron"", ""signer_title"": ""Delegate General"", ""file_date"": ""1980-03-06""}",0.8000,0.8000,0.8762
"19810701_Jamaica Tourist Board, Florida_Amendment_Amendment.pdf","{""registrant_name"": ""LESTER LEOPOLD NUNES"", ""registration_num"": ""2360"", ""file_date"": ""1981 7 day of July . NOTARY PUBLIC STATE OF HORIDA AT LARGE . 10 1984""}","{""registrant_name"": ""Lester Leopold Nunes"", ""registration_num"": ""2360"", ""file_date"": ""July 19, 1981""}",0.6667,0.7451,0.7532
"19801001_Arnold _ Porter Kaye Scholer, LLP_Amendment_Amendment.pdf","{""registrant_name"": ""ARNOLD & PORTER"", ""registration_num"": ""1750"", ""signer_name"": ""Brooksley Landau"", ""file_date"": ""17th day of October 1980""}","{""registrant_name"": ""ARNOLD & PORTER"", ""registration_num"": ""1750"", ""signer_name"": ""Brooksley Landau"", ""file_date"": ""October 19, 1980""}",0.7500,0.8750,0.9038
"19800801_Italian Government Travel Office, Chicago_Amendment_Amendment.pdf","{""registrant_name"": ""ITALIAN GOVERNMENT TRAVEL OFFICE"", ""registration_num"": ""1892"", ""file_date"": ""65 day of AUGUST ., 1980""}","{""registrant_name"": ""ITALIAN GOVERNMENT TRAVEL OFFICE"", ""registration_num"": ""1892"", ""file_date"": ""1980-08-02T05:44:00""}",0.6667,0.6667,0.7407
19810201_Tourism Australia_Amendment_Amendment.pdf,"{""registrant_name"": ""Australian Tourist Commission"", ""registration_num"": ""1032"", ""signer_name"": ""Kim Duncte"", ""file_date"": ""this 10th 10th day of OFFICIAL SEAL DOROTHY ROSENBERG""}","{""registrant_name"": ""Australian Tourist Commission"", ""registration_num"": ""1032"", ""signer_name"": ""Kim Dunstan"", ""file_date"": ""1981-02-13""}",0.5000,0.6250,0.7151
19810701_St. Lucia Tourist Board_Amendment_Amendment.pdf,"{""registration_num"": ""2668"", ""registrant_name"": ""ST. LUCIA TOURIST BOARD"", ""file_date"": ""June 26 day of 1981""}","{""registration_num"": ""2668"", ""registrant_name"": ""ST. LUCIA TOURIST BOARD"", ""file_date"": ""1981-06-26""}",0.6667,0.6667,0.7654
"19800601_Jamaica Tourist Board, Florida_Amendment_Amendment.pdf","{""registrant_name"": ""JAMAICA TOURIST BOARD"", ""registration_num"": ""2360"", ""signer_name"": ""y Thomps!"", ""file_date"": ""1980 th 27 day of""}","{""registrant_name"": ""JAMAICA TOURIST BOARD"", ""registration_num"": ""2360"", ""signer_name"": ""GWENDO LYN YVONNE THOMSON"", ""file_date"": ""May 27, 1980""}",0.5000,0.6250,0.6775
"19810601_Arnold _ Porter Kaye Scholer, LLP_Amendment_Amendment.pdf","{""registrant_name"": ""ARNOLD & PORTER"", ""registration_num"": ""1750"", ""signer_name"": ""Brooksley F. Landau"", ""signer_title"": ""Partner"", ""file_date"": ""22nd day of June 19 81""}","{""registrant_name"": ""ARNOLD & PORTER"", ""registration_num"": ""1750"", ""signer_name"": ""Brooksley B. Landau"", ""signer_title"": ""Partner"", ""file_date"": ""1981-06-22""}",0.6000,0.7333,0.8156
19811201_Monaco Government Tourist Office_Amendment_Amendment.pdf,"{""registrant_name"": ""Monaco Government Tourist Office"", ""registration_num"": ""2327"", ""signer_title"": ""Consul"", ""file_date"": ""22-day of Dec 1981 '""}","{""registrant_name"": ""Monaco Government Tourist Office"", ""registration_num"": ""2327"", ""file_date"": ""1981-12-22""}",0.5000,0.5000,0.5800
"19820201_Squire Patton Boggs, LLP_Amendment_Amendment.pdf","{""registration_num"": ""2165"", ""registrant_name"": ""Patton, Boggs & Blow"", ""signer_name"": ""James R. Patton, Jr."", ""signer_title"": ""Managing Partner"", ""file_date"": ""Janney 29 day of , 1982""}","{""registration_num"": ""2165"", ""registrant_name"": ""Patton, Boggs & Blow"", ""signer_name"": ""James R. Patton, Jr."", ""signer_title"": ""Managing Partner"", ""file_date"": ""1982-01-29""}",0.8000,0.8000,0.8552
"19820501_Hong Kong Trade Development Council, Inc._Amendment_Amendment.pdf","{""registration_num"": ""2181"", ""registrant_name"": ""ROGER YING CHU"", ""file_date"": ""17 day of May 19 12""}","{""registration_num"": ""2181"", ""registrant_name"": ""ROGER YING CHU"", ""file_date"": ""May 26, 1982""}",0.6667,0.7407,0.8222
19820401_Bermuda Tourism Authority_Amendment_Amendment.pdf,"{""registrant_name"": ""Bermuda Department of Tourism"", ""registration_num"": ""430"", ""signer_name"": ""Ronald N. Bassett"", ""signer_title"": ""General Manager"", ""file_date"": ""8 day of april 1984""}","{""registrant_name"": ""Bermuda Department of Tourism"", ""registration_num"": ""430"", ""signer_name"": ""Ronald N. Bassett"", ""signer_title"": ""General Manager, North America"", ""file_date"": ""April 5, 1984""}",0.6000,0.8333,0.8654
19821101_Aruba Tourism Authority_Amendment_Amendment.pdf,"{""registrant_name"": ""ARUBA TOURIST BUREAU"", ""registration_num"": ""2987"", ""signer_name"": ""Virginia Britton"", ""file_date"": ""17 day of 19""}","{""registrant_name"": ""ARUBA TOURIST BUREAU"", ""registration_num"": ""2987"", ""signer_name"": ""Virginia Britton""}",0.7500,0.7500,0.7500
19830101_British Virgin Islands Tourist Board_Amendment_Amendment.pdf,"{""registrant_name"": ""British Virgin Island Tourist Board"", ""registration_num"": ""3354"", ""signer_title"": ""Manager BUT Tourist Boarp."", ""file_date"": ""24 day of January 1983""}","{""registrant_name"": ""British Virgin Island Tourist Board"", ""registration_num"": ""3354"", ""signer_title"": ""Manager"", ""file_date"": ""1983-01-24""}",0.5000,0.6000,0.6760
"19821101_JETRO, Los Angeles_Amendment_Amendment.pdf","{""registrant_name"": ""Japan Trade Center, Los Angeles"", ""registration_num"": ""1833"", ""signer_name"": ""Akira Tsutsumi"", ""signer_title"": ""Director General"", ""file_date"": ""57h day of October 1982""}","{""registrant_name"": ""Japan Trade Center, Los Angeles"", ""registration_num"": ""1833"", ""signer_name"": ""Akira Tsutsumi"", ""signer_title"": ""Director General"", ""file_date"": ""October 5, 1982""}",0.8000,0.9000,0.9297
19820801_Representative of the Turkish Republic of Northern Cyprus_Amendment_Amendment.pdf,"{""registrant_name"": ""Office of the Representative of the Turkish Federated State of Cyprus"", ""registration_num"": ""2619"", ""signer_name"": ""NAIL ATALAY"", ""signer_title"": ""Director"", ""file_date"": ""232day day of August 1982""}","{""registrant_name"": ""Office of the Representative of the Turkish Federated State of Cyprus"", ""registration_num"": ""2619"", ""signer_name"": ""Nail Atalay"", ""signer_title"": ""Director"", ""file_date"": ""1982-08-25""}",0.8000,0.7556,0.8485
19820801_St. Lucia Tourist Board_Amendment_Amendment.pdf,"{""registrant_name"": ""ST.LUCIA TOURISTBOARD"", ""registration_num"": ""2668"", ""signer_name"": ""MELANIE DOGOSTIANO"", ""signer_title"": ""Assistant Director"", ""file_date"": ""6th day of august 1982""}","{""registrant_name"": ""ST.LUCIA TOURISTBOARD"", ""registration_num"": ""2668"", ""signer_name"": ""MELANIE DOGOSTIANO"", ""signer_title"": ""Assistant Director"", ""file_date"": ""August 14, 1982""}",0.8000,0.9000,0.9222
"19830301_Tourism Authority of Thailand, New York_Amendment_Amendment.pdf","{""registrant_name"": ""Tourism Authority of Thailand"", ""registration_num"": ""1897"", ""signer_name"": ""Mr. Naovarat Phongpakdee"", ""signer_title"": ""Assistant Director"", ""file_date"": ""10 day of MAR. 19""}","{""registrant_name"": ""Tourism Authority of Thailand"", ""registration_num"": ""1897"", ""signer_name"": ""Mr. Naowarat Phongpakdee"", ""signer_title"": ""Assistant Director"", ""file_date"": ""1983-03-15""}",0.6000,0.7333,0.8246
19830601_Hong Kong Tourism Board_Amendment_Amendment.pdf,"{""registration_num"": ""2110"", ""registrant_name"": ""Hong Kong Tourist Association"", ""signer_title"": ""President The Americas"", ""file_date"": ""27th 1983 day of may""}","{""registration_num"": ""2110"", ""registrant_name"": ""Hong Kong Tourist Association"", ""signer_title"": ""President - The Americas"", ""file_date"": ""May 27, 1983""}",0.7500,0.8750,0.8629
19830401_Bermuda Tourism Authority_Amendment_Amendment.pdf,"{""registration_num"": ""430"", ""registrant_name"": ""Bermuda Department of Tourism"", ""signer_name"": ""(Ronald N. Bassett )"", ""signer_title"": ""General Manager, North America"", ""file_date"": ""york Za 1983 day of April""}","{""registration_num"": ""430"", ""registrant_name"": ""Bermuda Department of Tourism"", ""signer_name"": ""Ronald N. Bassett"", ""signer_title"": ""General Manager, North America"", ""file_date"": ""April 7, 1983""}",0.8000,0.8889,0.8757
19830801_British Virgin Islands Tourist Board_Amendment_Amendment.pdf,"{""registration_num"": ""3354"", ""registrant_name"": ""BRITISH VIRGIN ISLANDS TOURIST BOARD"", ""file_date"": ""6 10th day of August 1983 .""}","{""registration_num"": ""3354"", ""registrant_name"": ""BRITISH VIRGIN ISLANDS TOURIST BOARD"", ""file_date"": ""1983-08-10""}",0.6667,0.6667,0.7475
"19830501_Hong Kong Trade Development Council, Inc._Amendment_Amendment.pdf","{""registration_num"": ""2181"", ""registrant_name"": ""Bobbie L. Williams"", ""signer_name"": ""Bobbie L. Williams"", ""file_date"": ""3rd day of May 1983""}","{""registration_num"": ""2181"", ""registrant_name"": ""Bobbie L. Williams"", ""signer_name"": ""Bobbie L. Williams"", ""file_date"": ""1983-05-03""}",0.7500,0.7500,0.8241
19840701_British Virgin Islands Tourist Board_Amendment_Amendment.pdf,"{""registrant_name"": ""BRITISH VIRGIN ISLANDS TOURIST BOARD"", ""registration_num"": ""3354"", ""file_date"": ""June 29th day of 1984""}","{""registrant_name"": ""BRITISH VIRGIN ISLANDS TOURIST BOARD"", ""registration_num"": ""3354""}",0.6667,0.6667,0.6667
19841001_Cayman Islands Department of Tourism_Amendment_Amendment.pdf,"{""registrant_name"": ""Department CAMMELE FREDERICKS"", ""registration_num"": ""2500"", ""file_date"": ""18 day of September, 1984"", ""signer_name"": ""Coralie Rowan""}","{""registrant_name"": ""Cayman Islands Department of Tourism"", ""registration_num"": ""2500"", ""signer_name"": ""Carmel A. Allen""}",0.2500,0.3125,0.4854
19840301_Representative of the Turkish Republic of Northern Cyprus_Amendment_Amendment.pdf,"{""registrant_name"": ""Office of the Representativeof the Turkish Federated Stateof Cyprus"", ""registration_num"": ""2619"", ""signer_name"": ""NAIL ATALAY"", ""signer_title"": ""NAIL ATALAY, Representativeof the Turkish Republic ofNorthern Cyprus"", ""file_date"": ""you _day of March 1984 .""}","{""registrant_name"": ""Office of the Representative of the Turkish Federated State of Cyprus"", ""registration_num"": ""2619"", ""signer_name"": ""Nail Atalay"", ""signer_title"": ""Representative of the Turkish Republic of Northern Cyprus"", ""file_date"": ""March 7, 1984""}",0.4000,0.7107,0.8937
19840701_Monaco Government Tourist Office_Amendment_Amendment.pdf,"{""registrant_name"": ""Monaco Government Tourist Office"", ""registration_num"": ""2327"", ""signer_name"": ""Francis W. Cresci"", ""signer_title"": ""Consul of Monaco"", ""file_date"": ""18th day of July 1984""}","{""registrant_name"": ""Monaco Government Tourist Office"", ""registration_num"": ""2327"", ""signer_name"": ""Francis W. Cresci"", ""signer_title"": ""Consul of Monaco"", ""file_date"": ""1984-07-18""}",0.8000,0.8000,0.8552
"19850306_Daniel J. Edelman, Inc._Amendment_Amendment.pdf","{""registrant_name"": ""Stephen Cook"", ""registration_num"": ""3634"", ""file_date"": ""85 4th day of 19""}","{""registrant_name"": ""Stephen K. Cook"", ""registration_num"": ""3634""}",0.3333,0.6000,0.6410
"19840401_Garvey, Schubert _ Barer_Amendment_Amendment.pdf","{""registrant_name"": ""Garvey, Schubert, Adams & Barer A Partnership of Professional Corporations"", ""registration_num"": ""3047"", ""signer_name"": ""Bill Alberger"", ""signer_title"": ""Managing Partner"", ""file_date"": ""the day of April""}","{""registrant_name"": ""Garvey, Schubert, Adams & Barer A Partnership of Professional Corporations"", ""registration_num"": ""3047"", ""signer_name"": ""Bill Alberger"", ""signer_title"": ""Managing Partner"", ""file_date"": ""April 15, 1987""}",0.8000,0.8667,0.8800
19841201_British Virgin Islands Tourist Board_Amendment_Amendment.pdf,"{""registrant_name"": ""BRITISH VIRGIN ISLANDS INFORMATION & RESERVATIONS"", ""registration_num"": ""3354"", ""signer_name"": ""Allan O'Neal"", ""signer_title"": ""General Manager"", ""file_date"": ""14th DECEMBER 1984 day of '""}","{""registrant_name"": ""BRITISH VIRGIN ISLANDS INFORMATION & RESERVATIONS"", ""registration_num"": ""3354"", ""signer_name"": ""Helen O'Neal"", ""signer_title"": ""General Manager"", ""file_date"": ""1984-12-14""}",0.6000,0.7000,0.7939
19850301_Quebec Government Office_Amendment_Amendment.pdf,"{""registration_num"": ""1787"", ""registrant_name"": ""Quebec Government House"", ""signer_title"": ""Delegate General"", ""file_date"": ""march 1985 day of""}","{""registration_num"": ""1787"", ""registrant_name"": ""Quebec Government House"", ""signer_title"": ""Delegate General"", ""file_date"": ""1985-03-12""}",0.7500,0.7500,0.8300
"19850101_Arnold _ Porter Kaye Scholer, LLP_Amendment_Amendment.pdf","{""registrant_name"": ""ARNOLD & PORTER"", ""registration_num"": ""1750"", ""signer_name"": ""Wr Roger"", ""file_date"": ""4th day of Janney -, 1985""}","{""registrant_name"": ""ARNOLD & PORTER"", ""registration_num"": ""1750"", ""signer_name"": ""Margaret A. Harno"", ""file_date"": ""May 4, 1985""}",0.5000,0.5625,0.7159
"19850601_Arnold _ Porter Kaye Scholer, LLP_Amendment_Amendment.pdf","{""registration_num"": ""1750"", ""registrant_name"": ""Arnold & Porter"", ""file_date"": ""27th day of 19.85 day of June""}","{""registration_num"": ""1750"", ""registrant_name"": ""Arnold & Porter"", ""file_date"": ""June 17, 1985""}",0.6667,0.8000,0.7667
19850601_IDA Ireland_Amendment_Amendment.pdf,"{""registration_num"": ""1770"", ""registrant_name"": ""IDA IRELAND"", ""signer_name"": ""Seobhaw Hamahan"", ""file_date"": ""day of June 1985""}","{""registration_num"": ""1770"", ""registrant_name"": ""IDA IRELAND"", ""signer_name"": ""Isobeth Hamilton"", ""file_date"": ""1985-06-17""}",0.5000,0.5000,0.7285
19851101_Scottish Enterprise_Amendment_Amendment.pdf,"{""registration_num"": ""3013"", ""registrant_name"": ""SCOTTISH DEVELOPMENT AGENCY"", ""file_date"": ""October 29th day of. 85 19.""}","{""registration_num"": ""3013"", ""registrant_name"": ""SCOTTISH DEVELOPMENT AGENCY""}",0.6667,0.6667,0.6667
19851201_Holland _ Knight_Amendment_Amendment.pdf,"{""registration_num"": ""3718"", ""registrant_name"": ""Holland & Knight"", ""file_date"": ""day of December 1985""}","{""registration_num"": ""3718"", ""registrant_name"": ""Holland & Knight""}",0.6667,0.6667,0.6667
"19860801_Arnold _ Porter Kaye Scholer, LLP_Amendment_Amendment.pdf","{""registrant_name"": ""ARNOLD & PORTER"", ""registration_num"": ""1750"", ""signer_name"": ""Paturing"", ""file_date"": ""8th day of August 1986 '""}","{""registrant_name"": ""ARNOLD & PORTER"", ""registration_num"": ""1750"", ""signer_name"": ""Peter May"", ""file_date"": ""1986-08-08""}",0.5000,0.5000,0.6255
"19861126_Arnold _ Porter Kaye Scholer, LLP_Amendment_Amendment.pdf","{""registrant_name"": ""ARNOLD & PORTER"", ""registration_num"": ""1750"", ""file_date"": ""25th day of November 1986""}","{""registrant_name"": ""ARNOLD & PORTER"", ""registration_num"": ""1750""}",0.6667,0.6667,0.6667
"19850701_Squire Patton Boggs, LLP_Amendment_Amendment.pdf","{""registrant_name"": ""Patton, Boggs & Blow"", ""registration_num"": ""2165"", ""signer_name"": ""imothy J. May, Esquire"", ""signer_title"": ""Managing Partner , N.W."", ""file_date"": ""Washington31 day of July 1985""}","{""registrant_name"": ""Patton, Boggs & Blow"", ""registration_num"": ""2165"", ""signer_name"": ""Matthew J. May, Esquire"", ""signer_title"": ""Managing Partner"", ""file_date"": ""1985-07-31""}",0.4000,0.7100,0.7920
19850801_St. Lucia Tourist Board_Amendment_Amendment.pdf,"{""registrant_name"": ""ST.LUCIA TOURIST BOARD"", ""registration_num"": ""3668"", ""signer_name"": ""CATHERINE REDMAN-RANDELL"", ""signer_title"": ""U.S. MANAGER"", ""file_date"": ""15+9 August 1,1985 day of""}","{""registrant_name"": ""ST.LUCIA TOURIST BOARD"", ""registration_num"": ""3668"", ""signer_name"": ""Catherine Redman-Randell"", ""signer_title"": ""U.S. Manager"", ""file_date"": ""1965-08-15""}",0.8000,0.8000,0.8258
"19860401_Jamaica Tourist Board, Florida_Amendment_Amendment.pdf","{""registrant_name"": ""JAMAICA TOURIST BOARD"", ""registration_num"": ""2360"", ""signer_name"": ""CHARLES J. HAND\u00c5L"", ""signer_title"": ""Regional Manager"", ""file_date"": ""1986 7th day of april ,""}","{""registrant_name"": ""JAMAICA TOURIST BOARD"", ""registration_num"": ""2360"", ""signer_name"": ""CHARLES J. HANDAL"", ""signer_title"": ""Regional Manager"", ""file_date"": ""1986-04-07""}",0.6000,0.7333,0.8565
19860901_Singapore Economic Development Board_Dissemination Report_Dissemination Report.pdf,"{""registrant_name"": ""Singapore Economic Development Board"", ""registration_num"": ""2003"", ""foreign_principle_name"": ""Singapore Economic Development Board"", ""file_date"": ""09/15/86"", ""signer_name"": ""Jonathan Yuen"", ""signer_title"": ""Staff Director""}","{""registrant_name"": ""Singapore Economic Development Board"", ""registration_num"": ""2003"", ""foreign_principle_name"": ""Singapore Economic Development Board"", ""signer_name"": ""Jonathan Yuen"", ""signer_title"": ""Staff Director""}",0.8333,0.8333,0.8333
"19861201_Arnold _ Porter Kaye Scholer, LLP_Amendment_Amendment.pdf","{""registrant_name"": ""Arnold & Porter"", ""registration_num"": ""1750"", ""signer_name"": ""Brooksley Born"", ""file_date"": ""30th day of December , 1986""}","{""registrant_name"": ""Arnold & Porter"", ""registration_num"": ""1750"", ""signer_name"": ""Brooksley Born"", ""file_date"": ""1986-12-30""}",0.7500,0.7500,0.8106
19870601_DLA Piper US LLP_Amendment_Amendment.pdf,"{""registrant_name"": ""Verner, Liipfert, Bernhard, McPherson and Hand, Chartered"", ""registration_num"": ""3712"", ""file_date"": ""22nd day of ' 1987 Commission Expires August 31. 1991""}","{""registrant_name"": ""Verner, Liipfert, Bernhard, McPherson and Hand, Chartered"", ""registration_num"": ""3712""}",0.6667,0.6667,0.6667
19870302_FCB New York_Amendment_Amendment.pdf,"{""registration_num"": ""2415"", ""registrant_name"": ""FCB/LEBER KATZ PARTNERS, INC."", ""signer_title"": ""Vice President/Controller"", ""file_date"": ""2/10/88""}","{""registration_num"": ""2415"", ""registrant_name"": ""FCB/LEBER KATZ PARTNERS, INC."", ""signer_title"": ""Vice President/Controller""}",0.7500,0.7500,0.7500
"19880301_Arnold _ Porter Kaye Scholer, LLP_Amendment_Amendment.pdf","{""registration_num"": ""1750"", ""registrant_name"": ""ARNOLD & PORTER"", ""signer_name"": ""Patrick FJ Macrory"", ""file_date"": ""March 18th day of 1988 '""}","{""registration_num"": ""1750"", ""registrant_name"": ""ARNOLD & PORTER"", ""signer_name"": ""Patrick FJ Macrory""}",0.7500,0.7500,0.7500
19881101_Hogan Lovells US LLP_Amendment_Amendment.pdf,"{""registration_num"": ""2244"", ""registrant_name"": ""Hogan & Hartson"", ""file_date"": ""17th November 88 day of 19""}","{""registration_num"": ""2244"", ""registrant_name"": ""Hogan & Hartson""}",0.6667,0.6667,0.6667
"19871001_Akin, Gump, Strauss, Hauer _ Feld, LLP_Amendment_Amendment.pdf","{""registration_num"": ""3492"", ""registrant_name"": ""AKIN, GUMP, STRAUSS, HAUER & FELD"", ""signer_name"": ""Richard Rivers, P.C."", ""signer_title"": ""Akin, Gump, Strauss, Hauer & Feld Power of Attorney"", ""file_date"": ""7th day of _ October .1987""}","{""registration_num"": ""3492"", ""registrant_name"": ""AKIN, GUMP, STRAUSS, HAUER & FELD"", ""signer_name"": ""Richard R. Rivers"", ""signer_title"": ""Power of Attorney"", ""file_date"": ""1987-10-07""}",0.4000,0.6424,0.7292
19880401_Holland _ Knight_Amendment_Amendment.pdf,"{""registrant_name"": ""Holland & Knight"", ""registration_num"": ""3718"", ""signer_name"": ""Dickson R. Loon"", ""file_date"": ""5th day of April 1988""}","{""registrant_name"": ""Holland & Knight"", ""registration_num"": ""3718"", ""signer_name"": ""Tracy R. Sloan"", ""file_date"": ""1988-04-05""}",0.5000,0.5833,0.6986
19880901_China Daily Distribution Corporation_Amendment_Amendment.pdf,"{""registration_num"": ""3457"", ""registrant_name"": ""CHINA DAILY DISTRIBUTION CORP."", ""signer_name"": ""Young Kee"", ""signer_title"": ""President & Director"", ""file_date"": ""20 day of September , 19_84""}","{""registration_num"": ""3457"", ""registrant_name"": ""CHINA DAILY DISTRIBUTION CORP."", ""signer_name"": ""Young Kee"", ""signer_title"": ""President & Director"", ""file_date"": ""1984-09-20""}",0.8000,0.8000,0.8500
"19880501_Akin, Gump, Strauss, Hauer _ Feld, LLP_Amendment_Amendment.pdf","{""registration_num"": ""3492"", ""registrant_name"": ""AKIN, GUMP, STRAUSS, HAUER & FELD"", ""signer_name"": ""Daniel L. Spiegel"", ""signer_title"": ""AkinPartner with Power of Attorney"", ""file_date"": ""and sworn to before me at. 19\u00aa day of May""}","{""registration_num"": ""3492"", ""registrant_name"": ""AKIN, GUMP, STRAUSS, HAUER & FELD"", ""signer_name"": ""Daniel L. Spiegel"", ""signer_title"": ""Partner with Power of Attorney""}",0.6000,0.7600,0.7875
"19890201_Arnold _ Porter Kaye Scholer, LLP_Amendment_Amendment.pdf","{""registration_num"": ""1750"", ""registrant_name"": ""ARNOLD & PORTER"", ""signer_name"": ""Robert Herzstein"", ""file_date"": ""January 1989 3154 day of""}","{""registration_num"": ""1750"", ""registrant_name"": ""ARNOLD & PORTER"", ""signer_name"": ""Robert Herzstein"", ""file_date"": ""1989-01-31""}",0.7500,0.7500,0.8438
19890201_Manufactured Imports and Investment Promotion Organization (MIPRO)_Amendment_Amendment.pdf,"{""registrant_name"": ""Manufactured Imports Promotion Organization"", ""registration_num"": ""3196"", ""signer_name"": ""Norihiro Kono"", ""file_date"": ""9th day of February 1989""}","{""registrant_name"": ""Manufactured Imports Promotion Organization"", ""registration_num"": ""3196"", ""signer_name"": ""Norihiro Kono"", ""file_date"": ""February 9, 1989""}",0.7500,0.8750,0.9167
19890501_Singapore Tourism Board_Amendment_Amendment.pdf,"{""registrant_name"": ""Singapore Tourist Promotion Board"", ""registration_num"": ""2414"", ""signer_name"": ""Mr Kay-Yew Koh"", ""signer_title"": ""Senior Vice-President (Americas)""}","{""registrant_name"": ""Singapore Tourist Promotion Board"", ""registration_num"": ""2414"", ""signer_name"": ""Mr Kay-Yew Koh"", ""signer_title"": ""Senior Vice-President (Americas)""}",1.0000,1.0000,1.0000
19900201_Korea Economic Institute_Amendment_Amendment.pdf,"{""registrant_name"": ""Korea Economic Institute of America"", ""registration_num"": ""3327"", ""file_date"": ""February 272 day of ,1990""}","{""registrant_name"": ""Korea Economic Institute of America"", ""registration_num"": ""3327""}",0.6667,0.6667,0.6667
"19890501_Akin, Gump, Strauss, Hauer _ Feld, LLP_Amendment_Amendment.pdf","{""registrant_name"": ""Akin, Gump, Strauss, Hauer & Feld"", ""registration_num"": ""3492"", ""signer_name"": ""Daniel L. Spiegel,"", ""signer_title"": ""Partner with Power of Attorney AKIN, GUMP, STRAUSS, HAUER & FELD"", ""file_date"": "". 6 19 day of May 19.89""}","{""registrant_name"": ""Akin, Gump, Strauss, Hauer & Feld"", ""registration_num"": ""3492"", ""signer_name"": ""Daniel L. Spiegel"", ""signer_title"": ""Partner with Power of Attorney"", ""file_date"": ""1989-05-19""}",0.6000,0.7333,0.7920
"19890901_Arnold _ Porter Kaye Scholer, LLP_Amendment_Amendment.pdf","{""registrant_name"": ""ARNOLD & PORTER"", ""registration_num"": ""1750"", ""signer_name"": ""William D. Rogers"", ""file_date"": ""1989 \"" 25th day of September""}","{""registrant_name"": ""ARNOLD & PORTER"", ""registration_num"": ""1750"", ""signer_name"": ""William D. Rogers"", ""file_date"": ""1989-09-25""}",0.7500,0.7500,0.8382
"19900101_Arnold _ Porter Kaye Scholer, LLP_Amendment_Amendment.pdf","{""registrant_name"": ""Arnold & Porter"", ""registration_num"": ""1750"", ""signer_name"": ""William D. Rogers"", ""file_date"": ""25thday of January ,19_90""}","{""registrant_name"": ""Arnold & Porter"", ""registration_num"": ""1750"", ""file_date"": ""2009-01-26"", ""signer_name"": ""William D. Rogers""}",0.7500,0.7500,0.7984
"19900401_Tourism Authority of Thailand, Los Angeles_Amendment_Amendment.pdf","{""registrant_name"": ""Tourism Authority of Thailand"", ""registration_num"": ""2178""}","{""registrant_name"": ""Tourism Authority of Thailand"", ""registration_num"": ""2178"", ""file_date"": ""1988-12-20""}",1.0000,1.0000,1.0000
19900901_British Virgin Islands Tourist Board_Amendment_Amendment.pdf,"{""registrant_name"": ""-British Virgin Islands Tourist Board"", ""registration_num"": ""3354"", ""file_date"": ""th day of September 1890""}","{""registrant_name"": ""British Virgin Islands Tourist Board"", ""registration_num"": ""3354""}",0.6667,0.6667,0.6667
"19900801_Arnold _ Porter Kaye Scholer, LLP_Amendment_Amendment.pdf","{""registrant_name"": ""ARNOLD & PORTER"", ""registration_num"": ""1750"", ""signer_name"": ""William D. Rogers"", ""file_date"": ""14th day of August 1990""}","{""registrant_name"": ""ARNOLD & PORTER"", ""registration_num"": ""1750"", ""signer_name"": ""William D. Rogers"", ""file_date"": ""1990-08-14""}",0.7500,0.7500,0.8145
"19900701_Akin, Gump, Strauss, Hauer _ Feld, LLP_Amendment_Amendment.pdf","{""registration_num"": ""3492"", ""registrant_name"": ""Akin, Gump, Strauss, Hauer & Feld"", ""signer_name"": ""Daniel L. Spiegel"", ""signer_title"": ""Akin, Gump, Strauss, Hauer & Feld Partner with Power of Attorney"", ""file_date"": ""24 day of July - 1990""}","{""registration_num"": ""3492"", ""registrant_name"": ""Akin, Gump, Strauss, Hauer & Feld"", ""signer_name"": ""Daniel L. Spiegel"", ""signer_title"": ""Partner with Power of Attorney"", ""file_date"": ""1990-07-24""}",0.6000,0.7333,0.7941
"19901201_CMGRP, Inc._Amendment_Amendment.pdf","{""registrant_name"": ""Robinson, Lake, Lerer & Montgomery"", ""registration_num"": ""3911"", ""signer_name"": ""Mark C. Helmke"", ""signer_title"": ""Executive Vice President and General Manager"", ""file_date"": ""alecember 19th 90 day of ,19""}","{""registrant_name"": ""Robinson, Lake, Lerer & Montgomery"", ""registration_num"": ""3911"", ""signer_name"": ""Mark C. Helmke"", ""signer_title"": ""Executive Vice President and General Manager"", ""file_date"": ""1990-12""}",0.8000,0.8000,0.8606
"19901101_Crowell _ Moring International, Ltd._Amendment_Amendment.pdf","{""registrant_name"": ""Crowell & Moring International L.P."", ""registration_num"": ""3988"", ""signer_name"": ""Crowell & Moring International L.P."", ""signer_title"": ""President"", ""file_date"": ""day of November 1990 \u2611 6""}","{""registrant_name"": ""Crowell & Moring International L.P."", ""registration_num"": ""3988"", ""signer_name"": ""Doral S. Cooper"", ""signer_title"": ""President of Crowell & Moring International, Inc."", ""file_date"": ""1990-11-06""}",0.4000,0.4571,0.5825
"19901201_JETRO, San Francisco_Dissemination Report_Dissemination Report.pdf","{""registration_num"": ""1813"", ""registrant_name"": ""JETRO-San Francisco"", ""foreign_principle_name"": ""JETRO-Tokyo"", ""signer_name"": ""Mr. Shigefumi Iino"", ""file_date"": ""12/28/90"", ""signer_title"": ""Deputy Director General""}","{""registration_num"": ""#1813"", ""registrant_name"": ""JETRO-San Francisco"", ""foreign_principle_name"": ""JETRO-Tokyo"", ""signer_name"": ""Mr. Shigefumi Iino"", ""file_date"": ""1990-12-28"", ""signer_title"": ""Deputy Director General""}",0.8333,0.8333,0.9286
19910101_Invest Northern Ireland_Dissemination Report_Dissemination Report.pdf,"{""registration_num"": ""No. 4364"", ""registrant_name"": ""Industrial Development Board for Northem Ireland"", ""foreign_principle_name"": ""The Department of Economic Development"", ""file_date"": ""January 22, 1991"", ""signer_name"": ""Terry Reilly"", ""signer_title"": ""Manager Administration""}","{""registration_num"": ""4364 cmq"", ""registrant_name"": ""Industrial Development Board for Northern Ireland"", ""foreign_principle_name"": ""The Department of Economic Development"", ""signer_name"": ""Terry Reilly"", ""signer_title"": ""Manager Administration""}",0.5000,0.7222,0.7504
"19910101_JETRO, New York_Dissemination Report_Dissemination Report.pdf","{""registration_num"": ""1643"", ""registrant_name"": ""JETRO, New York"", ""foreign_principle_name"": ""Japan External Trade Organization"", ""signer_name"": ""Kunio Ito"", ""file_date"": ""1/22/91"", ""signer_title"": ""Director, Public Affairs""}","{""registration_num"": ""1643"", ""registrant_name"": ""JETRO, New York"", ""foreign_principle_name"": ""Japan External Trade Organization"", ""signer_name"": ""Kunio Ito"", ""file_date"": ""1991-01-22"", ""signer_title"": ""Director, Public Affairs""}",0.8333,0.8333,0.9103
"19910101_Akin, Gump, Strauss, Hauer _ Feld, LLP_Dissemination Report_Dissemination Report.pdf","{""registrant_name"": ""Akin, Gump, Strauss, Hauer & Feld"", ""registration_num"": ""3492"", ""foreign_principle_name"": ""Matsushita Electric Industrial Ltd. Co.,"", ""signer_name"": ""Laurence J. Hoffman"", ""signer_title"": ""Partner with Power of Attorney"", ""file_date"": ""1/24/91""}","{""registrant_name"": ""Akin, Gump, Strauss, Hauer & Feld"", ""registration_num"": ""3492"", ""foreign_principle_name"": ""Matsushita Electric Industrial Co., Ltd."", ""signer_name"": ""Laurence J. Hoffman"", ""signer_title"": ""Partner with Power of Attorney"", ""file_date"": ""1991-01-24""}",0.6667,0.8333,0.8967
"19910101_Daniel J. Edelman, Inc._Dissemination Report_Dissemination Report.pdf","{""registrant_name"": ""Daniel J. Edelman, Inc."", ""registration_num"": ""3634"", ""foreign_principle_name"": ""Malaysian Palm Oil Promotion Council"", ""file_date"": ""1-29-91"", ""signer_title"": ""Account Executive"", ""signer_name"": ""Robin G. Matthews""}","{""registrant_name"": ""Daniel J. Edelman, Inc."", ""registration_num"": ""3634"", ""foreign_principle_name"": ""Malaysian Palm Oil Promotion Council"", ""file_date"": ""1991-01-29"", ""signer_title"": ""Account Executive"", ""signer_name"": ""Robin G. Matthews""}",0.8333,0.8333,0.9103
19910101_Korea Economic Institute_Dissemination Report_Dissemination Report.pdf,"{""registrant_name"": ""Korea Economic Institute of America"", ""registration_num"": ""3327"", ""foreign_principle_name"": ""Korea Development Institute"", ""signer_name"": ""Mitzi Kimball"", ""file_date"": ""Jan. 23, 1991"", ""signer_title"": ""Treasurer""}","{""registrant_name"": ""Korea Economic Institute of America"", ""registration_num"": ""3327"", ""foreign_principle_name"": ""Korea Development Institute"", ""signer_name"": ""Mitzi Kimball"", ""file_date"": ""1991-01-23"", ""signer_title"": ""Treasurer""}",0.8333,0.8333,0.9035
19910101_Office of Tibet_Dissemination Report_Dissemination Report.pdf,"{""registration_num"": ""1699"", ""registrant_name"": ""The Office of Tibet"", ""foreign_principle_name"": ""The Dalai Lama"", ""signer_title"": ""Representative"", ""signer_name"": ""Rinchen Dharlo"", ""file_date"": ""1/25/91""}","{""registration_num"": ""1699"", ""registrant_name"": ""The Office of Tibet"", ""foreign_principle_name"": ""The Dalai Lama"", ""signer_name"": ""Rinchen Dhurlo, Representative"", ""file_date"": ""1991-01-25""}",0.5000,0.5667,0.6777
"19910201_Akin, Gump, Strauss, Hauer _ Feld, LLP_Dissemination Report_Dissemination Report.pdf","{""registrant_name"": ""Akin, Gump, Strauss, Hauer & Feld"", ""registration_num"": ""3492"", ""foreign_principle_name"": ""Matsushita Electronics Corporation"", ""signer_name"": ""Daniel L. Spiegel"", ""file_date"": ""2/25/91"", ""signer_title"": ""Attorney with Power of Attorney""}","{""registrant_name"": ""Akin, Gump, Strauss, Hauer & Feld"", ""registration_num"": ""3492"", ""foreign_principle_name"": ""Matsushita Electronics Corporation"", ""signer_name"": ""Daniel L. Spiegel"", ""file_date"": ""1991-02-25"", ""signer_title"": ""Attorney with Power of Attorney""}",0.8333,0.8000,0.9103
"19910101_World Zionist Organization - American Section, Inc._Dissemination Report_Dissemination Report.pdf","{""registrant_name"": ""World Zionist Organization-American Section, Inc"", ""registration_num"": ""2278"", ""foreign_principle_name"": ""World Zionist Organization"", ""file_date"": ""1/24/91"", ""signer_name"": ""Sam Bloch"", ""signer_title"": ""Director of Publications""}","{""registrant_name"": ""World Zionist Organization-American Section, Inc"", ""registration_num"": ""2278"", ""foreign_principle_name"": ""World Zionist Organization"", ""file_date"": ""1991-01-24"", ""signer_name"": ""Sam Bloch"", ""signer_title"": ""Director of Publications""}",0.8333,0.8333,0.9103
"19910201_JETRO, New York_Dissemination Report_Dissemination Report.pdf","{""registration_num"": ""1643"", ""registrant_name"": ""JETRO, New York"", ""foreign_principle_name"": ""Japan External Trade Organization"", ""file_date"": ""Feb. 4, 1991"", ""signer_name"": ""Kunio Ito"", ""signer_title"": ""Director, Public Affairs""}","{""registration_num"": ""1643"", ""registrant_name"": ""JETRO, New York"", ""foreign_principle_name"": ""Japan External Trade Organization"", ""signer_name"": ""Kunio Ito"", ""signer_title"": ""Director, Public Affairs""}",0.8333,0.8333,0.8333
"19910201_JETRO, Houston_Dissemination Report_Dissemination Report.pdf","{""registrant_name"": ""JETRO, Houston"", ""registration_num"": ""2277"", ""foreign_principle_name"": ""Japan External Trade Organization Tokyo, Japan"", ""signer_name"": ""Shintaro Oishi"", ""file_date"": ""02-01-91"", ""signer_title"": ""Executive Director""}","{""registrant_name"": ""JETRO, Houston"", ""registration_num"": ""2277"", ""foreign_principle_name"": ""Japan External Trade Organization Tokyo, Japan"", ""signer_name"": ""Shintaro Oishi"", ""file_date"": ""1991-02-01"", ""signer_title"": ""Executive Director""}",0.8333,0.8056,0.9286
"19910201_Tourism Authority of Thailand, Los Angeles_Amendment_Amendment.pdf","{""registrant_name"": ""Tourism Authority of Thailand"", ""registration_num"": ""2178"", ""file_date"": ""FEB 07 1991""}","{""registrant_name"": ""Tourism Authority of Thailand"", ""registration_num"": ""2178"", ""file_date"": ""1991-02-07""}",0.6667,0.6667,0.8070
19910201_Quebec Government Office_Dissemination Report_Dissemination Report.pdf,"{""registrant_name"": ""Qu\u00e9bec Government House"", ""registration_num"": ""1787"", ""foreign_principle_name"": ""Qu\u00e9bec Government"", ""signer_name"": ""and title PAR\u00c9 LED"", ""file_date"": ""91.02.06"", ""signer_title"": ""DELEGATE GENERAL""}","{""registrant_name"": ""Qu\u00e9bec Government House"", ""registration_num"": ""1787"", ""foreign_principle_name"": ""Qu\u00e9bec Government"", ""signer_name"": ""L\u00e9o Pare"", ""file_date"": ""2006-09-01"", ""signer_title"": ""Delegate General""}",0.6667,0.6667,0.8150
"19910201_JETRO, San Francisco_Dissemination Report_Dissemination Report.pdf","{""registrant_name"": ""JETRO-San Francisco"", ""registration_num"": ""1813"", ""foreign_principle_name"": ""JETRO-Tokyo"", ""signer_name"": ""Mr. Shigefumi Iino"", ""file_date"": ""1/31/91"", ""signer_title"": ""Deputy Director General""}","{""registrant_name"": ""JETRO-San Francisco"", ""registration_num"": ""#1813"", ""foreign_principle_name"": ""JETRO-Tokyo"", ""signer_name"": ""Mr. Shigefumi Iino"", ""file_date"": ""1991-01-31"", ""signer_title"": ""Deputy Director General""}",0.8333,0.8333,0.9103
19910201_Kobe Trade Information Office_Dissemination Report_Dissemination Report.pdf,"{""registrant_name"": ""KOBE TRADE INFORMATION OFFICE"", ""registration_num"": ""2438"", ""foreign_principle_name"": ""Foreign Government Kobe Municipal Government"", ""file_date"": ""2/06/91"", ""signer_title"": ""Director"", ""signer_name"": ""Toshiyuki Ishida""}","{""registrant_name"": ""KOBE TRADE INFORMATION OFFICE"", ""registration_num"": ""2438"", ""foreign_principle_name"": ""Foreign Government Kobe Municipal Government"", ""signer_title"": ""Director"", ""signer_name"": ""Toshiyuki Ishida""}",0.8333,0.8000,0.8333
19910201_Representative of the Turkish Republic of Northern Cyprus_Dissemination Report_Dissemination Report.pdf,"{""registrant_name"": ""Office of the Representative of the Turkish Replublic of Northern Cyprus"", ""registration_num"": ""2619"", ""file_date"": ""Feb.,- 6, 1991"", ""signer_name"": ""Osman Ertug"", ""signer_title"": ""Director""}","{""registrant_name"": ""Office of the Representative of the Turkish Republic of Northern Cyprus"", ""registration_num"": ""2619"", ""signer_name"": ""Osman Ertug"", ""signer_title"": ""Director""}",0.6000,0.7333,0.7984
19910201_Representative of German Industry and Trade_Dissemination Report_Dissemination Report.pdf,"{""registrant_name"": ""Representative for German Industry and Trade"", ""registration_num"": ""4274"", ""foreign_principle_name"": ""Federation of German Industries (BDI) Association of German Chambers of Industry,and Commerce (DIHT)"", ""file_date"": ""2.15.91"", ""signer_name"": ""John Vaughan"", ""signer_title"": ""Attorney""}","{""registrant_name"": ""Representative for German Industry and Trade"", ""registration_num"": ""4274"", ""foreign_principle_name"": ""Federation of German Industries (BDI) Association of German Chambers of Industry and Commerce (DITG)"", ""signer_name"": ""John Vaughan"", ""signer_title"": ""Attorney""}",0.6667,0.7654,0.8307
"19910301_Arnold _ Porter Kaye Scholer, LLP_Dissemination Report_Dissemination Report.pdf","{""registration_num"": ""1750"", ""registrant_name"": ""ARNOLD & PORTER"", ""foreign_principle_name"": ""Canadian Meat Council"", ""file_date"": ""3/20/91"", ""signer_name"": ""Michael T. Shor"", ""signer_title"": ""Partner""}","{""registration_num"": ""1750"", ""registrant_name"": ""ARNOLD & PORTER"", ""foreign_principle_name"": ""Canadian Meat Council"", ""signer_name"": ""Michael T. Shor"", ""signer_title"": ""Partner""}",0.8333,0.8333,0.8333
19910301_Representative of the Turkish Republic of Northern Cyprus_Dissemination Report_Dissemination Report.pdf,"{""registrant_name"": ""Office of the Representative of the Turkish republic of Northern Cyprus"", ""registration_num"": ""2619"", ""file_date"": ""March 8, 1991"", ""signer_title"": ""Director"", ""signer_name"": ""Osman Ertug""}","{""registrant_name"": ""Office of the Representative of the Turkish Republic of Northern Cyprus"", ""registration_num"": ""2619"", ""signer_title"": ""Director"", ""signer_name"": ""Osman Ertug""}",0.8000,0.7556,0.8000
19910301_Invest Northern Ireland_Dissemination Report_Dissemination Report.pdf,"{""registrant_name"": ""Industrial Development Board for Northern Ireland"", ""foreign_principle_name"": ""The Department of Economic Development"", ""signer_name"": ""Terry Reilly"", ""file_date"": ""March 12, 1991"", ""signer_title"": ""Manager Administration""}","{""registrant_name"": ""Industrial Development Board for Northern Ireland"", ""foreign_principle_name"": ""The Department of Economic Development"", ""signer_name"": ""Terry Reilly"", ""file_date"": ""1991-03-12"", ""signer_title"": ""Manager Administration""}",0.8000,0.8000,0.8762
"19910201_World Zionist Organization - American Section, Inc._Dissemination Report_Dissemination Report.pdf","{""registration_num"": ""2278"", ""registrant_name"": ""World Zionist Organization-American Section, Inc."", ""foreign_principle_name"": ""World Zionist Organization"", ""file_date"": ""2/21/91"", ""signer_title"": ""Dir. of Publications"", ""signer_name"": ""Sam E. Bloch""}","{""registration_num"": ""2278"", ""registrant_name"": ""World Zionist Organization-American Section, Inc."", ""foreign_principle_name"": ""World Zionist Organization"", ""file_date"": ""1991-02-19"", ""signer_title"": ""Sam E. Bloch Dir. of Publications"", ""signer_name"": ""Sam E. Bloch""}",0.6667,0.7778,0.8703
"19910301_Akin, Gump, Strauss, Hauer _ Feld, LLP_Dissemination Report_Dissemination Report.pdf","{""registrant_name"": ""Akin, Gump, Strauss, Hauer & Feld"", ""registration_num"": ""3492"", ""foreign_principle_name"": ""Schneider S.A."", ""signer_name"": ""Daniel L. Spiegel"", ""file_date"": ""3/4/91"", ""signer_title"": ""Attorney with Power of Attorney""}","{""registrant_name"": ""Akin, Gump, Strauss, Hauer & Feld"", ""registration_num"": ""3492"", ""foreign_principle_name"": ""Schneider S.A."", ""signer_name"": ""Daniel L. Spiegel"", ""file_date"": ""1991-03-04"", ""signer_title"": ""Attorney with Power of Attorney""}",0.8333,0.8000,0.8889
"19910301_Far East Trade Services, Inc._Dissemination Report_Dissemination Report.pdf","{""registrant_name"": ""Far East Trade Service, Inc."", ""registration_num"": ""2985"", ""foreign_principle_name"": ""Far East Trade Service, Inc. Taipei, Taiwan, R.O.C."", ""file_date"": ""March 1, 1991"", ""signer_name"": ""Robert Y. Wang"", ""signer_title"": ""Director""}","{""registrant_name"": ""Far East Trade Service, Inc."", ""registration_num"": ""2985"", ""foreign_principle_name"": ""Far East Trade Service, Inc., Taipei, Taiwan, R.O.C."", ""signer_name"": ""Robert Y. Wang"", ""signer_title"": ""Director""}",0.8333,0.8333,0.8333
19910301_Korea Economic Institute_Dissemination Report_Dissemination Report.pdf,"{""registrant_name"": ""Korea Economic Institute of America"", ""registration_num"": ""3327"", ""foreign_principle_name"": ""Korea Institute for International Economic Policy"", ""file_date"": ""3/5/91"", ""signer_name"": ""W. Robert Warne"", ""signer_title"": ""President""}","{""registrant_name"": ""Korea Economic Institute of America"", ""registration_num"": ""3327"", ""foreign_principle_name"": ""Korea Institute for International Economic Policy"", ""file_date"": ""1991-03-05"", ""signer_name"": ""W. Robert Warne"", ""signer_title"": ""President""}",0.8333,0.8333,0.8889
19910301_Scottish Enterprise_Dissemination Report_Dissemination Report.pdf,"{""registrant_name"": ""Scottish Development Agency"", ""registration_num"": ""3013"", ""foreign_principle_name"": ""Scottish Development Agency Glasgow, Scotland"", ""signer_name"": ""James A. Coppola,"", ""file_date"": ""2/2"", ""signer_title"": ""Accountant""}","{""registrant_name"": ""Scottish Development Agency"", ""registration_num"": ""3013"", ""foreign_principle_name"": ""Scottish Development Agency Glasgow, Scotland"", ""signer_name"": ""James A. Coppola"", ""file_date"": ""1991-02-25"", ""signer_title"": ""Accountant""}",0.8333,0.8333,0.9000
"19910301_JETRO, San Francisco_Dissemination Report_Dissemination Report.pdf","{""registrant_name"": ""JETRO-San Francisco"", ""registration_num"": ""1813"", ""foreign_principle_name"": ""JETRO-Tokyo"", ""signer_name"": ""Mr. Shigefumi Iino"", ""file_date"": ""2/28/91"", ""signer_title"": ""Deputy Director General""}","{""registrant_name"": ""JETRO-San Francisco"", ""registration_num"": ""#1813"", ""foreign_principle_name"": ""JETRO-Tokyo"", ""signer_name"": ""Mr. Shigefumi Iino"", ""file_date"": ""1991-02-28"", ""signer_title"": ""Deputy Director General""}",0.8333,0.8333,0.9103
19910318_Moroccan National Tourist Office_Amendment_Amendment.pdf,"{""registrant_name"": ""MOROCCAN NATIONAL TOURIST OFFICE"", ""registration_num"": ""1793"", ""signer_name"": ""Le Charge des Allaires"", ""signer_title"": ""Consy \u2611 onsunaires"", ""file_date"": ""MAR 08 1991'""}","{""registrant_name"": ""MOROCCAN NATIONAL TOURIST OFFICE"", ""registration_num"": ""1793"", ""signer_name"": ""Baker Lemseffer"", ""signer_title"": ""Director"", ""file_date"": ""1991-03-08""}",0.4000,0.4000,0.5628
"19910301_World Zionist Organization - American Section, Inc._Dissemination Report_Dissemination Report.pdf","{""registration_num"": ""2270"", ""registrant_name"": ""HORLD EIONIST ORGANIZATION-AMERICAN SECTION, INC."", ""foreign_principle_name"": ""World zionist Organization"", ""signer_title"": ""Director of Public"", ""file_date"": ""2/28/91"", ""signer_name"": ""Sam E. Bloch""}","{""registration_num"": ""2279"", ""registrant_name"": ""World Zionist Organization-American Section, Inc."", ""foreign_principle_name"": ""World Zionist Organization"", ""file_date"": ""1991-02-28"", ""signer_name"": ""Sam E. Bloch""}",0.3333,0.4333,0.6947
"19910401_Crowell _ Moring International, Ltd._Amendment_Amendment.pdf","{""registrant_name"": ""Crowell & Moring International L.P."", ""registration_num"": ""3988"", ""signer_title"": ""President"", ""file_date"": "".1991 4th day of""}","{""registrant_name"": ""Crowell & Moring International L.P."", ""registration_num"": ""3988"", ""signer_title"": ""President"", ""file_date"": ""April 4, 1991""}",0.7500,0.8214,0.8241
19910401_Kobe Trade Information Office_Dissemination Report_Dissemination Report.pdf,"{""registrant_name"": ""KOBE TRADE INFORMATION OFFICE"", ""registration_num"": ""2438"", ""foreign_principle_name"": ""Foreign Government Kobe Municipal Government"", ""file_date"": ""3/27/91"", ""signer_title"": ""Director"", ""signer_name"": ""Toshiyuki Ishida""}","{""registrant_name"": ""KOBE TRADE INFORMATION OFFICE"", ""registration_num"": ""2438"", ""foreign_principle_name"": ""Foreign Government Kobe Municipal Government"", ""signer_title"": ""Director"", ""signer_name"": ""Toshiyuki Ishida""}",0.8333,0.8000,0.8333
"19910401_JETRO, New York_Dissemination Report_Dissemination Report.pdf","{""registration_num"": ""1643"", ""registrant_name"": ""JETRO, New York"", ""foreign_principle_name"": ""Japan External Trade Organization"", ""signer_name"": ""Kunio Ito"", ""file_date"": ""4/24/91"", ""signer_title"": ""Director, Public Aff""}","{""registration_num"": ""1643"", ""registrant_name"": ""JETRO, New York"", ""foreign_principle_name"": ""Japan External Trade Organization"", ""signer_name"": ""Kunio Ito"", ""file_date"": ""1991-04-24"", ""signer_title"": ""Director, Public Aff.""}",0.8333,0.8333,0.9103
19910501_Destination New South Wales_Amendment_Amendment.pdf,"{""registrant_name"": ""NEW SOUTH WALES TOURISM COMMISSION"", ""registration_num"": ""4450"", ""file_date"": ""22nd day of. March 1991""}","{""registrant_name"": ""NEW SOUTH WALES TOURISM COMMISSION"", ""registration_num"": ""4450""}",0.6667,0.6667,0.6667
"19910401_JETRO, San Francisco_Dissemination Report_Dissemination Report.pdf","{""registrant_name"": ""JETRO-San Francisco"", ""registration_num"": ""#1813"", ""foreign_principle_name"": ""JETRO-Tokyo"", ""signer_name"": ""Mr. Shigefumi Iino,"", ""file_date"": ""4/1/91"", ""signer_title"": ""Deputy Director General""}","{""registrant_name"": ""JETRO-San Francisco"", ""registration_num"": ""#1813"", ""foreign_principle_name"": ""JETRO-Tokyo"", ""signer_name"": ""Mr. Shigefumi Iino"", ""file_date"": ""1991-04-01"", ""signer_title"": ""Deputy Director General""}",0.8333,0.8333,0.9167
"19910401_Daniel J. Edelman, Inc._Dissemination Report_Dissemination Report.pdf","{""registration_num"": ""3634"", ""registrant_name"": ""Daniel J. Edelman, Inc."", ""foreign_principle_name"": ""Malaysian Palm Oil Promotion Council"", ""file_date"": ""4-10-91"", ""signer_title"": ""Account Executive"", ""signer_name"": ""Robin G. Matthews""}","{""registration_num"": ""3634"", ""registrant_name"": ""Daniel J. Edelman, Inc."", ""foreign_principle_name"": ""Malaysian Palm Oil Promotion Council"", ""file_date"": ""1991-04-09"", ""signer_title"": ""Account Executive"", ""signer_name"": ""Robin G. Matthews""}",0.8333,0.8333,0.9103
19910401_Quebec Government Office_Dissemination Report_Dissemination Report.pdf,"{""registrant_name"": ""Qu\u00e9bec Government House"", ""registration_num"": ""1787"", ""foreign_principle_name"": ""Qu\u00e9bec Government"", ""signer_name"": ""L\u00e9o Par\u00e9"", ""file_date"": ""3/25/91"", ""signer_title"": ""Delegate general""}","{""registrant_name"": ""Qu\u00e9bec Government House"", ""registration_num"": ""1787"", ""foreign_principle_name"": ""Qu\u00e9bec Government"", ""signer_name"": ""L\u00e9o Par\u00e9"", ""file_date"": ""1991-03-25"", ""signer_title"": ""Delegate general""}",0.8333,0.8333,0.9103
"19910501_JETRO, Atlanta_Dissemination Report_Dissemination Report.pdf","{""registration_num"": ""4069"", ""registrant_name"": ""JETRO Atlanta"", ""foreign_principle_name"": ""Japan External Trade Organizatior Tokyo, JAPAN"", ""file_date"": ""5/15/91"", ""signer_name"": ""Mr. Yasumasa Iwasaki"", ""signer_title"": ""Executive Director""}","{""registration_num"": ""4069"", ""registrant_name"": ""JETRO Atlanta"", ""foreign_principle_name"": ""Japan External Trade Organization"", ""signer_name"": ""Mr. Yasumasa Iwasaki"", ""signer_title"": ""Executive Director""}",0.6667,0.7667,0.8077
"19910501_Daniel J. Edelman, Inc._Dissemination Report_Dissemination Report.pdf","{""registration_num"": ""3634"", ""registrant_name"": ""Daniel J. Edelman, Inc."", ""foreign_principle_name"": ""Malaysian Palm Oil Promotion Council"", ""signer_title"": ""Account Executive"", ""file_date"": ""5-10-91"", ""signer_name"": ""Robin Matthews""}","{""registration_num"": ""3634"", ""registrant_name"": ""Daniel J. Edelman, Inc."", ""foreign_principle_name"": ""Malaysian Palm Oil Promotion Council"", ""file_date"": ""1991-05-10"", ""signer_name"": ""Robin Matthews""}",0.6667,0.6667,0.7436
"19910401_World Zionist Organization - American Section, Inc._Dissemination Report_Dissemination Report.pdf","{""registration_num"": ""2278"", ""registrant_name"": ""World Zionist Organization-American Section, Inc"", ""foreign_principle_name"": ""W.2.0.-Jerusalem"", ""signer_title"": ""Dir. of Publications"", ""signer_name"": ""Sam E. Bloch"", ""file_date"": ""March 18, 1991""}","{""registration_num"": ""2278"", ""registrant_name"": ""World Zionist Organization-American Section, Inc"", ""foreign_principle_name"": ""W.Z.O.-Jerusalem"", ""signer_title"": ""Sam E. Bloch Dir. of Publications"", ""file_date"": ""1991-03-18""}",0.3333,0.4444,0.6624
"19910501_JETRO, San Francisco_Dissemination Report_Dissemination Report.pdf","{""registrant_name"": ""JETRO-San Francisco"", ""registration_num"": ""1813"", ""foreign_principle_name"": ""JETRO-Tokyo"", ""signer_name"": ""Mr. Shigefumi Iino"", ""file_date"": ""4/30/91"", ""signer_title"": ""Deputy Director General""}","{""registrant_name"": ""JETRO-San Francisco"", ""registration_num"": ""#1813"", ""foreign_principle_name"": ""JETRO-Tokyo"", ""signer_name"": ""Mr. Shigefumi Iino"", ""file_date"": ""1991-04-30"", ""signer_title"": ""Deputy Director General""}",0.8333,0.8333,0.9103
19910501_Quebec Government Office_Dissemination Report_Dissemination Report.pdf,"{""registrant_name"": ""Qu\u00e9bec Government House"", ""registration_num"": ""1787"", ""foreign_principle_name"": ""Qu\u00e9bec Government"", ""signer_name"": ""L\u00e9o Par\u00e9"", ""file_date"": ""91-05-03"", ""signer_title"": ""Delegate general""}","{""registrant_name"": ""Qu\u00e9bec Government House"", ""registration_num"": ""1787"", ""foreign_principle_name"": ""Qu\u00e9bec Government"", ""signer_name"": ""L\u00e9o Par\u00e9"", ""file_date"": ""2003-05-09"", ""signer_title"": ""Delegate general""}",0.8333,0.8333,0.9048
"19910501_Squire Patton Boggs, LLP_Dissemination Report_Dissemination Report.pdf","{""registration_num"": ""2165"", ""registrant_name"": ""Patton, Boggs & Blow"", ""foreign_principle_name"": ""Republic of Guatemala"", ""signer_name"": ""Timothy J. May, Jr."", ""file_date"": ""May 16, 1991"", ""signer_title"": ""Managing Partner""}","{""registration_num"": ""2165"", ""registrant_name"": ""Patton, Boggs & Blow"", ""foreign_principle_name"": ""Republic of Guatemala"", ""signer_name"": ""Timothy J. May, Jr."", ""file_date"": ""1991-05-16"", ""signer_title"": ""Managing Partner""}",0.8333,0.8333,0.9035
"19910601_JETRO, San Francisco_Dissemination Report_Dissemination Report.pdf","{""registration_num"": ""1813"", ""registrant_name"": ""JETRO-San Francisco"", ""file_date"": ""5/31/91"", ""signer_name"": ""Mr. Shigefumi Iino,"", ""signer_title"": ""Deputy Director General""}","{""registration_num"": ""#1813"", ""registrant_name"": ""JETRO-San Francisco"", ""signer_name"": ""Mr. Shigefumi Iino"", ""signer_title"": ""Deputy Director General""}",0.8000,0.8000,0.8000
"19910601_JETRO, New York_Dissemination Report_Dissemination Report.pdf","{""registrant_name"": ""JETRO, New York"", ""registration_num"": ""1643"", ""foreign_principle_name"": ""Japan External Trade Organization"", ""file_date"": ""6/24/91"", ""signer_name"": ""Kunio Ito"", ""signer_title"": ""Director, Public Affairs""}","{""registrant_name"": ""JETRO, New York"", ""registration_num"": ""1643"", ""foreign_principle_name"": ""Japan External Trade Organization"", ""signer_name"": ""Kunio Ito"", ""signer_title"": ""Director, Public Affairs""}",0.8333,0.8333,0.8333
"19910601_JETRO, Houston_Dissemination Report_Dissemination Report.pdf","{""registrant_name"": ""JETRO, Houston"", ""registration_num"": ""2277"", ""foreign_principle_name"": ""Japan External Trade Organization Tokyo, Japan"", ""file_date"": ""06-10-91"", ""signer_name"": ""Shintaro Oishi"", ""signer_title"": ""Executive Director""}","{""registrant_name"": ""JETRO, Houston"", ""registration_num"": ""2277"", ""foreign_principle_name"": ""Japan External Trade Organization Tokyo, Japan"", ""file_date"": ""1991-06-10"", ""signer_name"": ""Shintaro Oishi"", ""signer_title"": ""Executive Director""}",0.8333,0.8056,0.9286
"19910501_World Zionist Organization - American Section, Inc._Dissemination Report_Dissemination Report.pdf","{""registrant_name"": ""World Zionist Organization-American Section, Inc."", ""registration_num"": ""2278"", ""foreign_principle_name"": ""W.2.0. Jerusalem"", ""signer_title"": ""Dir. of Publications"", ""file_date"": ""4/30/91"", ""signer_name"": ""Sam E. Bloch""}","{""registrant_name"": ""World Zionist Organization-American Section, Inc."", ""registration_num"": ""2278"", ""foreign_principle_name"": ""W.Z.O.-Jerusalem"", ""file_date"": ""1991-04-30"", ""signer_name"": ""Sam E. Bloch Dir. of Publications""}",0.3333,0.4444,0.6309
19910601_Representative of the Turkish Republic of Northern Cyprus_Dissemination Report_Dissemination Report.pdf,"{""registrant_name"": ""Office of the Representative of the Turkish Republic of Northern Cyprus"", ""registration_num"": ""2619"", ""file_date"": ""June 1991"", ""signer_title"": ""Director"", ""signer_name"": ""Osman Ertug""}","{""registrant_name"": ""Office of the Representative of the Turkish Republic of Northern Cyprus"", ""registration_num"": ""2619"", ""signer_title"": ""Director"", ""signer_name"": ""Osman Ertug""}",0.8000,0.7556,0.8000
19910601_Quebec Government Office_Dissemination Report_Dissemination Report.pdf,"{""registration_num"": ""1787"", ""registrant_name"": ""Qu\u00e9bec Government House"", ""foreign_principle_name"": ""Qu\u00e9bec Government"", ""file_date"": ""90-05-22"", ""signer_title"": ""Delegate general"", ""signer_name"": ""L\u00e9o Par\u00e9""}","{""registration_num"": ""1787"", ""registrant_name"": ""Qu\u00e9bec Government House"", ""foreign_principle_name"": ""Qu\u00e9bec Government"", ""signer_title"": ""Delegate general"", ""signer_name"": ""L\u00e9o Par\u00e9""}",0.8333,0.8333,0.8333
"19910701_Arnold _ Porter Kaye Scholer, LLP_Amendment_Amendment.pdf","{""registration_num"": ""1750"", ""registrant_name"": ""Arnold & Porter"", ""file_date"": ""July 9th day of. 1991""}","{""registration_num"": ""1750"", ""registrant_name"": ""Arnold & Porter""}",0.6667,0.6667,0.6667
19910601_Office of Tibet_Dissemination Report_Dissemination Report.pdf,"{""registration_num"": ""1699"", ""registrant_name"": ""The Office of Tibet"", ""foreign_principle_name"": ""The Dalai Lama"", ""signer_name"": ""Rinchen Dharlo"", ""signer_title"": ""Representative"", ""file_date"": ""June 19, 1991""}","{""registration_num"": ""1699"", ""registrant_name"": ""The Office of Tibet"", ""foreign_principle_name"": ""The Dalai Lama"", ""signer_name"": ""Rinchen Dharlo"", ""signer_title"": ""Representative"", ""file_date"": ""1991-06-19""}",0.8333,0.8333,0.9000
"19910601_World Zionist Organization - American Section, Inc._Dissemination Report_Dissemination Report.pdf","{""registration_num"": ""2278"", ""registrant_name"": ""World Zionist Organization American Section Inc."", ""foreign_principle_name"": ""W.Z.O. Jerusalem"", ""signer_name"": ""Sam Bloch"", ""signer_title"": ""Director of Publications"", ""file_date"": ""6/18/91""}","{""registration_num"": ""2278"", ""registrant_name"": ""World Zionist Organization - American Section Inc."", ""foreign_principle_name"": ""W.Z.O. Jerusalem"", ""signer_name"": ""Sam Bloch"", ""signer_title"": ""Director of Publications"", ""file_date"": ""1991-06-18""}",0.8333,0.8333,0.9103
19910701_Representative of the Turkish Republic of Northern Cyprus_Amendment_Amendment.pdf,"{""registrant_name"": ""TRNC"", ""registration_num"": ""2619"", ""file_date"": ""9th day of July 1991""}","{""registrant_name"": ""TRNC\n1667 K Street\nWashington, D.C. 20006"", ""registration_num"": ""2619""}",0.3333,0.4167,0.3968
"19910701_Crowell _ Moring International, Ltd._Amendment_Amendment.pdf","{""registrant_name"": ""Crowell & Moring International, Ltd."", ""registration_num"": ""3988"", ""signer_name"": ""Covell Baba J"", ""file_date"": ""18th day of July 1991""}","{""registrant_name"": ""Crowell & Moring International, Ltd."", ""registration_num"": ""3999"", ""file_date"": ""1991-07-19"", ""signer_name"": ""Barbara J. Covel""}",0.2500,0.3333,0.5333
19910701_Quebec Government Office_Dissemination Report_Dissemination Report.pdf,"{""registration_num"": ""1787"", ""registrant_name"": ""Qu\u00e9bec Government House"", ""foreign_principle_name"": ""Qu\u00e9bec Government"", ""signer_title"": ""Delegate general"", ""file_date"": ""July 9, 1991"", ""signer_name"": ""Leo Par\u00e9""}","{""registration_num"": ""1787"", ""registrant_name"": ""Qu\u00e9bec Government House"", ""foreign_principle_name"": ""Qu\u00e9bec Government"", ""signer_name"": ""L\u00e9o Par\u00e9""}",0.5000,0.5833,0.6458
19910801_British Virgin Islands Tourist Board_Amendment_Amendment.pdf,"{""registration_num"": ""3354"", ""registrant_name"": ""British Virgin Islands Tourist Board"", ""file_date"": ""31st day of .1991""}","{""registration_num"": ""3354"", ""registrant_name"": ""British Virgin Islands Tourist Board""}",0.6667,0.6667,0.6667
19910701_Representative of the Turkish Republic of Northern Cyprus_Dissemination Report_Dissemination Report.pdf,"{""registrant_name"": ""Office of the Representative of the Turkish Republic of Northern Cyprus"", ""registration_num"": ""2619"", ""signer_title"": ""Director"", ""file_date"": ""July 2, 1991"", ""signer_name"": ""Osman Ertug""}","{""registrant_name"": ""Office of the Representative of the Turkish Republic of Northern Cyprus"", ""registration_num"": ""2619"", ""signer_name"": ""Osman Ertug - Director"", ""file_date"": ""1991-06-25""}",0.4000,0.5156,0.6261
"19910701_Squire Patton Boggs, LLP_Dissemination Report_Dissemination Report.pdf","{""registrant_name"": ""Patton, Boggs & Blow"", ""registration_num"": ""2165"", ""foreign_principle_name"": ""Republic of Guatemala"", ""signer_name"": ""Timothy J. May, Jr."", ""file_date"": ""7/10/91"", ""signer_title"": ""Managing Partner""}","{""registrant_name"": ""Patton, Boggs & Blow"", ""registration_num"": ""2165"", ""foreign_principle_name"": ""Republic of Guatemala"", ""signer_name"": ""Timothy J. May, Jr."", ""file_date"": ""1991-07-10"", ""signer_title"": ""Managing Partner""}",0.8333,0.8333,0.9103
"19910801_Akin, Gump, Strauss, Hauer _ Feld, LLP_Dissemination Report_Dissemination Report.pdf","{""registrant_name"": ""Akin, Gump, Hauer & Feld"", ""registration_num"": ""3492"", ""foreign_principle_name"": ""Fujitsu Limited"", ""signer_name"": ""Malcolm Lassman"", ""file_date"": ""8-30-91"", ""signer_title"": ""Partner with Power of Attorney""}","{""registrant_name"": ""Akin, Gump, Hauer & Feld"", ""registration_num"": ""3492"", ""foreign_principle_name"": ""Fujitsu Limited"", ""signer_name"": ""Malcolm Lassman"", ""file_date"": ""1991-08-30"", ""signer_title"": ""Partner with Power of Attorney""}",0.8333,0.8333,0.9103
"19910801_Sidley Austin, LLP_Amendment_Amendment.pdf","{""registration_num"": ""3731"", ""registrant_name"": ""Sidley & Austin"", ""file_date"": ""sworn 14th day of August, 1991""}","{""registration_num"": ""3731"", ""registrant_name"": ""Sidley & Austin""}",0.6667,0.6667,0.6667
"19910801_Daniel J. Edelman, Inc._Dissemination Report_Dissemination Report.pdf","{""registrant_name"": ""Daniel J. Edelman Inc."", ""registration_num"": ""3634"", ""foreign_principle_name"": ""Malaysian Palm Oil Promotion Council"", ""signer_name"": ""Robin G. Matthews"", ""file_date"": ""8/23/91"", ""signer_title"": ""Account Executive""}","{""registrant_name"": ""Daniel J. Edelman Inc."", ""registration_num"": ""3634"", ""foreign_principle_name"": ""Malaysian Palm Oil Promotion Council"", ""signer_name"": ""Robin G. Matthews"", ""file_date"": ""1991-08-23"", ""signer_title"": ""Account Executive""}",0.8333,0.8333,0.9103
"19910801_JETRO, Atlanta_Dissemination Report_Dissemination Report.pdf","{""registration_num"": ""4069"", ""registrant_name"": ""JETRO, Atlanta"", ""foreign_principle_name"": ""Japan External Trade Organization Tokyo, Japan"", ""file_date"": ""8/21/91"", ""signer_name"": ""Yasumasa Iwasaki"", ""signer_title"": ""Executive Director""}","{""registration_num"": ""4069"", ""registrant_name"": ""JETRO, Atlanta"", ""foreign_principle_name"": ""Japan External Trade Organization"", ""signer_name"": ""Yasumasa Iwasaki"", ""signer_title"": ""Executive Director""}",0.6667,0.8000,0.8077
"19910801_International Registries, Inc._Dissemination Report_Dissemination Report.pdf","{""registration_num"": ""4533"", ""registrant_name"": ""International Registries, Inc."", ""foreign_principle_name"": ""Bureau of Maritime Affairs Republic of Liberia"", ""file_date"": ""August 9, 1991"", ""signer_name"": ""Archibald N. Stewart"", ""signer_title"": ""President""}","{""registration_num"": ""4533"", ""registrant_name"": ""International Registries, Inc."", ""foreign_principle_name"": ""Bureau of Maritime Affairs Republic of Liberia"", ""signer_name"": ""Archibald N. Stewart"", ""signer_title"": ""President""}",0.8333,0.8095,0.8333
19910801_Quebec Government Office_Dissemination Report_Dissemination Report.pdf,"{""registrant_name"": ""Qu\u00e9bec Government House"", ""registration_num"": ""1787"", ""foreign_principle_name"": ""Qu\u00e9bec Government"", ""file_date"": ""91.08.22"", ""signer_title"": ""Delegate General"", ""signer_name"": ""L\u00e9o Par\u00e9""}","{""registrant_name"": ""Qu\u00e9bec Government House"", ""registration_num"": ""1787"", ""foreign_principle_name"": ""Qu\u00e9bec Government"", ""signer_title"": ""Delegate General"", ""signer_name"": ""L\u00e9o Par\u00e9""}",0.8333,0.8333,0.8333
19910801_Representative of the Turkish Republic of Northern Cyprus_Dissemination Report_Dissemination Report.pdf,"{""registrant_name"": ""Office of the Representative of the Turkish Republic of Northern Cyprus"", ""registration_num"": ""2619"", ""file_date"": ""August 13, 1991"", ""signer_name"": ""Osman Ertug"", ""signer_title"": ""Director""}","{""registrant_name"": ""Office of the Representative of the Turkish Republic of Northern Cyprus"", ""registration_num"": ""2619"", ""signer_name"": ""Osman Ertug - Director"", ""signer_title"": ""PA""}",0.4000,0.5156,0.5419
"19910801_JETRO, Houston_Dissemination Report_Dissemination Report.pdf","{""registration_num"": ""2277"", ""registrant_name"": ""JETRO, Houston"", ""foreign_principle_name"": ""Japan External Trade Organization Tokyo, Japan"", ""signer_name"": ""Shintaro Oishi"", ""file_date"": ""08-28-91"", ""signer_title"": ""Executive Director""}","{""registration_num"": ""2277"", ""registrant_name"": ""JETRO, Houston"", ""foreign_principle_name"": ""Japan External Trade Organization Tokyo, Japan"", ""signer_name"": ""Shintaro Oishi"", ""file_date"": ""1991-08-28"", ""signer_title"": ""Executive Director""}",0.8333,0.8056,0.9286
19910801_Scottish Enterprise_Dissemination Report_Dissemination Report.pdf,"{""registration_num"": ""3013"", ""registrant_name"": ""Locate in Scotland"", ""foreign_principle_name"": ""Scottish Enterprise Glasgow, Scotland"", ""file_date"": ""8/12/91"", ""signer_title"": ""Accountant"", ""signer_name"": ""James A. Coppola""}","{""registration_num"": ""3013"", ""registrant_name"": ""Locate in Scotland"", ""foreign_principle_name"": ""Scottish Enterprise Glasgow, Scotland"", ""file_date"": ""1991-08-12"", ""signer_title"": ""Accountant"", ""signer_name"": ""James A. Coppola""}",0.8333,0.8333,0.9103
"19910901_JETRO, Atlanta_Dissemination Report_Dissemination Report.pdf","{""signer_name"": ""Yasumasa Iwasaki"", ""file_date"": ""Sept. 25, 1991"", ""signer_title"": ""Executive Director""}","{""signer_name"": [""Yasumasa Iwasaki""], ""file_date"": [""1991-09-25""], ""signer_title"": [""Executive Director""]}",0.6667,0.6667,0.8000
"19910901_Akin, Gump, Strauss, Hauer _ Feld, LLP_Dissemination Report_Dissemination Report.pdf","{""registration_num"": ""3492"", ""registrant_name"": ""Akin, Gump, Hauer & Feld"", ""foreign_principle_name"": ""New California Life Holdings, Inc."", ""signer_name"": ""Daniel L. Spiegel"", ""file_date"": ""9/26/91"", ""signer_title"": ""Partner with Power of Attorney""}","{""registration_num"": ""3492"", ""registrant_name"": ""Akin, Gump, Hauer & Feld"", ""foreign_principle_name"": ""New California Life Holdings, Inc."", ""signer_name"": ""Daniel L. Spiegel"", ""file_date"": ""1991-09-26"", ""signer_title"": ""Partner with Power of Attorney""}",0.8333,0.8333,0.9103
"19910901_International Registries, Inc._Dissemination Report_Dissemination Report.pdf","{""registration_num"": ""4533"", ""registrant_name"": ""International Registries, Inc."", ""foreign_principle_name"": ""Republic of the Marshall Islands"", ""file_date"": ""Sept. 5, 1991"", ""signer_title"": ""President"", ""signer_name"": ""Archibald N. Stewart""}","{""registration_num"": ""4533"", ""registrant_name"": ""International Registries, Inc."", ""foreign_principle_name"": ""Republic of the Marshall Islands"", ""signer_title"": ""President"", ""signer_name"": ""Archibald N. Stewart""}",0.8333,0.8333,0.8333
"19911001_Arnold _ Porter Kaye Scholer, LLP_Dissemination Report_Dissemination Report.pdf","{""registration_num"": ""1750"", ""registrant_name"": ""Arnold & Porter"", ""foreign_principle_name"": ""Republic of Venezuela"", ""signer_title"": ""Partner"", ""file_date"": ""10/23/91"", ""signer_name"": ""Lawrence A. Schneider""}","{""registration_num"": ""1750"", ""registrant_name"": ""Arnold & Porter"", ""foreign_principle_name"": ""Republic of Venezuela"", ""signer_name"": ""Lawrence A. Schneider""}",0.6667,0.6667,0.6667
"19910801_World Zionist Organization - American Section, Inc._Dissemination Report_Dissemination Report.pdf","{""registrant_name"": ""World Zionist Organization-American Section, Inc."", ""registration_num"": ""2278"", ""foreign_principle_name"": ""World Zionist Organization"", ""signer_title"": ""Dir. of Publications"", ""file_date"": ""8/6/91"", ""signer_name"": ""Sam E. Bloch""}","{""registrant_name"": ""World Zionist Organization-American Section, Inc."", ""registration_num"": ""2278"", ""foreign_principle_name"": ""World Zionist Organization"", ""signer_title"": ""Dir. of Publications"", ""file_date"": ""1991-08-06"", ""signer_name"": ""Sam E. Bloch""}",0.8333,0.8333,0.8889
19910901_Quebec Government Office_Dissemination Report_Dissemination Report.pdf,"{""registration_num"": ""1787"", ""registrant_name"": ""Qu\u00e9bec Government House"", ""foreign_principle_name"": ""Qu\u00e9bec Government"", ""signer_title"": ""Delegate general"", ""signer_name"": ""L\u00e9o Par\u00e9"", ""file_date"": ""9/20/91""}","{""registration_num"": ""1787"", ""registrant_name"": ""Qu\u00e9bec Government House"", ""foreign_principle_name"": ""Qu\u00e9bec Government"", ""signer_title"": ""Delegate general"", ""signer_name"": ""L\u00e9o Par\u00e9"", ""file_date"": ""1991-07-20""}",0.8333,0.8333,0.9103
"19911001_International Registries, Inc._Dissemination Report_Dissemination Report.pdf","{""registrant_name"": ""International Registries, Inc."", ""registration_num"": ""4533"", ""foreign_principle_name"": ""Bureau of Maritime Affairs Republic of Liberia"", ""file_date"": ""October 8, 1991"", ""signer_name"": ""Archibald N. Stewart"", ""signer_title"": ""President""}","{""registrant_name"": ""International Registries, Inc."", ""registration_num"": ""4533"", ""foreign_principle_name"": ""Bureau of Maritime Affairs Republic of Liberia"", ""signer_name"": ""Archibald N. Stewart"", ""signer_title"": ""President""}",0.8333,0.8095,0.8333
"19911001_Akin, Gump, Strauss, Hauer _ Feld, LLP_Dissemination Report_Dissemination Report.pdf","{""registration_num"": ""3492"", ""registrant_name"": ""Akin, Gump, Hauer & Feld"", ""foreign_principle_name"": ""Association of Venezuelan Cement Producers"", ""signer_name"": ""Daniel L. Spiegel"", ""file_date"": ""10-1-91"", ""signer_title"": ""Partner with Power of Attorney""}","{""registration_num"": ""3492"", ""registrant_name"": ""Akin, Gump, Hauer & Feld"", ""foreign_principle_name"": ""Association of Venezuelan Cement Producers"", ""signer_name"": ""Daniel L. Spiegel"", ""file_date"": ""1991-10-01"", ""signer_title"": ""Partner with Power of Attorney""}",0.8333,0.8333,0.9103
"19911001_JETRO, Atlanta_Dissemination Report_Dissemination Report.pdf","{""registration_num"": ""4069"", ""registrant_name"": ""JETRO, Atlanta"", ""foreign_principle_name"": ""Japan External Trade Organization TOKYO, JAPAN"", ""signer_name"": ""Yasumasa Iwasaki"", ""file_date"": ""October 3, 1991"", ""signer_title"": ""Executive Director""}","{""registration_num"": ""4069"", ""registrant_name"": ""JETRO, Atlanta"", ""foreign_principle_name"": ""Japan External Trade Organization"", ""signer_name"": ""Yasumasa Iwasaki"", ""file_date"": ""1991-10-03"", ""signer_title"": ""Executive Director""}",0.6667,0.8000,0.8683
"19911001_JETRO, New York_Dissemination Report_Dissemination Report.pdf","{""registrant_name"": ""JETRO, New York"", ""registration_num"": ""1643"", ""foreign_principle_name"": ""Japan External Trade Organization"", ""file_date"": ""10/18/91"", ""signer_name"": ""Kunio Ito"", ""signer_title"": ""Director, Public Affairs""}","{""registrant_name"": ""JETRO, New York"", ""registration_num"": ""1643"", ""foreign_principle_name"": ""Japan External Trade Organization"", ""signer_name"": ""Kunio Ito"", ""signer_title"": ""Director, Public Affairs""}",0.8333,0.8333,0.8333
"19911001_JETRO, Los Angeles_Dissemination Report_Dissemination Report.pdf","{""registration_num"": ""1833"", ""registrant_name"": ""JETRO, Los Angeles"", ""foreign_principle_name"": ""Japan External Trade Organization (JETRO) Tokyo, Japan"", ""signer_name"": ""Eiichi Nagata"", ""file_date"": ""9/25/91"", ""signer_title"": ""Executive Director""}","{""registration_num"": ""1833"", ""registrant_name"": ""JETRO, Los Angeles"", ""foreign_principle_name"": ""Japan External Trade Organization (JETRO) Tokyo, Japan"", ""signer_name"": ""Eiichi Nagata"", ""file_date"": ""1991-09-15"", ""signer_title"": ""Executive Director""}",0.8333,0.8095,0.9103
19911001_Representative of the Turkish Republic of Northern Cyprus_Dissemination Report_Dissemination Report.pdf,"{""registrant_name"": ""Office of the Representative of the Turkish Republic of Northern Cyprus"", ""registration_num"": ""2619"", ""file_date"": ""er 22, 1991 October"", ""signer_name"": ""Osman Ertug"", ""signer_title"": ""Director""}","{""registrant_name"": ""Office of the Representative of the Turkish Republic of Northern Cyprus"", ""registration_num"": ""2619"", ""signer_name"": ""Osman Ertug"", ""signer_title"": ""Director""}",0.8000,0.7556,0.8000
19911001_Quebec Government Office_Dissemination Report_Dissemination Report.pdf,"{""registration_num"": ""1787"", ""registrant_name"": ""Qu\u00e9bec Government House"", ""foreign_principle_name"": ""Qu\u00e9bec Government"", ""file_date"": ""Oct. 23.91"", ""signer_title"": ""Delegate general"", ""signer_name"": ""L\u00e9o Par\u00e9""}","{""registration_num"": ""1787"", ""registrant_name"": ""Qu\u00e9bec Government House"", ""foreign_principle_name"": ""Qu\u00e9bec Government"", ""signer_title"": ""Delegate general"", ""signer_name"": ""L\u00e9o Par\u00e9""}",0.8333,0.8333,0.8333
"19911101_International Registries, Inc._Dissemination Report_Dissemination Report.pdf","{""registration_num"": ""4533"", ""registrant_name"": ""International Registries, Inc."", ""file_date"": ""November 5, 1991"", ""signer_title"": ""President"", ""signer_name"": ""Archibald N. Stewart""}","{""registration_num"": ""4533"", ""registrant_name"": ""International Registries, Inc."", ""signer_title"": ""President"", ""signer_name"": ""Archibald N. Stewart""}",0.8000,0.8000,0.8000
19911001_Kobe Trade Information Office_Dissemination Report_Dissemination Report.pdf,"{""registration_num"": ""2438"", ""registrant_name"": ""KOBE TRADE INFORMATION OFFICE"", ""foreign_principle_name"": "". Foreign Government Kobe Municipal Government"", ""signer_name"": ""Toshiaki powLA"", ""file_date"": ""16/10/01"", ""signer_title"": ""Director""}","{""registration_num"": ""2438"", ""registrant_name"": ""KOBE TRADE INFORMATION OFFICE"", ""foreign_principle_name"": ""Foreign Government Kobe Municipal Government""}",0.5000,0.4667,0.5000
"19911101_Akin, Gump, Strauss, Hauer _ Feld, LLP_Amendment_Amendment.pdf","{""registration_num"": ""3492"", ""registrant_name"": ""Akin, Gump, Hauer & Feld"", ""signer_name"": ""Daniel L. Spiegel"", ""signer_title"": ""Partner With Power of Attorney"", ""file_date"": ""31st day of October , 1991""}","{""registration_num"": ""3492"", ""registrant_name"": ""Akin, Gump, Hauer & Feld"", ""signer_name"": ""Daniel L. Spiegel"", ""signer_title"": ""Partner With Power of Attorney"", ""file_date"": ""1991-10-31""}",0.8000,0.8000,0.8500
"19911101_Far East Trade Services, Inc._Dissemination Report_Dissemination Report.pdf","{""registration_num"": ""2985"", ""registrant_name"": ""Far East Trade Service, Inc."", ""foreign_principle_name"": ""Far East Trade Service, Inc. Taipei, Taiwan, R.O.C."", ""file_date"": ""Nov. 1, 1991"", ""signer_title"": ""Director"", ""signer_name"": ""Robert Y. Wang""}","{""registration_num"": ""2985"", ""registrant_name"": ""Far East Trade Service, Inc."", ""foreign_principle_name"": ""Far East Trade Service, Inc.\nTaipei, Taiwan, R.O.C."", ""signer_name"": ""Robert Y. Wang, Director""}",0.5000,0.6429,0.6238
"19911101_Akin, Gump, Strauss, Hauer _ Feld, LLP_Dissemination Report_Dissemination Report.pdf","{""registration_num"": ""3492"", ""registrant_name"": ""Akin, Gump, Hauer & Feld"", ""foreign_principle_name"": ""Altus Finance and New California Life Holdings, Inc."", ""signer_name"": ""Daniel L. Spiegel"", ""signer_title"": ""Partner with Power of Attorney""}","{""registration_num"": ""3492"", ""registrant_name"": ""Akin, Gump, Hauer & Feld"", ""foreign_principle_name"": ""Altus Finance and New California Life Holdings, Inc."", ""signer_name"": ""Daniel L. Spiegel"", ""signer_title"": ""Partner with Power of Attorney""}",1.0000,1.0000,1.0000
"19911101_JETRO, Atlanta_Dissemination Report_Dissemination Report.pdf","{""registrant_name"": ""Japan External Trade Organization, Atlanta"", ""registration_num"": ""4069"", ""foreign_principle_name"": ""Japan External Trade Organization Tokyo, JAPAN"", ""file_date"": ""11/6/91"", ""signer_name"": ""Yasumasa Iwasaki"", ""signer_title"": ""Executive Director""}","{""registrant_name"": ""Japan External Trade Organization, Atlanta"", ""registration_num"": ""4069"", ""foreign_principle_name"": ""Japan External Trade Organization Tokyo, JAPAN"", ""signer_name"": ""Yasumasa Iwasaki"", ""signer_title"": ""Executive Director""}",0.8333,0.8056,0.8333
"19911201_International Registries, Inc._Dissemination Report_Dissemination Report.pdf","{""registration_num"": ""4533"", ""registrant_name"": ""International Registries, Inc."", ""file_date"": ""Dec. 9, 1991"", ""signer_name"": ""Archibald N. Stewart"", ""signer_title"": ""President""}","{""registration_num"": ""4533"", ""registrant_name"": ""International Registries, Inc."", ""signer_name"": ""Archibald N. Stewart"", ""signer_title"": ""President""}",0.8000,0.8000,0.8000
19911101_Scottish Enterprise_Dissemination Report_Dissemination Report.pdf,"{""registrant_name"": ""Locate in Scotland"", ""registration_num"": ""3013"", ""foreign_principle_name"": ""Scottish Enterprise Glasgow, Scotland"", ""signer_title"": ""Accountant"", ""signer_name"": ""James A. Coppola"", ""file_date"": ""10/29/91""}","{""registrant_name"": ""Locate in Scotland"", ""registration_num"": ""3013"", ""foreign_principle_name"": ""Scottish Enterprise Glasgow, Scotland"", ""signer_name"": ""James A. Coppola, Accountant"", ""file_date"": ""1991-10-29""}",0.5000,0.6333,0.7124
"19911201_JETRO, Atlanta_Dissemination Report_Dissemination Report.pdf","{""registration_num"": ""4069"", ""registrant_name"": ""JETRO, Atlanta"", ""foreign_principle_name"": ""Japan External Trade Organization (JETRO)"", ""file_date"": ""12/5/91"", ""signer_name"": ""Yasumasa Iwasaki"", ""signer_title"": ""Executive Director""}","{""registration_num"": ""4069"", ""registrant_name"": ""JETRO, Atlanta"", ""foreign_principle_name"": ""Japan External Trade Organization (JETRO)"", ""signer_name"": ""Yasumasa Iwasaki"", ""signer_title"": ""Executive Director""}",0.8333,0.8333,0.8333
"19911201_Far East Trade Services, Inc._Dissemination Report_Dissemination Report.pdf","{""registrant_name"": ""Far East Trade Service, Inc."", ""registration_num"": ""2985"", ""foreign_principle_name"": ""Far East Trade Service, Inc. Taipei, Taiwan, R.O.C."", ""file_date"": ""12-2-91"", ""signer_name"": ""Robert Y. Wang"", ""signer_title"": ""Director""}","{""registrant_name"": ""Far East Trade Service, Inc."", ""registration_num"": ""2985"", ""foreign_principle_name"": ""Far East Trade Service, Inc. Taipei, Taiwan, R.O.C."", ""signer_name"": ""Robert Y. Wang"", ""signer_title"": ""Director""}",0.8333,0.8333,0.8333
"19911201_JETRO, Houston_Dissemination Report_Dissemination Report.pdf","{""registration_num"": ""2277"", ""registrant_name"": ""JETRO, Houston"", ""foreign_principle_name"": ""Japan External Trade Organization Tokyo, Japan"", ""file_date"": ""12-05-91"", ""signer_name"": ""Shintaro Oishi"", ""signer_title"": ""Executive Director""}","{""registration_num"": ""2277"", ""registrant_name"": ""JETRO, Houston"", ""foreign_principle_name"": ""Japan External Trade Organization Tokyo, Japan"", ""signer_name"": ""Shintaro Oishi"", ""signer_title"": ""Executive Director""}",0.8333,0.8056,0.8333
"19911101_World Zionist Organization - American Section, Inc._Dissemination Report_Dissemination Report.pdf","{""registration_num"": ""2278"", ""registrant_name"": ""World Zionist Organization-American Section, Inc."", ""foreign_principle_name"": ""World Zionist Organization"", ""signer_title"": ""Dir. of Publications"", ""file_date"": ""11/7/91"", ""signer_name"": ""Sam E. Bloch""}","{""registration_num"": ""2278"", ""registrant_name"": ""World Zionist Organization-American Section, Inc."", ""foreign_principle_name"": ""World Zionist Organization"", ""signer_title"": ""Dir. of Publications"", ""file_date"": ""1991-11-07"", ""signer_name"": ""Sam E. Bloch""}",0.8333,0.8333,0.9103
19911201_KOTRA_Dissemination Report_Dissemination Report.pdf,"{""registration_num"": ""1619"", ""registrant_name"": ""Korea Trade Promotion Center"", ""foreign_principle_name"": ""Korea Trade Promotion Corp. Seoul, Korea"", ""signer_title"": ""Executive Director"", ""signer_name"": ""Yong Jip Kim"", ""file_date"": ""Nov. 1991""}","{""registration_num"": ""1619"", ""registrant_name"": ""Korea Trade Promotion Center"", ""foreign_principle_name"": ""Korea Trade Promotion Corp., Seoul, Korea"", ""signer_name"": ""Yong Jip Kim, Executive Director"", ""file_date"": ""1991-11""}",0.5000,0.5972,0.6883
19911201_Quebec Government Office_Dissemination Report_Dissemination Report.pdf,"{""registration_num"": ""1787"", ""registrant_name"": ""Qu\u00e9bec Government House"", ""foreign_principle_name"": ""Qu\u00e9bec Government"", ""signer_title"": ""Delegate general"", ""signer_name"": ""L\u00e9o Par\u00e9"", ""file_date"": ""91.11.27""}","{""registration_num"": ""1787"", ""registrant_name"": ""Qu\u00e9bec Government House"", ""foreign_principle_name"": ""Qu\u00e9bec Government"", ""signer_title"": ""Delegate general"", ""signer_name"": ""L\u00e9o Par\u00e9""}",0.8333,0.8333,0.8333
19911201_Kobe Trade Information Office_Dissemination Report_Dissemination Report.pdf,"{""registration_num"": ""2438"", ""registrant_name"": ""Kobe Trade Information Office"", ""foreign_principle_name"": ""Foreign Government Kobe Municipal Government"", ""file_date"": ""11/25/91"", ""signer_title"": ""Director"", ""signer_name"": ""Toshiaki Baba""}","{""registration_num"": ""2438"", ""registrant_name"": ""Kobe Trade Information Office"", ""foreign_principle_name"": ""Foreign Government Kobe Municipal Government"", ""signer_name"": ""Toshiaki Baba""}",0.6667,0.6333,0.6667
19911201_Scottish Enterprise_Dissemination Report_Dissemination Report.pdf,"{""registrant_name"": ""Locate in Scotland"", ""registration_num"": ""3013"", ""foreign_principle_name"": ""Scottish Enterprise Glasgow, Scotland"", ""signer_title"": ""Accountant"", ""signer_name"": ""James A. Coppola"", ""file_date"": ""12/2/91""}","{""registrant_name"": ""Locate in Scotland"", ""registration_num"": ""3013"", ""foreign_principle_name"": ""Scottish Enterprise Glasgow, Scotland"", ""signer_name"": ""James A. Coppola, Accountant"", ""file_date"": ""1991-12-02""}",0.5000,0.6333,0.6940
"19920101_Far East Trade Services, Inc._Dissemination Report_Dissemination Report.pdf","{""registrant_name"": ""Far East Trade Service, Inc."", ""registration_num"": ""2985"", ""foreign_principle_name"": ""Far East Trade Service, Inc."", ""file_date"": ""January 3, 1992"", ""signer_title"": ""Director"", ""signer_name"": ""Robert Y. Wang""}","{""registrant_name"": ""Far East Trade Service, Inc."", ""registration_num"": ""2985"", ""foreign_principle_name"": ""Far East Trade Service, Inc."", ""signer_name"": ""Robert Y. Wang, Director""}",0.5000,0.6429,0.6238
"19911201_World Zionist Organization - American Section, Inc._Dissemination Report_Dissemination Report.pdf","{""registration_num"": ""2278"", ""registrant_name"": ""World Zionist Organization- American Section, INC."", ""foreign_principle_name"": ""World Zionist Organization"", ""signer_name"": ""Sam E. Bloch"", ""file_date"": ""12/9/91"", ""signer_title"": ""Director of Publications""}","{""registration_num"": ""2278"", ""registrant_name"": ""World Zionist Organization- American Section, INC."", ""foreign_principle_name"": ""World Zionist Organization"", ""signer_name"": ""Sam E. Bloch"", ""file_date"": ""1991-12-09"", ""signer_title"": ""Director of Publications""}",0.8333,0.8333,0.9359
"19920101_JETRO, New York_Dissemination Report_Dissemination Report.pdf","{""registration_num"": ""1643"", ""registrant_name"": ""JETRO, New York"", ""foreign_principle_name"": ""Japan External Trade Organization"", ""file_date"": ""1/16/92"", ""signer_name"": ""Kunio Ito"", ""signer_title"": ""Director, Public Affairs""}","{""registration_num"": ""1643"", ""registrant_name"": ""JETRO, New York"", ""foreign_principle_name"": ""Japan External Trade Organization"", ""signer_name"": ""Kunio Ito"", ""signer_title"": ""Director, Public Affairs""}",0.8333,0.8333,0.8333
"19920101_JETRO, Atlanta_Dissemination Report_Dissemination Report.pdf","{""registration_num"": ""4069"", ""registrant_name"": ""JETRO, Atlanta"", ""foreign_principle_name"": ""JETRO, Tokyo"", ""signer_name"": ""Yasumasa Iwasaki"", ""file_date"": ""1/17/92"", ""signer_title"": ""Executive Director""}","{""registration_num"": ""4069"", ""registrant_name"": ""JETRO, Atlanta"", ""foreign_principle_name"": ""JETRO, Tokyo"", ""signer_name"": ""Yasumasa Iwasaki"", ""file_date"": ""1992-01-17"", ""signer_title"": ""Executive Director""}",0.8333,0.8333,0.9103
19920101_Quebec Government Office_Dissemination Report_Dissemination Report.pdf,"{""registration_num"": ""1787"", ""registrant_name"": ""Qu\u00e9bec Government House"", ""foreign_principle_name"": ""Qu\u00e9bec Government"", ""signer_title"": ""Delegate general"", ""file_date"": ""1/16/92"", ""signer_name"": ""L\u00e9o Par\u00e9""}","{""registration_num"": ""1787"", ""registrant_name"": ""Qu\u00e9bec Government House"", ""foreign_principle_name"": ""Qu\u00e9bec Government"", ""signer_name"": ""L\u00e9o Par\u00e9""}",0.6667,0.6667,0.6667
"19920101_Daniel J. Edelman, Inc._Dissemination Report_Dissemination Report.pdf","{""registration_num"": ""3634"", ""registrant_name"": ""Daniel J. Edelman, Inc."", ""foreign_principle_name"": ""Malaysian Palm Oil Promotion Council"", ""signer_name"": ""Robin Matthews"", ""file_date"": ""1-3-92"", ""signer_title"": ""Senior Acct. Executive""}","{""registration_num"": ""3634"", ""registrant_name"": ""Daniel J. Edelman, Inc."", ""foreign_principle_name"": ""Malaysian Palm Oil Promotion Council"", ""signer_name"": ""Robin Matthews"", ""file_date"": ""1992-01-03"", ""signer_title"": ""Senior Acct. Executive""}",0.8333,0.8333,0.9167
19920101_Office of Tibet_Dissemination Report_Dissemination Report.pdf,"{""registration_num"": ""1699"", ""registrant_name"": ""The Office of Tibet"", ""foreign_principle_name"": ""His Holiness the Dalai Lama"", ""signer_title"": ""editor"", ""signer_name"": ""Thubten Samphel"", ""file_date"": ""20 Jan., 192""}","{""registration_num"": ""1699"", ""registrant_name"": ""The Office of Tibet"", ""foreign_principle_name"": ""His Holiness the Dalai Lama"", ""signer_name"": ""Thubten Samphel, editor"", ""file_date"": ""1992-01-20""}",0.5000,0.6333,0.7092
19920101_Scottish Enterprise_Dissemination Report_Dissemination Report.pdf,"{""registration_num"": ""3013"", ""registrant_name"": ""Locate in Scotland"", ""foreign_principle_name"": ""Scottish Enterprise Glasgow, Scotland"", ""file_date"": ""1/24/92"", ""signer_title"": ""Accountant"", ""signer_name"": ""James A. Coppola""}","{""registration_num"": ""3013"", ""registrant_name"": ""Locate in Scotland"", ""foreign_principle_name"": ""Scottish Enterprise Glasgow, Scotland"", ""signer_title"": ""Accountant"", ""signer_name"": ""James A. Coppola""}",0.8333,0.8333,0.8333
"19920201_Sidley Austin, LLP_Amendment_Amendment.pdf","{""registration_num"": ""3731"", ""registrant_name"": ""Sidley & Austin"", ""file_date"": ""26 day of Feber bruary .192""}","{""registration_num"": ""3731"", ""registrant_name"": ""Sidley & Austin""}",0.6667,0.6667,0.6667
"19920201_CMGRP, Inc._Dissemination Report_Dissemination Report.pdf","{""registration_num"": ""3911"", ""registrant_name"": ""Robinson, Lake, Lerer & Montgomery"", ""foreign_principle_name"": ""Canadian Forest Industries Council"", ""signer_name"": ""Mark C. Helmke"", ""file_date"": ""2/14/92"", ""signer_title"": ""Executive Vice President and General Manager""}","{""registration_num"": ""3911"", ""registrant_name"": ""Robinson, Lake, Lerer & Montgomery"", ""foreign_principle_name"": ""Canadian Forest Industries Council"", ""signer_name"": ""Mark C. Helmke"", ""file_date"": ""1992-02-14"", ""signer_title"": ""Executive Vice President and General Manager""}",0.8333,0.8333,0.9103
"19920301_Arnold _ Porter Kaye Scholer, LLP_Amendment_Amendment.pdf","{""registration_num"": ""1750"", ""registrant_name"": ""ARNOLD & PORTER"", ""signer_name"": ""William D. Rogers"", ""file_date"": ""March 20th day of ,19 92""}","{""registration_num"": ""1750"", ""registrant_name"": ""ARNOLD & PORTER"", ""signer_name"": ""William D. Rogers"", ""file_date"": ""March 19, 1992""}",0.7500,0.8611,0.9028
19920201_Quebec Government Office_Dissemination Report_Dissemination Report.pdf,"{""registration_num"": ""1787"", ""registrant_name"": ""Qu\u00e9bec Government House"", ""foreign_principle_name"": ""'Qu\u00e9bec Government"", ""signer_title"": ""Delegate general"", ""file_date"": ""1/16/92"", ""signer_name"": ""L\u00e9o Par\u00e9""}","{""registration_num"": ""1787"", ""registrant_name"": ""Qu\u00e9bec Government House"", ""foreign_principle_name"": ""Qu\u00e9bec Government"", ""signer_name"": ""L\u00e9o Par\u00e9""}",0.6667,0.6667,0.6667
19920301_Arab Information Center_Dissemination Report_Dissemination Report.pdf,"{""registrant_name"": ""League of Arab States"", ""registration_num"": ""876"", ""foreign_principle_name"": ""League of Arab States"", ""file_date"": ""3/20/92"", ""signer_name"": ""Malea Kiblan"", ""signer_title"": ""Esq""}","{""registrant_name"": ""League of Arab States"", ""registration_num"": ""876"", ""foreign_principle_name"": ""League of Arab States"", ""signer_name"": ""Malea Kiblan, Esq.""}",0.5000,0.6333,0.6429
"19920201_JETRO, Los Angeles_Dissemination Report_Dissemination Report.pdf","{""registrant_name"": ""JETRO, Los Angeles"", ""registration_num"": ""1833"", ""foreign_principle_name"": ""Japan External Trade Organization Tokyo, Japan"", ""file_date"": ""2/21/92"", ""signer_name"": ""Eiichi Nagata"", ""signer_title"": ""Executive Director""}","{""registrant_name"": ""JETRO, Los Angeles"", ""registration_num"": ""1833"", ""foreign_principle_name"": ""Japan External Trade Organization Tokyo, Japan"", ""signer_name"": ""Eiichi Nagata"", ""signer_title"": ""Executive Director""}",0.8333,0.8056,0.8333
"19920301_Far East Trade Services, Inc._Dissemination Report_Dissemination Report.pdf","{""registrant_name"": ""Far East Trade Service, Inc."", ""registration_num"": ""2985"", ""foreign_principle_name"": ""Far East Trade Service, Inc. Taipei, Taiwan, R.O.C."", ""file_date"": ""March 2, 1992"", ""signer_name"": ""Robert Y. Wang"", ""signer_title"": ""Director""}","{""registrant_name"": ""Far East Trade Service, Inc."", ""registration_num"": ""2985"", ""foreign_principle_name"": ""Far East Trade Service, Inc. Taipei, Taiwan, R.O.C."", ""signer_name"": ""Robert Y. Wang"", ""signer_title"": ""Director""}",0.8333,0.8333,0.8333
"19920301_International Registries, Inc._Dissemination Report_Dissemination Report.pdf","{""registration_num"": ""4533"", ""registrant_name"": ""International Registries, Inc."", ""signer_title"": ""President"", ""signer_name"": ""Archibald N. Stewart,"", ""file_date"": ""March 10, 1992""}","{""registration_num"": ""4533"", ""registrant_name"": ""International Registries, Inc."", ""signer_name"": ""Archibald N. Stewart, President"", ""file_date"": ""1992-03-10""}",0.4000,0.5714,0.6345
"19920301_CMGRP, Inc._Dissemination Report_Dissemination Report.pdf","{""registrant_name"": ""Robinson, Lake, Lerer & Montgomery"", ""registration_num"": ""3911"", ""foreign_principle_name"": ""Canadian Forest Industries Council"", ""signer_name"": ""Mark C. Helmke"", ""file_date"": ""3.3.92"", ""signer_title"": ""Executive Vice President and General Manager""}","{""registrant_name"": ""Robinson, Lake, Lerer & Montgomery"", ""registration_num"": ""3911"", ""foreign_principle_name"": ""Canadian Forest Industries Council"", ""signer_name"": ""Mark C. Helmke"", ""file_date"": ""1992-03-03"", ""signer_title"": ""Executive Vice President and General Manager""}",0.8333,0.8333,0.8889
"19920301_JETRO, Atlanta_Dissemination Report_Dissemination Report.pdf","{""registration_num"": ""4069"", ""registrant_name"": ""JETRO, Atlanta"", ""foreign_principle_name"": ""transmitted. JETRO, Atlanta Japan External Trade Organization"", ""file_date"": ""March 6, 1992"", ""signer_name"": ""Yasumasa Iwasaki"", ""signer_title"": ""Executive Director""}","{""registration_num"": ""4069"", ""registrant_name"": ""JETRO, Atlanta"", ""foreign_principle_name"": ""Japan External Trade Organization"", ""signer_name"": ""Yasumasa Iwasaki"", ""signer_title"": ""Executive Director""}",0.6667,0.7879,0.7862
"19920301_JETRO, Los Angeles_Amendment_Amendment.pdf","{""registrant_name"": ""JETRO Los Angeles"", ""registration_num"": ""1833"", ""signer_name"": ""Eiichi Nagata"", ""file_date"": ""9th March day of ,1992""}","{""registrant_name"": ""JETRO Los Angeles"", ""registration_num"": ""1833"", ""signer_name"": ""Eiichi Nagata"", ""file_date"": ""March 9, 1992""}",0.7500,0.8750,0.9167
"19920301_Hill and Knowlton Strategies, LLC_Dissemination Report_Dissemination Report.pdf","{""registration_num"": ""3301"", ""registrant_name"": ""Hill and Knowlton, Inc."", ""foreign_principle_name"": ""Republic of Turkey"", ""signer_name"": ""Arzu Tuncata"", ""file_date"": ""3/12/92"", ""signer_title"": ""Vice President""}","{""registration_num"": ""3301"", ""registrant_name"": ""Hill and Knowlton, Inc."", ""foreign_principle_name"": ""Republic of Turkey"", ""signer_name"": ""Arzu Tuncata"", ""file_date"": ""1992-03-12"", ""signer_title"": ""Vice President""}",0.8333,0.8333,0.9103
"19920301_JETRO, Houston_Dissemination Report_Dissemination Report.pdf","{""registrant_name"": ""JETRO, Houston"", ""registration_num"": ""2277"", ""foreign_principle_name"": ""Japan External Trade Organization Tokyo, Japan"", ""signer_name"": ""Hisashi Yamada"", ""file_date"": ""March 3, 1992"", ""signer_title"": ""Director, Public Relations""}","{""registrant_name"": ""JETRO, Houston"", ""registration_num"": ""2277"", ""foreign_principle_name"": ""Japan External Trade Organization Tokyo, Japan"", ""signer_name"": ""Hisashi Yamada"", ""file_date"": ""1992-03-03"", ""signer_title"": ""Director, Public Relations""}",0.8333,0.8056,0.9000
19920301_Kobe Trade Information Office_Dissemination Report_Dissemination Report.pdf,"{""registration_num"": ""2438"", ""registrant_name"": ""Kobe Trade Information Office"", ""foreign_principle_name"": ""Foreign Government Kobe Municipal Government"", ""file_date"": ""3/24/92"", ""signer_title"": ""Director"", ""signer_name"": ""Toshiaki Baba""}","{""registration_num"": ""2438"", ""registrant_name"": ""Kobe Trade Information Office"", ""foreign_principle_name"": ""Foreign Government Kobe Municipal Government"", ""signer_name"": ""Toshiaki Baba""}",0.6667,0.6333,0.6667
"19920301_JETRO, Los Angeles_Dissemination Report_Dissemination Report.pdf","{""registrant_name"": ""JETRO, Los Angeles"", ""registration_num"": ""1833"", ""foreign_principle_name"": ""JAPAN External Trade Organization Tokyo, Japan"", ""file_date"": ""3/27/92"", ""signer_name"": ""Eiichi Nagata"", ""signer_title"": ""Executive Director""}","{""registrant_name"": ""JETRO, Los Angeles"", ""registration_num"": ""1833"", ""foreign_principle_name"": ""JAPAN External Trade Organization Tokyo, Japan"", ""signer_name"": ""Eiichi Nagata"", ""signer_title"": ""Executive Director""}",0.8333,0.8056,0.8333
19920301_Korea Economic Institute_Dissemination Report_Dissemination Report.pdf,"{""registrant_name"": ""Korea Economic Institute"", ""registration_num"": ""3327"", ""foreign_principle_name"": ""Korea Inst. for Intl. Economic Policy"", ""file_date"": ""2/28/92"", ""signer_title"": ""Treasurer"", ""signer_name"": ""Mitzi L. Kimball""}","{""registrant_name"": ""Korea Economic Institute"", ""registration_num"": ""3327"", ""foreign_principle_name"": ""Korea Inst. for Int'l. Economic Policy"", ""file_date"": ""1992-02-28"", ""signer_title"": ""Treasurer"", ""signer_name"": ""Mitzi L. Kimball""}",0.8333,0.8333,0.9103
19920301_Quebec Government Office_Dissemination Report_Dissemination Report.pdf,"{""registration_num"": ""1787"", ""registrant_name"": ""Qu\u00e9bec Government House"", ""foreign_principle_name"": ""Qu\u00e9bec Government"", ""file_date"": ""3/16/92"", ""signer_title"": ""Delegate general"", ""signer_name"": ""L\u00e9o Par\u00e9""}","{""registration_num"": ""1787"", ""registrant_name"": ""Qu\u00e9bec Government House"", ""foreign_principle_name"": ""Qu\u00e9bec Government"", ""signer_name"": ""L\u00e9o Par\u00e9""}",0.6667,0.6667,0.6667
19920301_Representative of the Turkish Republic of Northern Cyprus_Dissemination Report_Dissemination Report.pdf,"{""registrant_name"": ""Office of the Representative of the Turkish Republic of Northern Cyprus"", ""registration_num"": ""2619"", ""file_date"": ""March u. 1992"", ""signer_title"": ""Director"", ""signer_name"": ""Osman Ertug""}","{""registrant_name"": ""Office of the Representative of the Turkish Republic of Northern Cyprus"", ""registration_num"": ""2619"", ""signer_name"": ""Osman Ertug - Director""}",0.4000,0.5156,0.5419
"19920301_Public Strategies Washington, Inc._Dissemination Report_Dissemination Report.pdf","{""registrant_name"": ""Joseph P. O'Neill Public Strategies Washington, Inc."", ""registration_num"": ""4486"", ""foreign_principle_name"": ""Mexico/SECOFI"", ""signer_name"": ""Joseph P. O'Neill"", ""file_date"": ""3/16/92"", ""signer_title"": ""President""}","{""registrant_name"": ""Joseph P. O'Neill"", ""registration_num"": ""4486"", ""foreign_principle_name"": ""Mexico/SECFI"", ""signer_name"": ""Joseph P. O'Neill"", ""file_date"": ""1992-03-16"", ""signer_title"": ""President""}",0.5000,0.6000,0.8157
"19920301_Oromo Liberation Front, North America Office_Dissemination Report_Dissemination Report.pdf","{""registration_num"": ""4610"", ""registrant_name"": ""OROMO LIBERATION FRONT (OCF)"", ""foreign_principle_name"": ""OROMO LIBERATIONS FRONT"", ""signer_name"": ""Tamam A. Youssouf"", ""file_date"": ""Feb 18,1992"", ""signer_title"": ""North America Representative""}","{""registration_num"": ""4610"", ""registrant_name"": ""OROMO LIBERATION FRONT (OLF)"", ""foreign_principle_name"": ""OROMO LIBERATION FRONT"", ""signer_name"": ""Tamam A. Youssouf"", ""file_date"": ""1992-02-18"", ""signer_title"": ""North America Representative""}",0.5000,0.7361,0.8973
"19920401_Far East Trade Services, Inc._Dissemination Report_Dissemination Report.pdf","{""registration_num"": ""2985"", ""registrant_name"": ""Far East Trade Service, Inc."", ""foreign_principle_name"": ""Far East Trade Service, Inc. Taipei, Taiwan, R.O.C."", ""file_date"": ""April 1, 1992"", ""signer_title"": ""Director"", ""signer_name"": ""Robert Y. Wang""}","{""registration_num"": ""2985"", ""registrant_name"": ""Far East Trade Service, Inc."", ""foreign_principle_name"": ""Far East Trade Service, Inc.\nTaipei, Taiwan, R.O.C."", ""signer_title"": ""Director"", ""signer_name"": ""Robert Y. Wang""}",0.8333,0.8333,0.8333
"19920401_CMGRP, Inc._Dissemination Report_Dissemination Report.pdf","{""registrant_name"": ""Robinson, Lake, Lerer & Montgomery"", ""registration_num"": ""3911"", ""foreign_principle_name"": ""Brewers Associaiton of Canada"", ""file_date"": ""3/30/92"", ""signer_name"": ""Mark Helmke"", ""signer_title"": ""Executive Vice President and General Manager""}","{""registrant_name"": ""Robinson, Lake, Lerer & Montgomery"", ""registration_num"": ""3911"", ""foreign_principle_name"": ""Brewers Association of Canada"", ""file_date"": ""1992-03-30"", ""signer_name"": ""Mark Helmke"", ""signer_title"": ""Executive Vice President and General Manager""}",0.6667,0.7917,0.9045
"19920401_International Registries, Inc._Dissemination Report_Dissemination Report.pdf","{""registrant_name"": ""International Registries, Inc."", ""registration_num"": ""4533"", ""foreign_principle_name"": ""Bureau of Maritime Affairs Republic of Liberia"", ""signer_title"": ""President"", ""file_date"": ""April 9, 1992"", ""signer_name"": ""Archibald N. Stewart""}","{""registrant_name"": ""International Registries, Inc."", ""registration_num"": ""4533"", ""foreign_principle_name"": ""Bureau of Maritime Affairs Republic of Liberia"", ""signer_name"": ""Archibald N. Stewart""}",0.6667,0.6429,0.6667
"19920401_JETRO, Los Angeles_Dissemination Report_Dissemination Report.pdf","{""registrant_name"": ""JETRO, Los Angeles"", ""registration_num"": ""1833"", ""foreign_principle_name"": ""Japan External Trade Organization Tokyo, Japan"", ""signer_name"": ""Eiichi Nagata"", ""file_date"": ""4/3/92"", ""signer_title"": ""Executive Director""}","{""registrant_name"": ""JETRO, Los Angeles"", ""registration_num"": ""1833"", ""foreign_principle_name"": ""Japan External Trade Organization Tokyo, Japan"", ""signer_name"": ""Eiichi Nagata"", ""file_date"": ""1992-04-03"", ""signer_title"": ""Executive Director""}",0.8333,0.8056,0.8889
"19920401_Hill and Knowlton Strategies, LLC_Dissemination Report_Dissemination Report.pdf","{""registration_num"": ""3301"", ""registrant_name"": ""Hill and Knowlton, Inc."", ""foreign_principle_name"": ""Republic of Turkey"", ""signer_name"": ""Arzu Tuncata"", ""file_date"": ""4/10/92"", ""signer_title"": ""Vice President""}","{""registration_num"": ""3301"", ""registrant_name"": ""Hill and Knowlton, Inc."", ""foreign_principle_name"": ""Republic of Turkey"", ""signer_name"": ""Arzu Tuncata"", ""file_date"": ""1992-04-10"", ""signer_title"": ""Vice President""}",0.8333,0.8333,0.9103
"19920401_Oromo Liberation Front, North America Office_Dissemination Report_Dissemination Report.pdf","{""registrant_name"": ""OROMO LIBERATION FRONT"", ""registration_num"": ""4610"", ""foreign_principle_name"": ""OROMO LIBERATION FRONT"", ""signer_name"": ""TAMAM, A. YoussouF"", ""signer_title"": ""North America OLF. Rep.""}","{""registrant_name"": ""Oromo Liberation Front"", ""registration_num"": ""4610"", ""signer_name"": ""Tamam A. Youssouf"", ""signer_title"": ""North America OLF Rep.""}",0.8000,0.8000,0.8000
"19920401_JETRO, New York_Dissemination Report_Dissemination Report.pdf","{""registrant_name"": ""JETRO, New York"", ""registration_num"": ""1643"", ""foreign_principle_name"": ""Japan External Trade Organization"", ""file_date"": ""4/2/92"", ""signer_name"": ""Kunio Ito"", ""signer_title"": ""Director, Public Affairs""}","{""registrant_name"": ""JETRO, New York"", ""registration_num"": ""1643"", ""foreign_principle_name"": ""Japan External Trade Organization"", ""signer_name"": ""Kunio Ito"", ""signer_title"": ""Director, Public Affairs""}",0.8333,0.8333,0.8333
19920401_Quebec Government Office_Dissemination Report_Dissemination Report.pdf,"{""registrant_name"": ""Qu\u00e9bec Government House"", ""registration_num"": ""1787"", ""foreign_principle_name"": ""Qu\u00e9bec Government"", ""file_date"": ""4/21/92"", ""signer_name"": ""L\u00e9o Par\u00e9"", ""signer_title"": ""Delegate general""}","{""registrant_name"": ""Qu\u00e9bec Government House"", ""registration_num"": ""1787"", ""foreign_principle_name"": ""Qu\u00e9bec Government"", ""signer_name"": ""L\u00e9o Par\u00e9"", ""signer_title"": ""Delegate general""}",0.8333,0.8333,0.8333
19920401_Kobe Trade Information Office_Dissemination Report_Dissemination Report.pdf,"{""registrant_name"": ""Kobe Trade Information Office"", ""registration_num"": ""2438"", ""foreign_principle_name"": ""Foreign Government Kobe Municipal Government"", ""signer_name"": ""Toshiaki Baba"", ""file_date"": ""4/14/92"", ""signer_title"": ""Director""}","{""registrant_name"": ""Kobe Trade Information Office"", ""registration_num"": ""2438"", ""foreign_principle_name"": ""Foreign Government Kobe Municipal Government"", ""signer_name"": ""Toshiaki Baba"", ""file_date"": ""1992-04-14"", ""signer_title"": ""Director""}",0.8333,0.8000,0.9103
"19920401_Public Strategies Washington, Inc._Dissemination Report_Dissemination Report.pdf","{""registrant_name"": ""Joseph P. O'Neill Public Strategies Washington, Inc."", ""registration_num"": ""4486"", ""foreign_principle_name"": ""Mexico/SECOFI"", ""signer_name"": ""Joseph P. O'Neill"", ""file_date"": ""April 13, 1992"", ""signer_title"": ""President""}","{""registrant_name"": ""Joseph P. O'Neill"", ""registration_num"": ""4486"", ""foreign_principle_name"": ""Mexico/SECOFI"", ""signer_name"": ""Joseph P. O'Neill"", ""file_date"": ""1992-04-13"", ""signer_title"": ""President""}",0.6667,0.7667,0.8095
"19920401_Squire Patton Boggs, LLP_Amendment_Amendment.pdf","{""registration_num"": ""2165"", ""registrant_name"": ""Patton, Boggs & Blow"", ""signer_name"": ""Timothy J. May"", ""signer_title"": ""Managing Partner"", ""file_date"": ""21st day of April 1992""}","{""registration_num"": ""2165"", ""registrant_name"": ""Patton, Boggs & Blow"", ""signer_name"": ""Timothy J. May"", ""signer_title"": ""Managing Partner"", ""file_date"": ""1992-04-21""}",0.8000,0.8000,0.8533
"19920501_Hill and Knowlton Strategies, LLC_Dissemination Report_Dissemination Report.pdf","{""registration_num"": ""3301"", ""registrant_name"": ""Hill and Knowlton, Inc."", ""foreign_principle_name"": ""Government of Chile"", ""file_date"": ""5/13/92"", ""signer_name"": ""Sally Aman"", ""signer_title"": ""Account Executive""}","{""registration_num"": ""3301"", ""registrant_name"": ""Hill and Knowlton, Inc."", ""foreign_principle_name"": ""Government of Chile"", ""signer_name"": ""Sally Aman"", ""signer_title"": ""Account Executive""}",0.8333,0.8333,0.8333
19920501_Hogan Lovells US LLP_Dissemination Report_Dissemination Report.pdf,"{""registrant_name"": ""Hogan & Hartson"", ""registration_num"": ""2244"", ""foreign_principle_name"": ""UMC"", ""signer_name"": ""Mark S. McConnell"", ""file_date"": ""5/20/92"", ""signer_title"": ""Partner""}","{""registrant_name"": ""Hogan & Hartson Washington, D.C. 20004"", ""registration_num"": ""2244"", ""foreign_principle_name"": ""UMC"", ""signer_name"": ""Mark S. McConnell"", ""file_date"": ""1992-05-20"", ""signer_title"": ""Partner""}",0.6667,0.7619,0.8378
"19920501_Far East Trade Services, Inc._Dissemination Report_Dissemination Report.pdf","{""registration_num"": ""2985"", ""registrant_name"": ""Far East Trade Service, Inc."", ""foreign_principle_name"": ""Far East Trade Service, Inc. Taipei, Taiwan, R.O.C."", ""file_date"": ""May 1, 1992"", ""signer_title"": ""Director"", ""signer_name"": ""Robert Y. Wang""}","{""registration_num"": ""2985"", ""registrant_name"": ""Far East Trade Service, Inc."", ""foreign_principle_name"": ""Far East Trade Service, Inc.\nTaipei, Taiwan, R.O.C."", ""signer_title"": ""Director"", ""signer_name"": ""Robert Y. Wang""}",0.8333,0.8333,0.8333
"19920501_International Registries, Inc._Dissemination Report_Dissemination Report.pdf","{""registration_num"": ""4533"", ""registrant_name"": ""International Registries, Inc."", ""file_date"": ""May 11, 1992"", ""signer_title"": ""President"", ""signer_name"": ""Archibald N. Stewart""}","{""registration_num"": ""4533"", ""registrant_name"": ""International Registries, Inc."", ""signer_title"": ""President"", ""signer_name"": ""Archibald N. Stewart""}",0.8000,0.8000,0.8000
"19920501_CMGRP, Inc._Dissemination Report_Dissemination Report.pdf","{""registrant_name"": ""Robinson, Lake, Lerer & Montgomery"", ""registration_num"": ""3911"", ""foreign_principle_name"": ""Canadian Forest Industries Council"", ""signer_name"": ""Mark Helmke"", ""file_date"": ""5/1/92"", ""signer_title"": ""Executive Vice President & General""}","{""registrant_name"": ""Robinson, Lake, Lerer & Montgomery"", ""registration_num"": ""3911"", ""foreign_principle_name"": ""Canadian Forest Industries Council"", ""signer_name"": ""Mark Helmke"", ""file_date"": ""1992-05-11"", ""signer_title"": ""Executive Vice President & General Manager""}",0.6667,0.8148,0.8704
"19920501_JETRO, Atlanta_Dissemination Report_Dissemination Report.pdf","{""registration_num"": ""4069"", ""registrant_name"": ""JETRO, Atlanta"", ""foreign_principle_name"": ""Japan External Trade Organization"", ""signer_name"": ""Yasumasa Iwasaki"", ""file_date"": ""May 4, 1992"", ""signer_title"": ""Executive Director""}","{""registration_num"": ""4069"", ""registrant_name"": ""JETRO, Atlanta"", ""foreign_principle_name"": ""Japan External Trade Organization"", ""signer_name"": ""Yasumasa Iwasaki"", ""file_date"": ""1992-05-04"", ""signer_title"": ""Executive Director""}",0.8333,0.8333,0.9074
"19920501_JETRO, Los Angeles_Dissemination Report_Dissemination Report.pdf","{""registration_num"": ""1833"", ""registrant_name"": ""JETRO, Los Angeles"", ""foreign_principle_name"": ""Japan External Trade Org. Tokyo, Japan"", ""signer_name"": ""Eiichi Nagata"", ""file_date"": ""May 27, 1992"", ""signer_title"": ""Executive Director""}","{""registration_num"": ""1833"", ""registrant_name"": ""JETRO, Los Angeles"", ""foreign_principle_name"": ""Japan External Trade Org., Tokyo, Japan"", ""signer_name"": ""Eiichi Nagata"", ""file_date"": ""1992-05-27"", ""signer_title"": ""Executive Director""}",0.8333,0.8056,0.9035
"19920501_Oromo Liberation Front, North America Office_Dissemination Report_Dissemination Report.pdf","{""registration_num"": ""4610"", ""registrant_name"": ""OROMO LIBERATION FRONT"", ""foreign_principle_name"": ""OROMO LIBERATION FRONT"", ""signer_name"": ""TAMAM A. YOUSSOUF"", ""signer_title"": ""OLF North America Rep."", ""file_date"": ""04/30/92""}","{""registration_num"": ""4610"", ""registrant_name"": ""Oromo Liberation Front"", ""foreign_principle_name"": ""Oromo Liberation Front"", ""signer_name"": ""Tamam A. Youssouf"", ""signer_title"": ""OLF North America Rep"", ""file_date"": ""1992-04-30""}",0.8333,0.8333,0.9286
19920501_Representative of the Turkish Republic of Northern Cyprus_Dissemination Report_Dissemination Report.pdf,"{""registrant_name"": ""Office of the Representative of the Turkish Republic of Northern Cyprus"", ""registration_num"": ""2619"", ""file_date"": ""May 18. 1992"", ""signer_name"": ""Osman Ertug"", ""signer_title"": ""Director""}","{""registrant_name"": ""Office of the Representative of the Turkish Republic of Northern Cyprus"", ""registration_num"": ""2619"", ""signer_name"": ""Osman Ertug - Director""}",0.4000,0.5156,0.5419
19920501_KOTRA_Dissemination Report_Dissemination Report.pdf,"{""registration_num"": ""1619"", ""registrant_name"": ""Korea Trade Promotion Center"", ""foreign_principle_name"": ""Korea Trade Bromotion Corp. Seoul, Korea"", ""signer_title"": ""Executive Director"", ""signer_name"": ""Yong Jip Kim"", ""file_date"": ""May 1992""}","{""registration_num"": ""1619"", ""registrant_name"": ""Korea Trade Promotion Center"", ""foreign_principle_name"": ""Korea Trade Promotion Corp."", ""signer_title"": ""Executive Director"", ""signer_name"": ""Yong Jip Kim"", ""file_date"": ""May 1992""}",0.8333,0.9333,0.9635
"19920601_Crowell _ Moring International, Ltd._Amendment_Amendment.pdf","{""registration_num"": ""3988"", ""registrant_name"": ""Crowell & Moring International, Ltd"", ""signer_name"": ""Doral S. Cooper"", ""signer_title"": ""President"", ""file_date"": ""26 day of June ,19 92""}","{""registration_num"": ""3988"", ""registrant_name"": ""Crowell & Moring International, Ltd."", ""signer_name"": ""Doral S. Cooper"", ""signer_title"": ""President"", ""file_date"": ""June 26, 1992""}",0.8000,0.8889,0.9125
19920501_Scottish Enterprise_Dissemination Report_Dissemination Report.pdf,"{""registrant_name"": ""Locate in Scotland"", ""registration_num"": ""3013"", ""foreign_principle_name"": ""Scottish Enterprise Glasgow, Scotland"", ""file_date"": ""4/27/92"", ""signer_name"": ""James A. Coppola"", ""signer_title"": ""Accountant""}","{""registrant_name"": ""Locate in Scotland"", ""registration_num"": ""3013"", ""foreign_principle_name"": ""Scottish Enterprise Glasgow, Scotland"", ""file_date"": ""1992-04-27"", ""signer_name"": ""James A. Coppola"", ""signer_title"": ""Accountant""}",0.8333,0.8333,0.9103
"19920501_World Zionist Organization - American Section, Inc._Dissemination Report_Dissemination Report.pdf","{""registrant_name"": ""World Zionist Organization- AMerican Section"", ""registration_num"": ""2278"", ""foreign_principle_name"": ""World Zionist Organization"", ""file_date"": ""4-29-92"", ""signer_name"": ""Sam E. Bloch"", ""signer_title"": ""Director of Publications""}","{""registrant_name"": ""World Zionist Organization- American Section"", ""registration_num"": ""2278"", ""foreign_principle_name"": ""World Zionist Organization"", ""file_date"": ""1992-04-29"", ""signer_name"": ""Sam E. Bloch"", ""signer_title"": ""Director of Publications""}",0.8333,0.8333,0.9103
"19920601_CMGRP, Inc._Dissemination Report_Dissemination Report.pdf","{""registrant_name"": ""Robinson, Lake, Lerer & Montgomery"", ""registration_num"": ""3911"", ""foreign_principle_name"": ""Canadian Forest Industries Council"", ""signer_name"": ""Mark C. Helmke"", ""file_date"": ""5/29/92"", ""signer_title"": ""President""}","{""registrant_name"": ""Robinson, Lake, Lerer & Montgomery"", ""registration_num"": ""3911"", ""foreign_principle_name"": ""Canadian Forest Industries Council"", ""signer_name"": ""Mark C. Helmke"", ""file_date"": ""1992-05-29"", ""signer_title"": ""President""}",0.8333,0.8333,0.9103
"19920601_Hill and Knowlton Strategies, LLC_Dissemination Report_Dissemination Report.pdf","{""registrant_name"": ""Hill and Knowlton, Inc."", ""registration_num"": ""3301"", ""signer_title"": ""Vice Chairman"", ""signer_name"": ""Gary Hymel"", ""file_date"": ""June 17, 1992""}","{""registrant_name"": ""Hill and Knowlton, Inc."", ""registration_num"": ""3301"", ""signer_title"": ""Vice Chairman"", ""signer_name"": ""Gary Hymel"", ""file_date"": ""1992-06-17""}",0.8000,0.8000,0.8800
"19920601_International Registries, Inc._Dissemination Report_Dissemination Report.pdf","{""registrant_name"": ""International Registries, Inc."", ""registration_num"": ""4533"", ""signer_name"": ""Archibald N. Stewart"", ""file_date"": ""June 8, 1992"", ""signer_title"": ""President""}","{""registrant_name"": ""International Registries, Inc."", ""registration_num"": ""4533"", ""signer_name"": ""Archibald N. Stewart"", ""file_date"": ""1992-06-08"", ""signer_title"": ""President""}",0.8000,0.8000,0.8842
19920601_Hogan Lovells US LLP_Dissemination Report_Dissemination Report.pdf,"{""registration_num"": ""2244"", ""registrant_name"": ""Hogan & Hartson"", ""foreign_principle_name"": ""Government of Ontario"", ""signer_name"": ""Mark S. McConnell"", ""signer_title"": ""Partner"", ""file_date"": ""1992 June 12,""}","{""registration_num"": ""2244"", ""registrant_name"": ""Hogan & Hartson"", ""foreign_principle_name"": ""Government of Ontario"", ""signer_name"": ""Mark S. McConnell"", ""signer_title"": ""Partner"", ""file_date"": ""1992-06-12""}",0.8333,0.8333,0.9333
"19920601_Daniel J. Edelman, Inc._Dissemination Report_Dissemination Report.pdf","{""registration_num"": ""3634"", ""registrant_name"": ""Daniel J. Edelman, Inc."", ""foreign_principle_name"": ""Malaysian Palm Oil Council"", ""signer_name"": ""Robin G. Matthews"", ""file_date"": ""5/28/92"", ""signer_title"": ""Senior Account Executive""}","{""registration_num"": ""3634"", ""registrant_name"": ""Daniel J. Edelman, Inc."", ""foreign_principle_name"": ""Malaysian Palm Oil Council"", ""signer_name"": ""Robin G. Matthews"", ""file_date"": ""1992-05-28"", ""signer_title"": ""Senior Account Executive""}",0.8333,0.8333,0.9103
"19920601_Far East Trade Services, Inc._Dissemination Report_Dissemination Report.pdf","{""registration_num"": ""2985"", ""registrant_name"": ""Far East Trade Service, Inc."", ""foreign_principle_name"": ""Far East Trade Service, Inc. Taipei, Taiwan, R.O.C."", ""signer_title"": ""Director"", ""file_date"": ""June 1, 1992"", ""signer_name"": ""Robert Y. Wang""}","{""registration_num"": ""2985"", ""registrant_name"": ""Far East Trade Service, Inc."", ""foreign_principle_name"": ""Far East Trade Service, Inc. Taipei, Taiwan, R.O.C."", ""signer_name"": ""Robert Y. Wang""}",0.6667,0.6667,0.6667
"19920601_JETRO, Atlanta_Dissemination Report_Dissemination Report.pdf","{""registrant_name"": ""JETRO, ATLANTA"", ""registration_num"": ""4069"", ""foreign_principle_name"": ""Japan External Trade Organization"", ""signer_name"": ""Yasumasa Iwasaki"", ""file_date"": ""6/22/92"", ""signer_title"": ""Executive Director""}","{""registrant_name"": ""JETRO, ATLANTA"", ""registration_num"": ""4069"", ""foreign_principle_name"": ""Japan External Trade Organization"", ""signer_name"": ""Yasumasa Iwasaki"", ""file_date"": ""1992-06-22"", ""signer_title"": ""Executive Director""}",0.8333,0.8333,0.9103
"19920601_JETRO, Houston_Dissemination Report_Dissemination Report.pdf","{""registrant_name"": ""JETRO-Houston"", ""registration_num"": ""2277"", ""foreign_principle_name"": ""Japan External Trade Organization Tokyo, Japan"", ""file_date"": ""June 17, 1992"", ""signer_name"": ""Yoshiki Sato"", ""signer_title"": ""Executive Director""}","{""registrant_name"": ""JETRO-Houston"", ""registration_num"": ""2277"", ""foreign_principle_name"": ""Japan External Trade Organization Tokyo, Japan"", ""signer_name"": ""Yoshiki Sato"", ""signer_title"": ""Executive Director""}",0.8333,0.8056,0.8333
"19920601_JETRO, San Francisco_Amendment_Amendment.pdf","{""registrant_name"": ""JETRO San Francisco"", ""registration_num"": ""1813"", ""file_date"": ""22 day of June 1992""}","{""registrant_name"": ""JETRO San Francisco"", ""registration_num"": ""1813"", ""file_date"": ""1992-06-30""}",0.6667,0.6667,0.7654
"19920601_JETRO, Los Angeles_Dissemination Report_Dissemination Report.pdf","{""registrant_name"": ""JETRO, Los Angeles"", ""registration_num"": ""1833"", ""foreign_principle_name"": ""Japan External Trade Organization Tokyo, Japan"", ""file_date"": ""June 19, 1992"", ""signer_name"": ""Eiichi Nagata"", ""signer_title"": ""Executive Director""}","{""registrant_name"": ""JETRO, Los Angeles"", ""registration_num"": ""1833"", ""foreign_principle_name"": ""Japan External Trade Organization Tokyo, Japan"", ""signer_name"": ""Eiichi Nagata"", ""signer_title"": ""Executive Director""}",0.8333,0.8056,0.8333
"19920601_JETRO, New York_Dissemination Report_Dissemination Report.pdf","{""registration_num"": ""1643"", ""registrant_name"": ""JETRO, New York"", ""foreign_principle_name"": ""Japan External Trade Organization"", ""signer_name"": ""Kunio Ito"", ""file_date"": ""May 29, 1992"", ""signer_title"": ""Director, Public Affairs""}","{""registration_num"": ""1643"", ""registrant_name"": ""JETRO, New York"", ""foreign_principle_name"": ""Japan External Trade Organization"", ""signer_name"": ""Kunio Ito"", ""file_date"": ""1992-05-29"", ""signer_title"": ""Director, Public Affairs""}",0.8333,0.8333,0.9035
19920601_Kobe Trade Information Office_Dissemination Report_Dissemination Report.pdf,"{""registrant_name"": ""Kobe Trade Information Office"", ""registration_num"": ""2438"", ""foreign_principle_name"": ""Foreign Government Kobe Municipal Govt."", ""file_date"": ""6/05"", ""signer_name"": ""Toshiaki Baba"", ""signer_title"": ""Director""}","{""registrant_name"": ""Kobe Trade Information Office"", ""registration_num"": ""2438"", ""foreign_principle_name"": ""Foreign Government Kobe Municipal Govt."", ""signer_name"": ""Toshiaki Baba"", ""signer_title"": ""Director""}",0.8333,0.8333,0.8333
19920601_Quebec Government Office_Dissemination Report_Dissemination Report.pdf,"{""registrant_name"": ""Qu\u00e9bec Government House"", ""registration_num"": ""1787"", ""foreign_principle_name"": ""Qu\u00e9bec Government"", ""file_date"": ""5/21/92"", ""signer_name"": ""L\u00e9o Par\u00e9"", ""signer_title"": ""Delegate general""}","{""registrant_name"": ""Qu\u00e9bec Government House"", ""registration_num"": ""1787"", ""foreign_principle_name"": ""Qu\u00e9bec Government"", ""signer_name"": ""L\u00e9o Par\u00e9"", ""signer_title"": ""Delegate general""}",0.8333,0.8333,0.8333
"19920701_Akin, Gump, Strauss, Hauer _ Feld, LLP_Amendment_Amendment.pdf","{""registrant_name"": ""Akin, Gump, Hauer & Feld, L.L.P."", ""registration_num"": ""3492"", ""signer_name"": ""Daniel L. Spiegel"", ""signer_title"": ""Partner with Power of Attorney"", ""file_date"": ""day of July 19_92""}","{""registrant_name"": ""Akin, Gump, Hauer & Feld, L.L.P."", ""registration_num"": ""3492"", ""signer_name"": ""Daniel L. Spiegel"", ""signer_title"": ""Partner with Power of Attorney"", ""file_date"": ""1992-07""}",0.8000,0.8000,0.8727
"19920701_CMGRP, Inc._Dissemination Report_Dissemination Report.pdf","{""registrant_name"": ""Robinson, Lake, Lerer & Montgomery"", ""registration_num"": ""3911"", ""foreign_principle_name"": ""Cemex"", ""signer_name"": ""MarkHelmke"", ""file_date"": ""7/1/92"", ""signer_title"": ""President""}","{""registrant_name"": ""Robinson, Lake, Lerer & Montgomery"", ""registration_num"": ""3911"", ""foreign_principle_name"": ""Cemex"", ""signer_name"": ""Mark Helmke"", ""file_date"": ""1992-07-01"", ""signer_title"": ""President""}",0.6667,0.6667,0.9087
"19920601_JETRO, San Francisco_Dissemination Report_Dissemination Report.pdf","{""registration_num"": ""1813"", ""registrant_name"": ""JETRO-San Francisco"", ""foreign_principle_name"": ""JETRO-Tokyo"", ""signer_name"": ""Mr. Shigefumi Iino"", ""file_date"": ""5/31/90"", ""signer_title"": ""Deputy Director General""}","{""registration_num"": ""#1813"", ""registrant_name"": ""JETRO-San Francisco"", ""foreign_principle_name"": ""JETRO-Tokyo"", ""signer_name"": ""Mr. Shigefumi Iino"", ""file_date"": ""1990-05-31"", ""signer_title"": ""Deputy Director General""}",0.8333,0.8333,0.9103
19920601_Scottish Enterprise_Dissemination Report_Dissemination Report.pdf,"{""registration_num"": ""3013"", ""registrant_name"": ""Locate in Scotland"", ""foreign_principle_name"": ""Scottish Enterprise Glasgow, Scotland"", ""signer_title"": ""Accountant"", ""file_date"": ""5/20/92"", ""signer_name"": ""James A. Coppola,""}","{""registration_num"": ""3013"", ""registrant_name"": ""Locate in Scotland"", ""foreign_principle_name"": ""Scottish Enterprise Glasgow, Scotland"", ""file_date"": ""1992-05-20"", ""signer_name"": ""James A. Coppola""}",0.6667,0.6667,0.7436
"19920701_Daniel J. Edelman, Inc._Dissemination Report_Dissemination Report.pdf","{""registration_num"": ""3634"", ""registrant_name"": ""Daniel J. Edelman, Inc."", ""signer_name"": ""Robin Matthews"", ""file_date"": ""6/16/92"", ""signer_title"": ""Senior Account Executive""}","{""registration_num"": ""3634"", ""registrant_name"": ""Daniel J. Edelman, Inc."", ""signer_name"": ""Robin A. Matthews"", ""file_date"": ""1992-06-16"", ""signer_title"": ""Senior Account Executive""}",0.8000,0.8000,0.8923
"19920701_International Registries, Inc._Dissemination Report_Dissemination Report.pdf","{""registration_num"": ""4533"", ""registrant_name"": ""International Registries, Inc."", ""signer_title"": ""President"", ""file_date"": ""July 13, 1992"", ""signer_name"": ""Archibald N. Stewart""}","{""registration_num"": ""4533"", ""registrant_name"": ""International Registries, Inc."", ""signer_name"": ""Archibald N. Stewart""}",0.6000,0.6000,0.6000
"19920701_Far East Trade Services, Inc._Dissemination Report_Dissemination Report.pdf","{""registration_num"": ""2985"", ""registrant_name"": ""Far East Trade Service, Inc."", ""foreign_principle_name"": ""Far East Trade Service, Inc. Taipei, Taiwan, R.O.C."", ""file_date"": ""July 1, 1992"", ""signer_title"": ""Director"", ""signer_name"": ""Robert Y. Wang""}","{""registration_num"": ""2985"", ""registrant_name"": ""Far East Trade Service, Inc."", ""foreign_principle_name"": ""Far East Trade Service, Inc.\nTaipei, Taiwan, R.O.C."", ""signer_name"": ""Robert Y. Wang, Director""}",0.5000,0.6429,0.6238
"19920701_Hill and Knowlton Strategies, LLC_Dissemination Report_Dissemination Report.pdf","{""registration_num"": ""3301"", ""registrant_name"": ""Hill and Knowlton, Inc."", ""foreign_principle_name"": ""OOC Ltd"", ""file_date"": ""Jan 30, 1992"", ""signer_title"": ""Senior V.P."", ""signer_name"": ""Robert Taft""}","{""registration_num"": ""3301"", ""registrant_name"": ""Hill and Knowlton, Inc."", ""foreign_principle_name"": ""OCC Ltd."", ""signer_title"": ""Senior V.P."", ""signer_name"": ""Robert Taft""}",0.6667,0.7500,0.8095
"19920701_JETRO, New York_Dissemination Report_Dissemination Report.pdf","{""registrant_name"": ""JETRO New York"", ""registration_num"": ""1643"", ""foreign_principle_name"": ""Japan External Trade Organization"", ""file_date"": ""July 13, 1992"", ""signer_name"": ""Tomoharu Washio"", ""signer_title"": ""Executive Director Research and Planning""}","{""registrant_name"": ""JETRO New York"", ""registration_num"": ""1643"", ""foreign_principle_name"": ""Japan External Trade Organization"", ""signer_name"": ""Tomoharu Washio"", ""signer_title"": ""Executive Director""}",0.6667,0.7619,0.7701
"19920701_JETRO, Atlanta_Dissemination Report_Dissemination Report.pdf","{""registration_num"": ""4069"", ""registrant_name"": ""JETRO Atlanta"", ""foreign_principle_name"": ""Japan External Trade Organization"", ""signer_name"": ""Yasumasa Iwasaki"", ""file_date"": ""July 22, 1992"", ""signer_title"": ""Executive Director""}","{""registration_num"": ""4069"", ""registrant_name"": ""JETRO Atlanta"", ""foreign_principle_name"": ""Japan External Trade Organization"", ""signer_name"": ""Yasumasa Iwasaki"", ""file_date"": ""1992-07-22"", ""signer_title"": ""Executive Director""}",0.8333,0.8333,0.9000
19920701_KOTRA_Dissemination Report_Dissemination Report.pdf,"{""registration_num"": ""1619"", ""registrant_name"": ""Korea Trade Promotion Center"", ""foreign_principle_name"": ""Korea Trade Promotion Corporation"", ""file_date"": ""July 16, 1992"", ""signer_name"": ""Yong Jip Kim"", ""signer_title"": ""Executive Director""}","{""registration_num"": ""1619"", ""registrant_name"": ""Korea Trade Promotion Center"", ""foreign_principle_name"": ""Korea Trade Promotion Corporation"", ""signer_name"": ""Yong Jip Kim"", ""signer_title"": ""Executive Director""}",0.8333,0.8333,0.8333
"19920701_JETRO, Houston_Dissemination Report_Dissemination Report.pdf","{""registrant_name"": ""JETRO, Houston"", ""registration_num"": ""2277"", ""foreign_principle_name"": ""Japan External Trade Organization Tokyo, Japan"", ""signer_name"": ""Hisashi Yamada"", ""file_date"": ""July 8, 1991"", ""signer_title"": ""Director, Public Relations""}","{""registrant_name"": ""JETRO, Houston"", ""registration_num"": ""2277"", ""foreign_principle_name"": ""Japan External Trade Organization Tokyo, Japan"", ""signer_name"": ""Hisashi Yamada"", ""file_date"": ""1991-07-08"", ""signer_title"": ""Director, Public Relations""}",0.8333,0.8056,0.9035
"19920701_JETRO, Los Angeles_Dissemination Report_Dissemination Report.pdf","{""registration_num"": ""1833"", ""registrant_name"": ""JETRO, Los Angeles"", ""foreign_principle_name"": ""Japan External Trade Organization Tokyo, Japan"", ""signer_name"": ""Eiichi Nagata"", ""file_date"": ""7/29/92"", ""signer_title"": ""Executive Director""}","{""registration_num"": ""1833"", ""registrant_name"": ""JETRO, Los Angeles"", ""foreign_principle_name"": ""Japan External Trade Organization Tokyo, Japan"", ""signer_name"": ""Eiichi Nagata"", ""file_date"": ""1992-07-29"", ""signer_title"": ""Executive Director""}",0.8333,0.8056,0.9103
19920701_Kobe Trade Information Office_Dissemination Report_Dissemination Report.pdf,"{""registration_num"": ""2438"", ""registrant_name"": ""KOBE TRADE INFORMATION OFFICE"", ""foreign_principle_name"": ""Foreign Government Kobe Munlcipal Government"", ""signer_title"": ""Director"", ""signer_name"": ""TOSHIAKI BABA"", ""file_date"": ""7/10/92""}","{""registration_num"": ""2438"", ""registrant_name"": ""KOBE TRADE INFORMATION OFFICE"", ""foreign_principle_name"": ""Foreign Government Kobe Municipal Government"", ""signer_name"": ""TOSHIAKI BABA, Director"", ""file_date"": ""1992-07-10""}",0.3333,0.5667,0.6969
19920701_Representative of the Turkish Republic of Northern Cyprus_Dissemination Report_Dissemination Report.pdf,"{""registrant_name"": ""Office of the Representative of the Turkish Republic of Northern Cyprus"", ""registration_num"": ""2619"", ""file_date"": ""July 13, 1992"", ""signer_title"": ""Director"", ""signer_name"": ""Osman Ertug""}","{""registrant_name"": ""Office of the Representative of the Turkish Republic of Northern Cyprus"", ""registration_num"": ""2619"", ""signer_title"": ""Director"", ""signer_name"": ""Osman Ertug""}",0.8000,0.7556,0.8000
"19920801_Arnold _ Porter Kaye Scholer, LLP_Dissemination Report_Dissemination Report.pdf","{""registrant_name"": ""ARNOLD & PORTER"", ""registration_num"": ""1750"", ""foreign_principle_name"": ""Republic of Venezuela"", ""signer_name"": ""Nancy L. Perkins"", ""file_date"": ""8/12/92"", ""signer_title"": ""Attorney""}","{""registrant_name"": ""ARNOLD & PORTER"", ""registration_num"": ""1750"", ""foreign_principle_name"": ""Republic of Venezuela"", ""signer_name"": ""Nancy L. Perkins"", ""file_date"": ""1992-08-12"", ""signer_title"": ""Attorney""}",0.8333,0.8333,0.9103
"19920801_JETRO, Atlanta_Dissemination Report_Dissemination Report.pdf","{""registration_num"": ""4069"", ""registrant_name"": ""JETRO Atlanta"", ""foreign_principle_name"": ""Japan External Trade Organization""}","{""registration_num"": ""4069"", ""registrant_name"": ""JETRO Atlanta"", ""foreign_principle_name"": ""Japan External Trade Organization""}",1.0000,1.0000,1.0000
"19920701_Oromo Liberation Front, North America Office_Dissemination Report_Dissemination Report.pdf","{""registrant_name"": ""Oromo Liberation Front"", ""registration_num"": ""4610"", ""foreign_principle_name"": ""Oromo Liberation Front"", ""signer_name"": ""TAMAM A. Youssouf"", ""file_date"": ""06/09/92"", ""signer_title"": ""OLF. North America Rep.""}","{""registrant_name"": ""Oromo Liberation Front"", ""registration_num"": ""4610"", ""foreign_principle_name"": ""Oromo Liberation Front"", ""signer_name"": ""TAMAM A. YOUSSEF"", ""file_date"": ""1992-06-09"", ""signer_title"": ""DLE North America Rep.""}",0.5000,0.7083,0.8942
19920701_Office of Tibet_Dissemination Report_Dissemination Report.pdf,"{""registration_num"": ""1699"", ""registrant_name"": ""The Office of Tibet"", ""foreign_principle_name"": ""His Holiness the Dalai Lama"", ""file_date"": ""Date of rep2"", ""signer_title"": ""editor"", ""signer_name"": ""Thubten Samphel""}","{""registration_num"": ""1699"", ""registrant_name"": ""The Office of Tibet"", ""foreign_principle_name"": ""His Holiness the Dalai Lama"", ""file_date"": ""1992-07-02"", ""signer_name"": ""Thubten Samphel""}",0.6667,0.6667,0.6833
"19920801_Hill and Knowlton Strategies, LLC_Dissemination Report_Dissemination Report.pdf","{""registrant_name"": ""Hill and Knowlton, Inc."", ""registration_num"": ""3301"", ""foreign_principle_name"": ""Stelco, Inc.""}","{""registrant_name"": ""Hill and Knowlton, Inc."", ""registration_num"": ""3301"", ""foreign_principle_name"": ""Stelco, Inc.""}",1.0000,1.0000,1.0000
"19920801_International Registries, Inc._Dissemination Report_Dissemination Report.pdf","{""registration_num"": ""4533"", ""registrant_name"": ""International Registries, Inc."", ""foreign_principle_name"": ""Bureau of Maritime Affairs Republic of Liberia"", ""signer_title"": ""President"", ""signer_name"": ""Archibald N. Stewart"", ""file_date"": ""August 6, 1992""}","{""registration_num"": ""4533"", ""registrant_name"": ""International Registries, Inc."", ""foreign_principle_name"": ""Bureau of Maritime Affairs Republic of Liberia"", ""signer_name"": ""Archibald N. Stewart, President"", ""file_date"": ""1992-08-06""}",0.5000,0.6190,0.6954
"19920801_JETRO, Chicago_Dissemination Report_Dissemination Report.pdf","{""registration_num"": ""1850"", ""registrant_name"": ""JETRO, Chicago"", ""foreign_principle_name"": ""Japan External Trade Organization"", ""signer_name"": ""Minoru Suzuki"", ""file_date"": ""7/28/92"", ""signer_title"": ""Exec. Dir., Public Affairs""}","{""registration_num"": ""1850"", ""registrant_name"": ""JETRO, Chicago"", ""foreign_principle_name"": ""Japan External Trade Organization"", ""signer_name"": ""Minoru Suzuki"", ""file_date"": ""1992-07-28"", ""signer_title"": ""Exec. Dir., Public Affairs""}",0.8333,0.8333,0.9103
"19920801_Far East Trade Services, Inc._Dissemination Report_Dissemination Report.pdf","{""registration_num"": ""2985"", ""registrant_name"": ""Far East Trade Service, Inc."", ""foreign_principle_name"": ""Far East Trade Service, Inc. Taipei, Taiwan, R.O.C."", ""file_date"": ""August 1, 1992"", ""signer_title"": ""Director"", ""signer_name"": ""Robert Y. Wang""}","{""registration_num"": ""2985"", ""registrant_name"": ""Far East Trade Service, Inc."", ""foreign_principle_name"": ""Far East Trade Service, Inc.\nTaipei, Taiwan, R.O.C."", ""signer_name"": ""Robert Y. Wang""}",0.6667,0.6667,0.6667
"19920801_JETRO, Houston_Dissemination Report_Dissemination Report.pdf","{""registrant_name"": ""JETRO, Houston"", ""registration_num"": ""2277"", ""foreign_principle_name"": ""Japan External Trade Organization Tokyo, Japan"", ""signer_name"": ""Hisashi Yamada"", ""file_date"": ""August 13, 1992"", ""signer_title"": ""Director, Public Relations""}","{""registrant_name"": ""JETRO, Houston"", ""registration_num"": ""2277"", ""foreign_principle_name"": ""Japan External Trade Organization Tokyo, Japan"", ""signer_name"": ""Hisashi Yamada"", ""file_date"": ""1992-08-13"", ""signer_title"": ""Director, Public Relations""}",0.8333,0.8056,0.8939
"19920801_JETRO, Los Angeles_Dissemination Report_Dissemination Report.pdf","{""registrant_name"": ""JETRO, Los Angeles"", ""registration_num"": ""1833"", ""foreign_principle_name"": ""Japan External Trade Organization Tokyo, Japan"", ""signer_name"": ""Eiichi Nagata"", ""file_date"": ""8/20/92"", ""signer_title"": ""Executive Director""}","{""registrant_name"": ""JETRO, Los Angeles"", ""registration_num"": ""1833"", ""foreign_principle_name"": ""Japan External Trade Organization Tokyo, Japan"", ""signer_name"": ""Eiichi Nagata"", ""file_date"": ""1992-08-20"", ""signer_title"": ""Executive Director""}",0.8333,0.8056,0.9103
19920801_Representative of the Turkish Republic of Northern Cyprus_Dissemination Report_Dissemination Report.pdf,"{""registrant_name"": ""Office of the Representative of the Turkish Republic of Northern Cyprus"", ""registration_num"": ""2619"", ""file_date"": ""August July 4, 1992"", ""signer_title"": ""Director"", ""signer_name"": ""Osman Ertug-""}","{""registrant_name"": ""Office of the Representative of the Turkish Republic of Northern Cyprus"", ""registration_num"": ""2619"", ""signer_title"": ""Director"", ""signer_name"": ""Osman Ertug""}",0.8000,0.7556,0.8000
"19920801_JETRO, New York_Dissemination Report_Dissemination Report.pdf","{""registration_num"": ""1643"", ""registrant_name"": ""JETRO, New York"", ""foreign_principle_name"": ""Japan External Trade Organization"", ""file_date"": ""August 17, 1992"", ""signer_name"": ""Kunio Ito"", ""signer_title"": ""Director, Public Affairs""}","{""registration_num"": ""1643"", ""registrant_name"": ""JETRO, New York"", ""foreign_principle_name"": ""Japan External Trade Organization"", ""signer_name"": ""Kunio Ito"", ""signer_title"": ""Director, Public Affairs""}",0.8333,0.8333,0.8333
19920801_Quebec Government Office_Dissemination Report_Dissemination Report.pdf,"{""registration_num"": ""1787"", ""registrant_name"": ""Qu\u00e9bec Government House"", ""foreign_principle_name"": ""Qu\u00e9bec Government"", ""file_date"": ""8/3/92"", ""signer_title"": ""Delegate general"", ""signer_name"": ""Reed Scowen""}","{""registration_num"": ""1787"", ""registrant_name"": ""Qu\u00e9bec Government House"", ""foreign_principle_name"": ""Qu\u00e9bec Government"", ""signer_title"": ""Delegate general"", ""signer_name"": ""Reed Scowen""}",0.8333,0.8333,0.8333
19920801_Kobe Trade Information Office_Dissemination Report_Dissemination Report.pdf,"{""registrant_name"": ""KOBE TRADE INFORMATION OFFICE"", ""registration_num"": ""2438"", ""foreign_principle_name"": ""Foreign Government Kobe Municipal Government"", ""signer_title"": ""Director"", ""signer_name"": ""TOSHIAKI BABA"", ""file_date"": ""8/06/92""}","{""registrant_name"": ""KOBE TRADE INFORMATION OFFICE"", ""registration_num"": ""2438"", ""foreign_principle_name"": ""Foreign Government Kobe Municipal Government"", ""signer_title"": ""Director"", ""signer_name"": ""TOSHIAKI BABA"", ""file_date"": ""1992-08-06""}",0.8333,0.8000,0.9103
19920801_Scottish Enterprise_Dissemination Report_Dissemination Report.pdf,"{""registrant_name"": ""Locate in Scotland"", ""registration_num"": ""3013"", ""foreign_principle_name"": ""Scottish Enterprise Glasgow, Scotland"", ""file_date"": ""8/24/92"", ""signer_name"": ""James A. Coppola"", ""signer_title"": ""Accountant""}","{""registrant_name"": ""Locate in Scotland"", ""registration_num"": ""3013"", ""foreign_principle_name"": ""Scottish Enterprise Glasgow, Scotland"", ""signer_name"": ""James A. Coppola"", ""signer_title"": ""Accountant""}",0.8333,0.8333,0.8333
"19920901_International Registries, Inc._Dissemination Report_Dissemination Report.pdf","{""registration_num"": ""4533"", ""registrant_name"": ""International Registries, Inc."", ""file_date"": ""Sept. 16, 1992"", ""signer_title"": ""President"", ""signer_name"": ""Archibald N. Stewart""}","{""registration_num"": ""4533"", ""registrant_name"": ""International Registries, Inc."", ""signer_title"": ""President"", ""signer_name"": ""Archibald N. Stewart""}",0.8000,0.8000,0.8000
"19920901_Far East Trade Services, Inc._Dissemination Report_Dissemination Report.pdf","{""registration_num"": ""2985"", ""registrant_name"": ""Far East Trade Service, Inc."", ""foreign_principle_name"": ""Far East Trade Service, Inc. Taipei, Taiwan, R.O.C."", ""file_date"": ""Sept. 1, 1992"", ""signer_name"": ""Robert Y. Wang""}","{""registration_num"": ""2985"", ""registrant_name"": ""Far East Trade Service, Inc."", ""foreign_principle_name"": ""Taipei, Taiwan, R.O.C."", ""signer_name"": ""Robert Y. Wang""}",0.6000,0.7091,0.7115
"19920901_Hill and Knowlton Strategies, LLC_Dissemination Report_Dissemination Report.pdf","{""registration_num"": ""3301"", ""registrant_name"": ""Hill and Knowlton, Inc."", ""foreign_principle_name"": ""Republic of Botswana"", ""signer_title"": ""Account Executive"", ""file_date"": ""9/25/92"", ""signer_name"": ""Katie Moore""}","{""registration_num"": ""3301"", ""registrant_name"": ""Hill and Knowlton, Inc."", ""foreign_principle_name"": ""Republic of Botswana"", ""signer_name"": ""Katie Moore""}",0.6667,0.6667,0.6667
"19920901_JETRO, Atlanta_Dissemination Report_Dissemination Report.pdf","{""registration_num"": ""4069"", ""registrant_name"": ""JETRO Atlanta"", ""foreign_principle_name"": ""Japan External Trade Organization"", ""signer_name"": ""Yasumasa Iwasaki"", ""file_date"": ""9-2-92"", ""signer_title"": ""Executive Director""}","{""registration_num"": ""4069"", ""registrant_name"": ""JETRO Atlanta"", ""foreign_principle_name"": ""Japan External Trade Organization"", ""signer_name"": ""Yasumasa Iwasaki"", ""file_date"": ""1992-09-02"", ""signer_title"": ""Executive Director""}",0.8333,0.8333,0.9444
"19920901_Daniel J. Edelman, Inc._Dissemination Report_Dissemination Report.pdf","{""registration_num"": ""3634"", ""registrant_name"": ""Daniel J. Edelman, Inc."", ""foreign_principle_name"": ""Malaysian Palm Oil Promotion Council"", ""signer_name"": ""Robin G. Matthews"", ""file_date"": ""9-2-92"", ""signer_title"": ""Senior Account Executive""}","{""registration_num"": ""3634"", ""registrant_name"": ""Daniel J. Edelman, Inc."", ""foreign_principle_name"": ""Malaysian Palm Oil Promotion Council"", ""signer_name"": ""Robin G. Matthews"", ""file_date"": ""1992-09-02"", ""signer_title"": ""Senior Account Executive""}",0.8333,0.8333,0.9444
"19920901_JETRO, Chicago_Dissemination Report_Dissemination Report.pdf","{""registrant_name"": ""JETRO, Chicago"", ""registration_num"": ""1850"", ""foreign_principle_name"": ""Japan External Trade Organization"", ""file_date"": ""9/21/92"", ""signer_name"": ""Minoru Suzuki"", ""signer_title"": ""Exec, Dir, Public""}","{""registrant_name"": ""JETRO, Chicago"", ""registration_num"": ""1850"", ""foreign_principle_name"": ""Japan External Trade Organization"", ""signer_name"": ""Minoru Suzuki"", ""signer_title"": ""Exec. Dir., Public Affairs""}",0.6667,0.8095,0.7982
"19920901_JETRO, Houston_Dissemination Report_Dissemination Report.pdf","{""registration_num"": ""2277"", ""registrant_name"": ""JETRO-Houston"", ""foreign_principle_name"": ""Japan External Trade Organization Tokyo, Japan"", ""signer_name"": ""Yoshiki Sato"", ""file_date"": ""09-11-92"", ""signer_title"": ""Executive Director""}","{""registration_num"": ""2277"", ""registrant_name"": ""JETRO-Houston"", ""foreign_principle_name"": ""Japan External Trade Organization Tokyo, Japan"", ""signer_name"": ""Yoshiki Sato"", ""file_date"": ""1992-11-09"", ""signer_title"": ""Executive Director""}",0.8333,0.8056,0.8810
"19920901_JETRO, Los Angeles_Dissemination Report_Dissemination Report.pdf","{""registration_num"": ""1833"", ""registrant_name"": ""JETRO, Los Angeles"", ""foreign_principle_name"": ""Japan External Trade Organization Tokyo, Japan"", ""signer_name"": ""Eiichi Nagata"", ""file_date"": ""9.24.92"", ""signer_title"": ""Executive Director""}","{""registration_num"": ""1833"", ""registrant_name"": ""JETRO, Los Angeles"", ""foreign_principle_name"": ""Japan External Trade Organization Tokyo, Japan"", ""signer_name"": ""Eiichi Nagata"", ""file_date"": ""1992-09-24"", ""signer_title"": ""Executive Director""}",0.8333,0.8056,0.9103
19920901_Quebec Government Office_Dissemination Report_Dissemination Report.pdf,"{""registrant_name"": ""Qu\u00e9bec Government House"", ""registration_num"": ""1787"", ""foreign_principle_name"": ""Qu\u00e9bec Government"", ""file_date"": ""9/18/92"", ""signer_title"": ""Delegate General"", ""signer_name"": ""Reed Scowen""}","{""registrant_name"": ""Qu\u00e9bec Government House"", ""registration_num"": ""1787"", ""foreign_principle_name"": ""Qu\u00e9bec Government"", ""signer_title"": ""Delegate General"", ""signer_name"": ""Reed Scowen""}",0.8333,0.8333,0.8333
"19920901_JETRO, New York_Dissemination Report_Dissemination Report.pdf","{""registrant_name"": ""JETRO New York"", ""registration_num"": ""1643"", ""foreign_principle_name"": ""Japan External Trade Organization"", ""signer_name"": ""Hiroaki Sato"", ""file_date"": ""Sept. 1, 1992"", ""signer_title"": ""Director, Research and Planning""}","{""registrant_name"": ""JETRO New York"", ""registration_num"": ""1643"", ""foreign_principle_name"": ""Japan External Trade Organization"", ""signer_name"": ""Hiroaki Sato"", ""file_date"": ""1992-09-01"", ""signer_title"": ""Director, Research and Planning""}",0.8333,0.8333,0.9035
19920901_Representative of the Turkish Republic of Northern Cyprus_Dissemination Report_Dissemination Report.pdf,"{""registrant_name"": ""Office of the Representative of the Turkish Republic of Northern Cyprus"", ""registration_num"": ""2619"", ""signer_name"": ""Osman Ertug"", ""file_date"": ""September 25, 1992"", ""signer_title"": ""Director""}","{""registrant_name"": ""Office of the Representative of the Turkish Republic of Northern Cyprus"", ""registration_num"": ""2619"", ""signer_name"": ""Osman Ertug - Director"", ""file_date"": ""1992-09-25""}",0.4000,0.5156,0.6059
"19921001_Arnold _ Porter Kaye Scholer, LLP_Dissemination Report_Dissemination Report.pdf","{""registration_num"": ""1750"", ""registrant_name"": ""Arnold & Porter"", ""foreign_principle_name"": ""Republic of Venezuela"", ""signer_name"": ""Lawrence A. Schneider"", ""file_date"": ""10/9/92"", ""signer_title"": ""Partner""}","{""registration_num"": ""1750"", ""registrant_name"": ""Arnold & Porter"", ""foreign_principle_name"": ""Republic of Venezuela"", ""signer_name"": ""Lawrence A. Schneider"", ""file_date"": ""1992-10-09"", ""signer_title"": ""Partner""}",0.8333,0.8333,0.9359
"19921001_International Registries, Inc._Dissemination Report_Dissemination Report.pdf","{""registration_num"": ""4533"", ""registrant_name"": ""International Registries, Inc."", ""file_date"": ""October 8, 1992"", ""signer_name"": ""Archibald N. Stewart"", ""signer_title"": ""President""}","{""registration_num"": ""4533"", ""registrant_name"": ""International Registries, Inc."", ""signer_name"": ""Archibald N. Stewart"", ""signer_title"": ""President""}",0.8000,0.8000,0.8000
"19921001_Hill and Knowlton Strategies, LLC_Dissemination Report_Dissemination Report.pdf","{""registrant_name"": ""Hill and Knowlton, Inc."", ""registration_num"": ""3301"", ""foreign_principle_name"": ""Republic of Turkey"", ""file_date"": ""10/8/92"", ""signer_title"": ""Vice President"", ""signer_name"": ""Arzu Tuncata""}","{""registrant_name"": ""Hill and Knowlton, Inc."", ""registration_num"": ""3301"", ""foreign_principle_name"": ""Republic of Turkey"", ""signer_title"": ""Vice President"", ""signer_name"": ""Arzu Tuncata""}",0.8333,0.8333,0.8333
"19921001_Far East Trade Services, Inc._Dissemination Report_Dissemination Report.pdf","{""registration_num"": ""2985"", ""registrant_name"": ""Far East Trade Service, Inc."", ""foreign_principle_name"": ""Far East Trade Service, Inc. Taipei, Taiwan, R.O.C."", ""file_date"": ""10-1-92"", ""signer_title"": ""Director"", ""signer_name"": ""Robert Y. Wang""}","{""registration_num"": ""2985"", ""registrant_name"": ""Far East Trade Service, Inc."", ""foreign_principle_name"": ""Far East Trade Service, Inc.\nTaipei, Taiwan, R.O.C."", ""signer_title"": ""Director"", ""signer_name"": ""Robert Y. Wang""}",0.8333,0.8333,0.8333
"19921001_JETRO, Los Angeles_Dissemination Report_Dissemination Report.pdf","{""signer_name"": ""Eiichi Nagata"", ""file_date"": ""October 16,'92"", ""signer_title"": ""Executive Director""}","{""signer_name"": ""Eiichi Nagata"", ""file_date"": ""1992-10-16"", ""signer_title"": ""Executive Director""}",0.6667,0.6667,0.7333
"19921001_JETRO, Atlanta_Dissemination Report_Dissemination Report.pdf","{""registration_num"": ""4069"", ""registrant_name"": ""JETRO Atlanta"", ""foreign_principle_name"": ""AL, FL, GA, SC"", ""file_date"": ""10-16-92"", ""signer_name"": ""Yasumasa Iwasaki"", ""signer_title"": ""Executive Director""}","{""registration_num"": ""4069"", ""registrant_name"": ""JETRO Atlanta"", ""foreign_principle_name"": ""AL, FL, GA, SC"", ""signer_name"": ""Yasumasa Iwasaki"", ""signer_title"": ""Executive Director""}",0.8333,0.8333,0.8333
"19921001_JETRO, Chicago_Dissemination Report_Dissemination Report.pdf","{""registration_num"": ""1850"", ""registrant_name"": ""JETRO Chicago"", ""foreign_principle_name"": ""Japan External Trade Organization"", ""signer_name"": ""Minoru Suzuki"", ""file_date"": ""October 22, 1992"", ""signer_title"": ""Exec. Director, Public Affairs""}","{""registration_num"": ""1850"", ""registrant_name"": ""JETRO Chicago"", ""foreign_principle_name"": ""Japan External Trade Organization"", ""signer_name"": ""Minoru Suzuki"", ""file_date"": ""1992-10-22"", ""signer_title"": ""Exec. Director, Public Affairs""}",0.8333,0.8333,0.8913
"19921001_JETRO, Houston_Dissemination Report_Dissemination Report.pdf","{""registration_num"": ""2277"", ""registrant_name"": ""JETRO, Houston"", ""foreign_principle_name"": ""Japan External Trade Organization Tokyo, Japan"", ""signer_name"": ""Hiroyuki Nemoto"", ""file_date"": ""October 8, 1992"", ""signer_title"": ""Director, Public Relations""}","{""registration_num"": ""2277"", ""registrant_name"": ""JETRO, Houston"", ""foreign_principle_name"": ""Japan External Trade Organization Tokyo, Japan"", ""signer_name"": ""Hiroyuki Nemoto"", ""file_date"": ""1992-10-08"", ""signer_title"": ""Director, Public Relations""}",0.8333,0.8056,0.8939
"19921101_Crowell _ Moring International, Ltd._Amendment_Amendment.pdf","{""registrant_name"": ""Crowell & Moring International L.P."", ""registration_num"": ""3988"", ""file_date"": ""4/4 and November 19.92 day of""}","{""registrant_name"": ""Crowell & Moring International L.P."", ""registration_num"": ""3988"", ""file_date"": ""1992-11-04""}",0.6667,0.6667,0.7429
"19921001_JETRO, New York_Dissemination Report_Dissemination Report.pdf","{""registration_num"": ""1643"", ""registrant_name"": ""JETRO, New York"", ""foreign_principle_name"": ""Japan External Trade Organization"", ""signer_name"": ""Kunio Ito"", ""file_date"": ""10/5/92"", ""signer_title"": ""Director, Public Affairs""}","{""registration_num"": ""1643"", ""registrant_name"": ""JETRO, New York"", ""foreign_principle_name"": ""Japan External Trade Organization"", ""signer_name"": ""Kunio Ito"", ""file_date"": ""1992-10-05"", ""signer_title"": ""Director, Public Affairs""}",0.8333,0.8333,0.9103
19921001_Representative of the Turkish Republic of Northern Cyprus_Dissemination Report_Dissemination Report.pdf,"{""registrant_name"": ""Office of the Representative of the Turkish Republic of Northern Cyprus"", ""registration_num"": ""2619"", ""file_date"": ""October 9 1992"", ""signer_title"": ""Director"", ""signer_name"": ""Osman Ertug""}","{""registrant_name"": ""Office of the Representative of the Turkish Republic of Northern Cyprus"", ""registration_num"": ""2619"", ""signer_title"": ""Director"", ""signer_name"": ""Osman Ertug""}",0.8000,0.7556,0.8000
"19921001_Oromo Liberation Front, North America Office_Dissemination Report_Dissemination Report.pdf","{""registration_num"": ""4610"", ""registrant_name"": ""Tamam A. Youssouf Oromo Liberation Front (OLF)"", ""foreign_principle_name"": ""Oromo Liberation Front (OCF)"", ""signer_name"": ""Tamam A. youssouf"", ""file_date"": ""09/28/92"", ""signer_title"": ""N. Am Representative""}","{""registration_num"": ""4610"", ""registrant_name"": ""Tamam A. Youssouf Oromo Liberation Front (OLF)"", ""foreign_principle_name"": ""Oromo Liberation Front (OLF)"", ""signer_name"": ""Tamam A. Youssouf"", ""file_date"": ""1992-09-28"", ""signer_title"": ""N. Am. Representative""}",0.6667,0.7917,0.9222
"19921101_International Registries, Inc._Dissemination Report_Dissemination Report.pdf","{""registration_num"": ""4533"", ""registrant_name"": ""International Registries, Inc."", ""file_date"": ""Nov. 13, 1992"", ""signer_title"": ""President"", ""signer_name"": ""Archibald N. Stewart""}","{""registration_num"": ""4533"", ""registrant_name"": ""International Registries, Inc."", ""signer_title"": ""President"", ""signer_name"": ""Archibald N. Stewart""}",0.8000,0.8000,0.8000
"19921101_JETRO, Chicago_Dissemination Report_Dissemination Report.pdf","{""registration_num"": ""1850"", ""registrant_name"": ""JETRO Chicago"", ""file_date"": ""November 12, 1992"", ""signer_name"": ""Minoru Suzuki"", ""signer_title"": ""Exec. Director, Public Affairs""}","{""registration_num"": ""1850"", ""registrant_name"": ""JETRO Chicago"", ""signer_name"": ""Minoru Suzuki"", ""signer_title"": ""Exec. Director, Public Affairs""}",0.8000,0.8000,0.8000
"19921101_Far East Trade Services, Inc._Dissemination Report_Dissemination Report.pdf","{""registration_num"": ""2985"", ""registrant_name"": ""Far East Trade Service, Inc."", ""foreign_principle_name"": ""Far East Trade Service, Inc. Taipei, Taiwan, R.O.C."", ""file_date"": ""Nov. 2, 1992"", ""signer_title"": ""Director"", ""signer_name"": ""Robert Y. Wang""}","{""registration_num"": ""2985"", ""registrant_name"": ""Far East Trade Service, Inc."", ""foreign_principle_name"": ""Far East Trade Service, Inc."", ""signer_name"": ""Robert Y. Wang, Director""}",0.3333,0.6044,0.5810
"19921101_Hill and Knowlton Strategies, LLC_Dissemination Report_Dissemination Report.pdf","{""registration_num"": ""3301"", ""registrant_name"": ""Hill and Knowlton, Inc."", ""foreign_principle_name"": ""Sacilda (Angola)"", ""signer_title"": ""Account Executive"", ""file_date"": ""11/11/92"", ""signer_name"": ""Katie Moore""}","{""registration_num"": ""3301"", ""registrant_name"": ""Hill and Knowlton, Inc."", ""foreign_principle_name"": ""Sacilda (Angola)"", ""signer_name"": ""Katie Moore""}",0.6667,0.6667,0.6667
"19921101_JETRO, Atlanta_Dissemination Report_Dissemination Report.pdf","{""registration_num"": ""4069"", ""registrant_name"": ""JETRO Atlanta"", ""foreign_principle_name"": ""Japan External Trade Organization"", ""signer_name"": ""Yasumasa Iwasaki"", ""file_date"": ""11-12-92"", ""signer_title"": ""Executive Director""}","{""registration_num"": ""4069"", ""registrant_name"": ""JETRO Atlanta"", ""foreign_principle_name"": ""Japan External Trade Organization"", ""signer_name"": ""Yasumasa Iwasaki"", ""file_date"": ""1992-12-11"", ""signer_title"": ""Executive Director""}",0.8333,0.8333,0.8810
19921101_Quebec Government Office_Dissemination Report_Dissemination Report.pdf,"{""registration_num"": ""1787"", ""registrant_name"": ""Qu\u00e9bec Government House"", ""signer_name"": ""Reed Scowen"", ""file_date"": ""OF"", ""signer_title"": ""Delegate General""}","{""registration_num"": ""1787"", ""registrant_name"": ""Qu\u00e9bec Government House"", ""signer_name"": ""Reed Scowen"", ""signer_title"": ""Delegate General""}",0.8000,0.8000,0.8000
"19921101_JETRO, Los Angeles_Dissemination Report_Dissemination Report.pdf","{""registrant_name"": ""JETRO, Los Angeles"", ""registration_num"": ""1833"", ""foreign_principle_name"": ""JAPAN External Trade Organization Tokyo, Japan"", ""signer_name"": ""Kenjiro Ishiwata"", ""file_date"": ""Nov. 20, 1992"", ""signer_title"": ""Executive Director""}","{""registrant_name"": ""JETRO, Los Angeles"", ""registration_num"": ""1833"", ""foreign_principle_name"": ""JAPAN External Trade Organization Tokyo, Japan"", ""signer_name"": ""Kenjiro Ishiwata"", ""file_date"": ""1992-11-20"", ""signer_title"": ""Executive Director""}",0.8333,0.8056,0.9035
"19921201_Beef + Lamb New Zealand, Ltd._Amendment_Amendment.pdf","{""registrant_name"": ""Name of Registrant Lawrence I Bryant & New Zealand No Producer and"", ""registration_num"": ""2526"", ""file_date"": ""3RD day of DECEMBER ,1992""}","{""registrant_name"": ""Lawrence I. Bryant"", ""registration_num"": ""2526""}",0.3333,0.4762,0.4733
"19921101_JETRO, New York_Dissemination Report_Dissemination Report.pdf","{""registration_num"": ""1643"", ""registrant_name"": ""Robert Chiappetta"", ""foreign_principle_name"": ""Japan External Trade Organization"", ""signer_title"": ""Robert Chiappetta, Managing Editor Research and Planning Section"", ""signer_name"": ""Robert Chiappetta,"", ""file_date"": ""Nov. 13, 1992""}","{""registration_num"": ""1643"", ""registrant_name"": ""Robert Chiappetta"", ""foreign_principle_name"": ""Japan External Trade Organization"", ""signer_title"": ""Managing Editor"", ""signer_name"": ""Robert Chiappetta"", ""file_date"": ""1992-11-13""}",0.6667,0.7333,0.8009
19921101_Kobe Trade Information Office_Dissemination Report_Dissemination Report.pdf,"{""registration_num"": ""2438"", ""registrant_name"": ""KOBE TRADE INFORMATION OFFICE"", ""foreign_principle_name"": ""Foreign Government Kobe Municipal Government"", ""signer_title"": ""Director"", ""file_date"": ""11/05/92"", ""signer_name"": ""Toshiaki Baba""}","{""registration_num"": ""2438"", ""registrant_name"": ""KOBE TRADE INFORMATION OFFICE"", ""foreign_principle_name"": ""Foreign Government Kobe Municipal Government"", ""signer_name"": ""Toshiaki Baba""}",0.6667,0.6333,0.6667
"19921201_Far East Trade Services, Inc._Dissemination Report_Dissemination Report.pdf","{""registrant_name"": ""Far East Trade Service, Inc."", ""registration_num"": ""2985"", ""foreign_principle_name"": ""Far East Trade Service, Inc. Taipei, Taiwan, R.O.C."", ""file_date"": ""Dec. 1, 1992"", ""signer_title"": ""manager"", ""signer_name"": ""James Lin""}","{""registrant_name"": ""Far East Trade Service, Inc."", ""registration_num"": ""2985"", ""foreign_principle_name"": ""Far East Trade Service, Inc."", ""signer_title"": ""manager"", ""signer_name"": ""James Lin""}",0.6667,0.7949,0.7905
19921101_Scottish Enterprise_Dissemination Report_Dissemination Report.pdf,"{""registration_num"": ""3013"", ""registrant_name"": ""Locate in Scotland"", ""foreign_principle_name"": ""Scottish Enterprise Glasgow, Scotland"", ""signer_title"": ""Accountant"", ""signer_name"": ""James A. Coppola"", ""file_date"": ""11/6/92""}","{""registration_num"": ""3013"", ""registrant_name"": ""Locate in Scotland"", ""foreign_principle_name"": ""Scottish Enterprise Glasgow, Scotland"", ""signer_name"": ""James A. Coppola, Accountant"", ""file_date"": ""1992-11-06""}",0.5000,0.6333,0.6940
"19921201_Hill and Knowlton Strategies, LLC_Dissemination Report_Dissemination Report.pdf","{""registration_num"": ""3301"", ""registrant_name"": ""Hill and Knowlton, Inc."", ""foreign_principle_name"": ""The Republic of Turkey"", ""signer_title"": ""Vice President"", ""signer_name"": ""Arzu Tuncata"", ""file_date"": ""11/30/92""}","{""registration_num"": ""3301"", ""registrant_name"": ""Hill and Knowlton, Inc."", ""foreign_principle_name"": ""The Republic of Turkey"", ""signer_name"": ""Arzu Tuncata, Vice President"", ""file_date"": ""1992-11-30""}",0.5000,0.6111,0.6978
"19921201_JETRO, Atlanta_Dissemination Report_Dissemination Report.pdf","{""registrant_name"": ""JETRO Atlanta"", ""registration_num"": ""4069"", ""foreign_principle_name"": ""Japan External Trade Organization"", ""signer_name"": ""Yasumasa Iwasaki"", ""file_date"": ""12-08-92"", ""signer_title"": ""Executive Director""}","{""registrant_name"": ""JETRO Atlanta"", ""registration_num"": ""4069"", ""foreign_principle_name"": ""Japan External Trade Organization"", ""signer_name"": ""Yasumasa Iwasaki"", ""file_date"": ""1992-12-08"", ""signer_title"": ""Executive Director""}",0.8333,0.8333,0.9286
"19921201_JETRO, Chicago_Dissemination Report_Dissemination Report.pdf","{""registration_num"": ""1850"", ""registrant_name"": ""JETRO, Chicago"", ""foreign_principle_name"": ""Japan External Trade Organization"", ""signer_name"": ""Minoru Suzuki"", ""file_date"": ""12/6/92"", ""signer_title"": ""Exec. Dir., Public Affairs""}","{""registration_num"": ""1850"", ""registrant_name"": ""JETRO, Chicago"", ""foreign_principle_name"": ""Japan External Trade Organization"", ""signer_name"": ""Minoru Suzuki"", ""file_date"": ""1992-12-06"", ""signer_title"": ""Exec. Dir., Public Affairs""}",0.8333,0.8333,0.9103
"19921201_JETRO, Houston_Dissemination Report_Dissemination Report.pdf","{""registration_num"": ""2277"", ""registrant_name"": ""JETRO, Houston"", ""foreign_principle_name"": ""Japan External Trade Organization Tokyo, Japan"", ""signer_name"": ""Hiroyuki Nemoto"", ""file_date"": ""December 8, 1991"", ""signer_title"": ""Director, Public Relations""}","{""registration_num"": ""2277"", ""registrant_name"": ""JETRO, Houston"", ""foreign_principle_name"": ""Japan External Trade Organization Tokyo, Japan"", ""signer_name"": ""Hiroyuki Nemoto"", ""file_date"": ""1991-12-08"", ""signer_title"": ""Director, Public Relations""}",0.8333,0.8056,0.8913
"19921201_JETRO, New York_Dissemination Report_Dissemination Report.pdf","{""registration_num"": ""1643"", ""registrant_name"": ""JETRO, New York"", ""foreign_principle_name"": ""Japan External Trade Organization"", ""signer_name"": ""Kunio Ito"", ""file_date"": ""Dec. 18, 1992"", ""signer_title"": ""Director, Public Affairs""}","{""registration_num"": ""1643"", ""registrant_name"": ""JETRO, New York"", ""foreign_principle_name"": ""Japan External Trade Organization"", ""signer_name"": ""Kunio Ito"", ""file_date"": ""1992-12-18"", ""signer_title"": ""Director, Public Affairs""}",0.8333,0.8333,0.9035
19921201_Kobe Trade Information Office_Dissemination Report_Dissemination Report.pdf,"{""registration_num"": ""2438"", ""registrant_name"": ""KOBE TRADE INFORMATION OFFICE"", ""foreign_principle_name"": ""Foreign Government Kobe Municipal Govt."", ""signer_name"": ""Toshiaki Baba"", ""signer_title"": ""Director"", ""file_date"": ""12/15/92""}","{""registration_num"": ""2438"", ""registrant_name"": ""KOBE TRADE INFORMATION OFFICE"", ""foreign_principle_name"": ""Foreign Government Kobe Municipal Govt."", ""signer_name"": ""Toshiaki Baba"", ""signer_title"": ""Director"", ""file_date"": ""1992-12-15""}",0.8333,0.8333,0.9286
"19921201_Oromo Liberation Front, North America Office_Dissemination Report_Dissemination Report.pdf","{""registration_num"": ""4610"", ""registrant_name"": ""Tamam A. Youssouf"", ""foreign_principle_name"": ""Oromo Lilieration Front."", ""signer_name"": ""Taman A. Youssouf"", ""file_date"": ""12/15/92"", ""signer_title"": ""N. Am Representative""}","{""registration_num"": ""4610"", ""registrant_name"": ""Tama A. Youssouf"", ""foreign_principle_name"": ""Oromo Liberation Front"", ""signer_name"": ""Tamam A. Youssouf"", ""file_date"": ""1992-12-15"", ""signer_title"": ""N. Am Representative""}",0.3333,0.6111,0.8994
19921201_Office of Tibet_Dissemination Report_Dissemination Report.pdf,"{""registrant_name"": ""The Office of Tibet"", ""registration_num"": ""1699"", ""foreign_principle_name"": ""His Holiness the Dalai Lama"", ""signer_name"": ""Thubten Samphel"", ""signer_title"": ""editor"", ""file_date"": ""1 December 1992""}","{""registrant_name"": ""The Office of Tibet"", ""registration_num"": ""1699"", ""foreign_principle_name"": ""His Holiness the Dalai Lama"", ""signer_name"": ""Thubten Samphel"", ""signer_title"": ""editor"", ""file_date"": ""1992-12-01""}",0.8333,0.8333,0.8913
"19930101_International Registries, Inc._Dissemination Report_Dissemination Report.pdf","{""registration_num"": ""4533"", ""registrant_name"": ""International Registries, Inc."", ""file_date"": ""Jan. 13, 1993""}","{""registration_num"": ""4533"", ""registrant_name"": ""International Registries, Inc.""}",0.6667,0.6667,0.6667
19921201_Quebec Government Office_Dissemination Report_Dissemination Report.pdf,"{""registration_num"": ""1787"", ""registrant_name"": ""Qu\u00e9bec Government House"", ""foreign_principle_name"": ""Qu\u00e9bec Government"", ""signer_title"": ""Delegate General"", ""signer_name"": ""Reed Scowen"", ""file_date"": ""12/21/92""}","{""registration_num"": ""1787"", ""registrant_name"": ""Qu\u00e9bec Government House"", ""foreign_principle_name"": ""Qu\u00e9bec Government"", ""signer_name"": ""Reed Scowen, Delegate General"", ""file_date"": ""1992-12-21""}",0.5000,0.6111,0.6893
"19930101_Hill and Knowlton Strategies, LLC_Dissemination Report_Dissemination Report.pdf","{""registration_num"": ""3301"", ""registrant_name"": ""Hill and Knowlton, Inc."", ""foreign_principle_name"": ""The Permanent Mission of Angola to the Organization of American States"", ""signer_title"": ""Account Executive"", ""file_date"": ""1/7/93"", ""signer_name"": ""Katie Moore""}","{""registration_num"": ""3301"", ""registrant_name"": ""Hill and Knowlton, Inc."", ""foreign_principle_name"": ""The Permanent Mission of Angola to the Organization of American States"", ""signer_name"": ""Katie Moore""}",0.6667,0.6481,0.6667
"19930101_Far East Trade Services, Inc._Dissemination Report_Dissemination Report.pdf","{""registration_num"": ""2985"", ""registrant_name"": ""Far East Trade Service, Inc."", ""foreign_principle_name"": ""Far East Trade Service, Inc. Taipei, Taiwan, R.O.C."", ""file_date"": ""1-4-93"", ""signer_title"": ""Director"", ""signer_name"": ""Robert Y. Wang,""}","{""registration_num"": ""2985"", ""registrant_name"": ""Far East Trade Service, Inc."", ""foreign_principle_name"": ""Far East Trade Service, Inc.\nTaipei, Taiwan, R.O.C."", ""signer_name"": ""Robert Y. Wang, Director""}",0.5000,0.6429,0.6238
"19930101_JETRO, Atlanta_Dissemination Report_Dissemination Report.pdf","{""registration_num"": ""4069"", ""registrant_name"": ""JETRO Atlanta"", ""foreign_principle_name"": ""Japan External Trade Organization"", ""file_date"": ""12-28-92"", ""signer_name"": ""Yasumasa Iwasaki"", ""signer_title"": ""Executive Director""}","{""registration_num"": ""4069"", ""registrant_name"": ""JETRO Atlanta"", ""foreign_principle_name"": ""Japan External Trade Organization"", ""signer_name"": ""Yasumasa Iwasaki"", ""signer_title"": ""Executive Director""}",0.8333,0.8333,0.8333
"19930101_JETRO, Chicago_Dissemination Report_Dissemination Report.pdf","{""registration_num"": ""1850"", ""registrant_name"": ""JETRO Chicago"", ""foreign_principle_name"": ""Japan External Trade Organization"", ""signer_name"": ""Minoru Suzuki"", ""file_date"": ""January 12, 1993"", ""signer_title"": ""Executive Director, Public Affairs""}","{""registration_num"": ""1850"", ""registrant_name"": ""JETRO Chicago"", ""foreign_principle_name"": ""Japan External Trade Organization"", ""signer_name"": ""Minoru Suzuki"", ""file_date"": ""1993-01-12"", ""signer_title"": ""Executive Director, Public Affairs""}",0.8333,0.8333,0.8913
"19930101_JETRO, New York_Dissemination Report_Dissemination Report.pdf","{""registrant_name"": ""JETRO, New York"", ""registration_num"": ""1643"", ""foreign_principle_name"": ""Japan External Trade Organization"", ""signer_name"": ""Kunio Ito"", ""file_date"": ""Jan. 20, 1993"", ""signer_title"": ""Director, Public Affairs""}","{""registrant_name"": ""JETRO, New York"", ""registration_num"": ""1643"", ""foreign_principle_name"": ""Japan External Trade Organization"", ""signer_name"": ""Kunio Ito"", ""file_date"": ""1993-01-20"", ""signer_title"": ""Director, Public Affairs""}",0.8333,0.8333,0.9035
"19930101_JETRO, Los Angeles_Dissemination Report_Dissemination Report.pdf","{""registration_num"": ""1833"", ""registrant_name"": ""JETRO, Los Angeles"", ""foreign_principle_name"": ""JAPAN External Trade Organization Tokyo, Japan"", ""signer_name"": ""Kenjiro Ishiwata"", ""file_date"": ""12.21.92"", ""signer_title"": ""Executive Director""}","{""registration_num"": ""1833"", ""registrant_name"": ""JETRO, Los Angeles"", ""foreign_principle_name"": ""JAPAN External Trade Organization Tokyo, Japan"", ""signer_name"": ""Kenjiro Ishiwata"", ""file_date"": ""1992-12-21"", ""signer_title"": ""Executive Director""}",0.8333,0.8056,0.9286
"19930101_Akin, Gump, Strauss, Hauer _ Feld, LLP_Dissemination Report_Dissemination Report.pdf","{""registration_num"": ""3492"", ""registrant_name"": ""Akin, Gump, Strauss, Hauer & Feld, L.L.P."", ""foreign_principle_name"": ""Government of Norway"", ""file_date"": ""Jan. 19, 1993"", ""signer_name"": ""Lawrence D. Levien"", ""signer_title"": ""Partner with Power of Attorney""}","{""registration_num"": ""3492"", ""registrant_name"": ""Akin, Gump, Strauss, Hauer & Feld, L.L.P."", ""foreign_principle_name"": ""Government of Norway"", ""file_date"": ""1993-01-15"", ""signer_name"": ""Lawrence D. Levien"", ""signer_title"": ""Partner with Power of Attorney""}",0.8333,0.8333,0.9035
19930101_Kobe Trade Information Office_Dissemination Report_Dissemination Report.pdf,"{""registration_num"": ""2438"", ""registrant_name"": ""KOBE TRADE INFORMATION OFFICE"", ""foreign_principle_name"": ""Foreign Government Kobe Municipal Govt."", ""signer_title"": ""Director"", ""signer_name"": ""Toshiaki Baba"", ""file_date"": ""1/06/93""}","{""registration_num"": ""2438"", ""registrant_name"": ""KOBE TRADE INFORMATION OFFICE"", ""foreign_principle_name"": ""Foreign Government Kobe Municipal Govt."", ""signer_name"": ""Toshiaki Baba, Director"", ""file_date"": ""1993-01-06""}",0.5000,0.6333,0.7007
"19930101_Oromo Liberation Front, North America Office_Dissemination Report_Dissemination Report.pdf","{""registration_num"": ""4610"", ""registrant_name"": ""Tamam A. Youssouf"", ""foreign_principle_name"": ""Oromo Liberation Front (OLF)"", ""signer_name"": ""ouf Tamam A. Youssou"", ""file_date"": ""Jan 8,93"", ""signer_title"": ""N. Am Representative""}","{""registration_num"": ""4610"", ""registrant_name"": ""Tamam A. Youssouf"", ""foreign_principle_name"": ""Oromo Liberation Front (OLF)"", ""signer_name"": ""Tamam A. Youssouf"", ""file_date"": ""1993-01-08"", ""signer_title"": ""N. Am Representative""}",0.6667,0.7333,0.8509
19930101_Quebec Government Office_Dissemination Report_Dissemination Report.pdf,"{""registration_num"": ""1787"", ""registrant_name"": ""Qu\u00e9bec Government House"", ""foreign_principle_name"": ""Qu\u00e9bec Government"", ""file_date"": ""1/8/93"", ""signer_title"": ""Delegate General"", ""signer_name"": ""Reed Scowen""}","{""registration_num"": ""1787"", ""registrant_name"": ""Qu\u00e9bec Government House"", ""foreign_principle_name"": ""Qu\u00e9bec Government"", ""signer_title"": ""Delegate General"", ""signer_name"": ""Reed Scowen""}",0.8333,0.8333,0.8333
19930101_Representative of the Turkish Republic of Northern Cyprus_Dissemination Report_Dissemination Report.pdf,"{""registrant_name"": ""Office of the Representative of the Turkish Republic of Northern Cyprus"", ""registration_num"": ""2619"", ""file_date"": ""JANUARY comber 7, 1993"", ""signer_title"": ""Director"", ""signer_name"": ""Osman Ertug""}","{""registrant_name"": ""Office of the Representative of the Turkish Republic of Northern Cyprus"", ""registration_num"": ""2619"", ""signer_title"": ""Director"", ""signer_name"": ""Osman Ertug""}",0.8000,0.7556,0.8000
"19930201_International Registries, Inc._Dissemination Report_Dissemination Report.pdf","{""registration_num"": ""4533"", ""registrant_name"": ""International Registries, Inc."", ""signer_title"": ""President"", ""file_date"": ""Feb. 3, 1993"", ""signer_name"": ""A.N. Stewart""}","{""registration_num"": ""4533"", ""registrant_name"": ""International Registries, Inc."", ""signer_name"": ""A.N. Stewart""}",0.6000,0.6000,0.6000
19930101_Scottish Enterprise_Dissemination Report_Dissemination Report.pdf,"{""registration_num"": ""3013"", ""registrant_name"": ""Locate in Scotland"", ""foreign_principle_name"": ""Scottish Enterprise Glasgow, Scotland"", ""signer_title"": ""Accountant"", ""signer_name"": ""James A. Coppola"", ""file_date"": ""1/7/93""}","{""registration_num"": ""3013"", ""registrant_name"": ""Locate in Scotland"", ""foreign_principle_name"": ""Scottish Enterprise Glasgow, Scotland"", ""signer_name"": ""James A. Coppola, Accountant"", ""file_date"": ""1993-01-07""}",0.5000,0.6333,0.7005
"19930201_Far East Trade Services, Inc._Dissemination Report_Dissemination Report.pdf","{""registration_num"": ""2985"", ""registrant_name"": ""Far East Trade Service, Inc."", ""foreign_principle_name"": ""Far East Trade Service, Inc. Taipei, Taiwan, R.O.C."", ""file_date"": ""2-1-93"", ""signer_title"": ""Director"", ""signer_name"": ""Robert Y. Wang""}","{""registration_num"": ""2985"", ""registrant_name"": ""Far East Trade Service, Inc."", ""foreign_principle_name"": ""Far East Trade Service, Inc. Taipei, Taiwan, R.O.C."", ""signer_name"": ""Robert Y. Wang""}",0.6667,0.6667,0.6667
"19930201_JETRO, Atlanta_Dissemination Report_Dissemination Report.pdf","{""registration_num"": ""4069"", ""registrant_name"": ""JETRO Atlanta"", ""foreign_principle_name"": ""Japan External Trade Organization"", ""signer_name"": ""Yasumasa Iwasaki"", ""file_date"": ""02-11-93"", ""signer_title"": ""Executive Director""}","{""registration_num"": ""4069"", ""registrant_name"": ""JETRO Atlanta"", ""foreign_principle_name"": ""Japan External Trade Organization"", ""signer_name"": ""Yasumasa Iwasaki"", ""file_date"": ""1993-11-02"", ""signer_title"": ""Executive Director""}",0.8333,0.8333,0.8810
"19930201_JETRO, Chicago_Dissemination Report_Dissemination Report.pdf","{""registration_num"": ""1850"", ""registrant_name"": ""JETRO Chicago"", ""foreign_principle_name"": ""Japan External Trade Organization"", ""signer_name"": ""Minoru Suzuki"", ""file_date"": ""February 5, 1998"", ""signer_title"": ""Exec. Dir., Public Affairs""}","{""registration_num"": ""1850"", ""registrant_name"": ""JETRO Chicago"", ""foreign_principle_name"": ""Japan External Trade Organization"", ""signer_name"": ""Minoru Suzuki"", ""file_date"": ""1993-02-05"", ""signer_title"": ""Exec. Dir., Public Affairs""}",0.8333,0.8333,0.8768
"19930201_JETRO, New York_Dissemination Report_Dissemination Report.pdf","{""registration_num"": ""1643"", ""registrant_name"": ""JETRONY"", ""foreign_principle_name"": ""Japan External Trade Organization"", ""signer_title"": ""Robert Chiappetta, Managing Editor Research & Planning Section"", ""signer_name"": ""Robert Chiappetta"", ""file_date"": ""2/9/93""}","{""registration_num"": ""1643"", ""registrant_name"": ""JETRONY"", ""foreign_principle_name"": ""Japan External Trade Organization"", ""signer_title"": ""Managing Editor"", ""signer_name"": ""Robert Chippett"", ""file_date"": ""1993-02-19""}",0.5000,0.6574,0.8072
19930201_Kobe Trade Information Office_Dissemination Report_Dissemination Report.pdf,"{""registrant_name"": ""KOBE TRADE INFORMATION OFFICE"", ""registration_num"": ""2438"", ""foreign_principle_name"": ""Foreign Government Kobe Municipal Govt."", ""signer_title"": ""Director"", ""signer_name"": ""Toshiaki Baba,"", ""file_date"": ""1/25/93""}","{""registrant_name"": ""KOBE TRADE INFORMATION OFFICE"", ""registration_num"": ""2438"", ""foreign_principle_name"": ""Foreign Government Kobe Municipal Govt."", ""signer_title"": ""Director"", ""signer_name"": ""Toshiaki Baba"", ""file_date"": ""1993-01-25""}",0.8333,0.8333,0.9103
"19930201_Akin, Gump, Strauss, Hauer _ Feld, LLP_Dissemination Report_Dissemination Report.pdf","{""registration_num"": ""3492"", ""registrant_name"": ""Akin, Gump, Strauss, Hauer & Feld, L.L.P"", ""foreign_principle_name"": ""Government of Norway"", ""signer_name"": ""Joel Jankowsky, P.C."", ""file_date"": ""Feb. 12, 1993"", ""signer_title"": ""Partner with Power of Attorney""}","{""registration_num"": ""3492"", ""registrant_name"": ""Akin, Gump, Strauss, Hauer & Feld, L.L.P"", ""foreign_principle_name"": ""Government of Norway"", ""signer_name"": ""Joel Jankowsky, P.C."", ""file_date"": ""1993-02-12"", ""signer_title"": ""Partner with Power of Attorney""}",0.8333,0.8333,0.9035
"19930201_Oromo Liberation Front, North America Office_Dissemination Report_Dissemination Report.pdf","{""registration_num"": ""4610"", ""registrant_name"": ""Tamam A. Youssouf"", ""foreign_principle_name"": ""Oromo Liberation Front OLF"", ""signer_name"": ""Tanam A. Youssouf"", ""file_date"": ""Feb 1 1993"", ""signer_title"": ""N. Am Rep""}","{""registration_num"": ""4610"", ""registrant_name"": ""Tanaam A. Youssouf"", ""foreign_principle_name"": ""Oromo Liberation Front"", ""signer_name"": ""Tamar M. Youssef"", ""file_date"": ""1993-02-01"", ""signer_title"": ""N. Mm Rep""}",0.1667,0.5040,0.8152
"19930301_Far East Trade Services, Inc._Dissemination Report_Dissemination Report.pdf","{""registrant_name"": ""Far East Trade Service Inc."", ""registration_num"": ""2985"", ""foreign_principle_name"": ""Far East Trade Service, Inc. Taipei, Taiwan, R.O.C."", ""file_date"": ""3/1/93"", ""signer_name"": ""Robert Y. Wang"", ""signer_title"": ""Director""}","{""registrant_name"": ""Far East Trade Service Inc."", ""registration_num"": ""2985"", ""foreign_principle_name"": ""Far East Trade Service, Inc., Taipei, Taiwan, R.O.C."", ""signer_name"": ""Robert Y. Wang"", ""signer_title"": ""Director""}",0.8333,0.8333,0.8333
19930301_Hogan Lovells US LLP_Amendment_Amendment.pdf,"{""registration_num"": ""2244"", ""registrant_name"": ""Hogan & Hartson"", ""signer_name"": ""T. Clark Weymouth"", ""signer_title"": ""Partner"", ""file_date"": ""28th day of""}","{""registration_num"": ""2244"", ""registrant_name"": ""Hogan & Hartson"", ""signer_name"": ""T. Clark Weymouth"", ""signer_title"": ""Partner"", ""file_date"": ""1983-03-19""}",0.8000,0.8000,0.8211
"19930301_JETRO, Chicago_Dissemination Report_Dissemination Report.pdf","{""registration_num"": ""1850"", ""registrant_name"": ""JETRO Chicago"", ""foreign_principle_name"": ""Japan External Trade Organization"", ""file_date"": ""March 17, 1993"", ""signer_name"": ""Minoru Suzuki"", ""signer_title"": ""Executive Director, Public Affairs""}","{""registration_num"": ""1850"", ""registrant_name"": ""JETRO Chicago"", ""foreign_principle_name"": ""Japan External Trade Organization"", ""signer_name"": ""Minoru Suzuki"", ""signer_title"": ""Executive Director, Public Affairs""}",0.8333,0.8333,0.8333
"19930301_JETRO, Atlanta_Dissemination Report_Dissemination Report.pdf","{""registration_num"": ""4069"", ""registrant_name"": ""JETRO Atlanta"", ""foreign_principle_name"": ""Japan External Trade Organization"", ""file_date"": ""03-09-93"", ""signer_name"": ""Yasumasa Iwasaki"", ""signer_title"": ""Executive Director""}","{""registration_num"": ""4069"", ""registrant_name"": ""JETRO Atlanta"", ""foreign_principle_name"": ""Japan External Trade Organization"", ""signer_name"": ""Yasumasa Iwasaki"", ""signer_title"": ""Executive Director""}",0.8333,0.8333,0.8333
"19930301_Hill and Knowlton Strategies, LLC_Dissemination Report_Dissemination Report.pdf","{""registration_num"": ""3301"", ""registrant_name"": ""HILL AND KNOWLTON"", ""foreign_principle_name"": ""Government of Israel Ministry of Industry and Trade"", ""signer_name"": ""Val A. Kratzman"", ""file_date"": ""2-25-93"", ""signer_title"": ""Vice President""}","{""registration_num"": ""3301"", ""registrant_name"": ""HILL AND KNOWLTON"", ""foreign_principle_name"": ""Government of Israel Ministry of Industry and Trade"", ""signer_name"": ""Val A. Kratzman"", ""file_date"": ""1993-02-25"", ""signer_title"": ""Vice President""}",0.8333,0.8125,0.9103
"19930301_Akin, Gump, Strauss, Hauer _ Feld, LLP_Dissemination Report_Dissemination Report.pdf","{""registration_num"": ""3492"", ""registrant_name"": ""Akin, Gump, Strauss, Hauer & Feld, L.L.P."", ""foreign_principle_name"": ""Mazda N.A., Inc."", ""signer_name"": ""Laurence J. Hoffman, P.C."", ""file_date"": ""03/05/93"", ""signer_title"": ""Partner with Power of Attorney""}","{""registration_num"": ""3492"", ""registrant_name"": ""Akin, Gump, Strauss, Hauer & Feld, L.L.P."", ""foreign_principle_name"": ""Mazda N.A., Inc."", ""signer_name"": ""Laurence J. Hoffman, P.C."", ""file_date"": ""1993-03-05"", ""signer_title"": ""Partner with Power of Attorney""}",0.8333,0.8333,0.9286
"19930301_JETRO, Los Angeles_Dissemination Report_Dissemination Report.pdf","{""registration_num"": ""1833"", ""registrant_name"": ""JETRO, Los Angeles"", ""foreign_principle_name"": ""Japan External Trade Organization Tokyo, Japan"", ""file_date"": ""3/23/93"", ""signer_name"": ""Kenjiro Ishiwata"", ""signer_title"": ""Executive Director""}","{""registration_num"": ""1833"", ""registrant_name"": ""JETRO, Los Angeles"", ""foreign_principle_name"": ""Japan External Trade Organization"", ""signer_name"": ""Kenjiro Ishiwata"", ""signer_title"": ""Executive Director""}",0.6667,0.8000,0.8077
"19930301_JETRO, New York_Dissemination Report_Dissemination Report.pdf","{""registration_num"": ""1643"", ""registrant_name"": ""JETRO, New York"", ""foreign_principle_name"": ""Japan External Trade Organization"", ""file_date"": ""March 19, 1993"", ""signer_name"": ""Kunio Ito"", ""signer_title"": ""Director, Public Affairs""}","{""registration_num"": ""1643"", ""registrant_name"": ""JETRO, New York"", ""foreign_principle_name"": ""Japan External Trade Organization"", ""signer_name"": ""Kunio Ito"", ""signer_title"": ""Director, Public Affairs""}",0.8333,0.8333,0.8333
"19930301_JETRO, Houston_Dissemination Report_Dissemination Report.pdf","{""registration_num"": ""2277"", ""registrant_name"": ""JETRO, Houston"", ""foreign_principle_name"": ""Japan External Trade Organization Tokyo, Japan"", ""signer_name"": ""Hiroyuki Nemoto"", ""signer_title"": ""Director of Public Relations"", ""file_date"": ""March 3, 1993""}","{""registration_num"": ""2277"", ""registrant_name"": ""JETRO, Houston"", ""foreign_principle_name"": ""Japan External Trade Organization Tokyo, Japan"", ""signer_name"": ""Hiroyuki Nemoto"", ""signer_title"": ""Director of Public Relations"", ""file_date"": ""1993-03-03""}",0.8333,0.8056,0.9000
19930301_Kobe Trade Information Office_Dissemination Report_Dissemination Report.pdf,"{""registration_num"": ""2438"", ""registrant_name"": ""KOBE TRADE INFORMATION OFFICE"", ""foreign_principle_name"": ""Foreign Government Kobe Municipal Govt."", ""signer_title"": ""Director"", ""signer_name"": ""Toshiaki Baba"", ""file_date"": ""2/23/93""}","{""registration_num"": ""2438"", ""registrant_name"": ""KOBE TRADE INFORMATION OFFICE"", ""foreign_principle_name"": ""Foreign Government Kobe Municipal Govt."", ""signer_title"": ""Director"", ""signer_name"": ""Toshiaki Baba"", ""file_date"": ""1993-02-23""}",0.8333,0.8333,0.9103
"19930401_International Registries, Inc._Dissemination Report_Dissemination Report.pdf","{""registration_num"": ""4533"", ""registrant_name"": ""INTERNATIONAL REGISTRIES, INC."", ""signer_title"": ""PRESIDENT"", ""file_date"": ""APRIL 1, 1993"", ""signer_name"": ""A.N. STEWART""}","{""registration_num"": ""4533"", ""registrant_name"": ""INTERNATIONAL REGISTRIES, INC."", ""signer_name"": ""A.N. STEWART, PRESIDENT""}",0.4000,0.5333,0.5167
19930401_Ethiopian People_s Revolutionary Party_Dissemination Report_Dissemination Report.pdf,"{""registration_num"": ""Registration No. 4789009"", ""registrant_name"": ""1. Name of registrant ETHIOPIAN PEOPLES' REVOLUTIONARY PARTY"", ""foreign_principle_name"": ""ETHIOPIAN PEOPLES REVOLUTIONARY PARTY""}","{""registration_num"": ""4789009"", ""registrant_name"": ""ETHIOPIAN PEOPLES' REVOLUTIONARY PARTY"", ""foreign_principle_name"": ""ETHIOPIAN PEOPLES' REVOLUTIONARY PARTY""}",0.3333,0.7222,0.7485
"19930301_Public Strategies Washington, Inc._Dissemination Report_Dissemination Report.pdf","{""registrant_name"": ""Joseph P. O'Neill Public Strategies Washington, Inc."", ""registration_num"": ""4486"", ""foreign_principle_name"": ""Mexico/SECOFI"", ""signer_name"": ""Joseph P. O'Neill"", ""file_date"": ""February 25, 1993"", ""signer_title"": ""President""}","{""registrant_name"": ""Joseph P. O'Neill"", ""registration_num"": ""4486"", ""foreign_principle_name"": ""Mexico/SECOFI"", ""signer_name"": ""Joseph P. O'Neill"", ""file_date"": ""1993-02-25"", ""signer_title"": ""President""}",0.6667,0.7667,0.8016
"19930301_Oromo Liberation Front, North America Office_Dissemination Report_Dissemination Report.pdf","{""registration_num"": ""4610"", ""registrant_name"": ""Tamam A. Youssouf"", ""foreign_principle_name"": ""Oromo Liberation Front."", ""signer_name"": ""Tamam A. Youssouf"", ""file_date"": ""03/18/93"", ""signer_title"": ""N. Am Representative""}","{""registration_num"": ""4610"", ""registrant_name"": ""Tamam A. Youssouf"", ""foreign_principle_name"": ""Oromo Liberation Front"", ""signer_name"": ""Tamam A. Youssouf"", ""file_date"": ""1993-03-18"", ""signer_title"": ""N. Am Representative""}",0.8333,0.8333,0.9286
19930301_Quebec Government Office_Dissemination Report_Dissemination Report.pdf,"{""registrant_name"": ""Qu\u00e9bec Government House"", ""registration_num"": ""1787"", ""foreign_principle_name"": ""Qu\u00e9bec Government"", ""signer_title"": ""Delegate General"", ""signer_name"": ""Reed Scowen"", ""file_date"": ""3/25/93""}","{""registrant_name"": ""Qu\u00e9bec Government House"", ""registration_num"": ""1787"", ""foreign_principle_name"": ""Qu\u00e9bec Government"", ""signer_title"": ""Delegate General"", ""signer_name"": ""Reed Scowen"", ""file_date"": ""1993-03-25""}",0.8333,0.8333,0.9103
"19930401_JETRO, Atlanta_Dissemination Report_Dissemination Report.pdf","{""registration_num"": ""4069"", ""registrant_name"": ""JETRO Atlanta"", ""foreign_principle_name"": ""Japan External Trade Organization"", ""file_date"": ""04-22-93"", ""signer_name"": ""Shoji Isaki"", ""signer_title"": ""Executive Director""}","{""registration_num"": ""4069"", ""registrant_name"": ""JETRO Atlanta"", ""foreign_principle_name"": ""Japan External Trade Organization"", ""signer_name"": ""Shoji Isaki"", ""signer_title"": ""Executive Director""}",0.8333,0.8333,0.8333
"19930401_JETRO, Houston_Dissemination Report_Dissemination Report.pdf","{""registration_num"": ""2277"", ""registrant_name"": ""JETRO-Houston"", ""foreign_principle_name"": ""Japan External Trade Organization"", ""signer_name"": ""Yoshiki Sato"", ""file_date"": ""04-23-93"", ""signer_title"": ""Executive Director""}","{""registration_num"": ""2277"", ""registrant_name"": ""JETRO-Houston"", ""foreign_principle_name"": ""Japan External Trade Organization"", ""signer_name"": ""Yoshiki Sato"", ""file_date"": ""1993-04-23"", ""signer_title"": ""Executive Director""}",0.8333,0.8333,0.9286
"19930401_JETRO, Los Angeles_Dissemination Report_Dissemination Report.pdf","{""registration_num"": ""1833"", ""registrant_name"": ""JETRO, Los Angeles"", ""foreign_principle_name"": ""Japan External Trade Organization Tokyo, Japan"", ""file_date"": ""4/13/93"", ""signer_name"": ""Kenjiro Ishiwata"", ""signer_title"": ""Executive Director""}","{""registration_num"": ""1833"", ""registrant_name"": ""JETRO, Los Angeles"", ""foreign_principle_name"": ""Japan External Trade Organization Tokyo, Japan"", ""signer_name"": ""Kenjiro Ishiwata"", ""signer_title"": ""Executive Director""}",0.8333,0.8056,0.8333
"19930401_Far East Trade Services, Inc._Dissemination Report_Dissemination Report.pdf","{""registration_num"": ""2985"", ""registrant_name"": ""Far East Trade Service, Inc."", ""foreign_principle_name"": ""Far East Trade Service, Inc Taipei, Taiwan, R.O.C."", ""signer_name"": ""Robert Y. Wang"", ""file_date"": ""April 1, 1993"", ""signer_title"": ""Director""}","{""registration_num"": ""2985"", ""registrant_name"": ""Far East Trade Service, Inc."", ""foreign_principle_name"": ""Far East Trade Service, Inc. Taipei, Taiwan, R.O.C."", ""signer_name"": ""Robert Y. Wang"", ""file_date"": ""1993-04-01"", ""signer_title"": ""Director""}",0.8333,0.8333,0.9000
"19930401_JETRO, New York_Dissemination Report_Dissemination Report.pdf","{""registration_num"": ""1673"", ""registrant_name"": ""JETRO NY"", ""foreign_principle_name"": ""Japon External Trade Organization"", ""signer_name"": ""Name and Robet Chiappetty"", ""file_date"": ""4193"", ""signer_title"": ""Research & Planning Section""}","{""registration_num"": ""1693"", ""registrant_name"": ""JETRO NY"", ""foreign_principle_name"": ""Japan External Trade Organization"", ""signer_name"": ""Robert Chieppetti"", ""file_date"": ""1993-04-04"", ""signer_title"": ""Research & Planning Section""}",0.3333,0.4583,0.8144
19930401_Quebec Government Office_Dissemination Report_Dissemination Report.pdf,"{""registration_num"": ""1787"", ""registrant_name"": ""Qu\u00e9bec Government House"", ""foreign_principle_name"": ""Qu\u00e9bec Government"", ""signer_title"": ""Delegate General"", ""file_date"": ""4/23/93"", ""signer_name"": ""Reed Scowen""}","{""registration_num"": ""1787"", ""registrant_name"": ""Qu\u00e9bec Government House"", ""foreign_principle_name"": ""Qu\u00e9bec Government"", ""signer_name"": ""Reed Scowen""}",0.6667,0.6667,0.6667
"19930401_Sidley Austin, LLP_Amendment_Amendment.pdf","{""registration_num"": ""3731"", ""registrant_name"": ""Sidley & Austin"", ""signer_name"": ""Joseph B. Tompkins Jr."", ""file_date"": ""3rd day of a 1993""}","{""registration_num"": ""3731"", ""registrant_name"": ""Sidley & Austin"", ""signer_name"": ""Joseph B. Tompkins Jr."", ""file_date"": ""1993-04-23""}",0.7500,0.7500,0.8370
19930401_Representative of the Turkish Republic of Northern Cyprus_Dissemination Report_Dissemination Report.pdf,"{""registrant_name"": ""Office of the Representative of the Turkish Republic of Northern Cyprus"", ""registration_num"": ""2619"", ""signer_title"": ""Director"", ""file_date"": ""March 1993"", ""signer_name"": ""Osman Ertug""}","{""registrant_name"": ""Office of the Representative of the Turkish Republic of Northern Cyprus"", ""registration_num"": ""2619"", ""signer_name"": ""Osman Ertug - Director""}",0.4000,0.5156,0.5419
19930401_Kobe Trade Information Office_Dissemination Report_Dissemination Report.pdf,"{""registration_num"": ""2438"", ""registrant_name"": ""Kobe Trade Information Office"", ""foreign_principle_name"": ""Foreign Government Kobe Municipal Govt."", ""file_date"": ""3/30/93"", ""signer_title"": ""Director"", ""signer_name"": ""Toshiaki Baba""}","{""registration_num"": ""2438"", ""registrant_name"": ""Kobe Trade Information Office"", ""foreign_principle_name"": ""Foreign Government Kobe Municipal Govt."", ""signer_title"": ""Director"", ""signer_name"": ""Toshiaki Baba""}",0.8333,0.8333,0.8333
19930401_KOTRA_Dissemination Report_Dissemination Report.pdf,"{""registration_num"": ""1619"", ""registrant_name"": ""Korea Trade Promotion Center"", ""foreign_principle_name"": ""Korea Trade Promotion Corporation Seoul, Korea"", ""file_date"": ""April 27, 193"", ""signer_name"": ""Yong Jip Kim"", ""signer_title"": ""Executive Director""}","{""registration_num"": ""1619"", ""registrant_name"": ""Korea Trade Promotion Center"", ""foreign_principle_name"": ""Korea Trade Promotion Corporation Seoul, Korea"", ""signer_name"": ""Yong Jip Kim"", ""signer_title"": ""Executive Director""}",0.8333,0.8056,0.8333
"19930501_Arnold _ Porter Kaye Scholer, LLP_Dissemination Report_Dissemination Report.pdf","{""registration_num"": ""1750"", ""registrant_name"": ""Arnold & Porter"", ""foreign_principle_name"": ""NOGA Commodities (Overseas), Inc. (U.S. affiliate of Campagnie NOGA D'Importation et D'Exportation S.A.)"", ""file_date"": ""4/30/93"", ""signer_name"": ""Paul S. Berger"", ""signer_title"": ""Partner""}","{""registration_num"": ""1750"", ""registrant_name"": ""Arnold & Porter"", ""foreign_principle_name"": ""NOGA Commodities (Overseas), Inc."", ""signer_name"": ""Paul S. Berger"", ""signer_title"": ""Partner""}",0.6667,0.7451,0.7466
"19930501_CMGRP, Inc._Dissemination Report_Dissemination Report.pdf","{""registration_num"": ""3911"", ""registrant_name"": ""Robinson, Lake, Lerer & Montgomery/The Sawyer Miller"", ""foreign_principle_name"": ""Chile"", ""signer_name"": ""Mark Helmke"", ""file_date"": ""5/3/93"", ""signer_title"": ""President""}","{""registration_num"": ""3911"", ""registrant_name"": ""Robinson, Lake, Lerer & Montgomery/The Sawyer Miller Group"", ""foreign_principle_name"": ""Chile"", ""signer_name"": ""Mark Helmke"", ""file_date"": ""2023-05-03"", ""signer_title"": ""President""}",0.6667,0.8205,0.8789
"19930501_Hill and Knowlton Strategies, LLC_Dissemination Report_Dissemination Report.pdf","{""registration_num"": ""3301"", ""registrant_name"": ""Hill and Knowlton, Inc."", ""foreign_principle_name"": ""Permanent Mission of Angola to the Organization of American States"", ""signer_title"": ""Account Executive *"", ""signer_name"": ""Eileen Cassidy"", ""file_date"": ""5/5/93""}","{""registration_num"": ""3301"", ""registrant_name"": ""Hill and Knowlton, Inc."", ""foreign_principle_name"": ""Permanent Mission of Angola to the Organization of American States"", ""signer_title"": ""Account Executive"", ""signer_name"": ""Eileen Cassidy"", ""file_date"": ""1993-05-05""}",0.8333,0.8148,0.8889
"19930501_Far East Trade Services, Inc._Dissemination Report_Dissemination Report.pdf","{""registration_num"": ""2985"", ""registrant_name"": ""Far East Trade Service, Inc."", ""foreign_principle_name"": ""Far East Trade Service, Inc. Taipei, Taiwan, R.O.C."", ""signer_name"": ""Robert Y. Wang"", ""file_date"": ""May 3, 1993"", ""signer_title"": ""Director""}","{""registration_num"": ""2985"", ""registrant_name"": ""Far East Trade Service, Inc."", ""foreign_principle_name"": ""Far East Trade Service, Inc.\nTaipei, Taiwan, R.O.C."", ""signer_name"": ""Robert Y. Wang"", ""file_date"": ""1993-05-03"", ""signer_title"": ""Director""}",0.8333,0.8333,0.9074
"19930501_JETRO, Atlanta_Dissemination Report_Dissemination Report.pdf","{""registration_num"": ""4069"", ""registrant_name"": ""JETRO Atlanta"", ""foreign_principle_name"": ""Japan External Trade Organization"", ""file_date"": ""05-24-93"", ""signer_name"": ""Shoji Isaki"", ""signer_title"": ""Executive Director""}","{""registration_num"": ""4069"", ""registrant_name"": ""JETRO Atlanta"", ""foreign_principle_name"": ""Japan External Trade Organization"", ""signer_name"": ""Shoji Isaki"", ""signer_title"": ""Executive Director""}",0.8333,0.8333,0.8333
19930501_Representative of the Turkish Republic of Northern Cyprus_Dissemination Report_Dissemination Report.pdf,"{""registrant_name"": ""Office of the Representative of the Turkish Republic of Northern Cyprus"", ""registration_num"": ""2619"", ""signer_title"": ""Director"", ""file_date"": ""April 1993"", ""signer_name"": ""Osman Ertug""}","{""registrant_name"": ""Office of the Representative of the Turkish Republic of Northern Cyprus"", ""registration_num"": ""2619"", ""signer_name"": ""Osman Ertug - Director""}",0.4000,0.5156,0.5419
"19930501_JETRO, New York_Dissemination Report_Dissemination Report.pdf","{""registrant_name"": ""JETRO NY"", ""registration_num"": ""1643"", ""foreign_principle_name"": ""Japan External Trade Organization"", ""file_date"": ""5/10/93"", ""signer_name"": ""Robert Chiappettar"", ""signer_title"": ""Managing Editor""}","{""registrant_name"": ""JERO NY"", ""registration_num"": ""1693"", ""foreign_principle_name"": ""Japan External Trade Organization"", ""file_date"": ""1993-05-16"", ""signer_name"": ""Robert Chiappetta"", ""signer_title"": ""Managing Editor""}",0.3333,0.5000,0.8271
"19930501_JETRO, Chicago_Dissemination Report_Dissemination Report.pdf","{""registration_num"": ""1850"", ""registrant_name"": ""JETRO Chicago"", ""foreign_principle_name"": ""Japan External Trade Organization"", ""signer_name"": ""Minoru Suzuki"", ""file_date"": ""April 30, 1993"", ""signer_title"": ""Executive Director, Public Affairs""}","{""registration_num"": ""1850"", ""registrant_name"": ""JETRO Chicago"", ""foreign_principle_name"": ""Japan External Trade Organization"", ""signer_name"": ""Minoru Suzuki"", ""file_date"": ""1993-04-30"", ""signer_title"": ""Executive Director, Public Affairs""}",0.8333,0.8333,0.8968
"19930501_JETRO, Los Angeles_Dissemination Report_Dissemination Report.pdf","{""registration_num"": ""1833"", ""registrant_name"": ""JETRO, Los Angeles"", ""foreign_principle_name"": ""Japan External Trade Organization Tokyo, Japan"", ""file_date"": ""5/7/93"", ""signer_name"": ""Harumi Kamekawa"", ""signer_title"": ""Public Relations Director""}","{""registration_num"": ""1833"", ""registrant_name"": ""JETRO, Los Angeles"", ""foreign_principle_name"": ""Japan External Trade Organization Tokyo, Japan"", ""signer_name"": ""Harumi Kamekawa"", ""signer_title"": ""Public Relations Director""}",0.8333,0.8056,0.8333
19930501_Scottish Enterprise_Dissemination Report_Dissemination Report.pdf,"{""registration_num"": ""3013"", ""registrant_name"": ""Locate in Scotland"", ""foreign_principle_name"": ""Scottish Enterprise"", ""signer_title"": ""CPA"", ""file_date"": ""4/28/93"", ""signer_name"": ""James A. Coppola""}","{""registration_num"": ""3013"", ""registrant_name"": ""Locate in Scotland"", ""foreign_principle_name"": ""Scottish Enterprise Glasgow, Scotland"", ""signer_name"": ""James A. Coppola, CPA""}",0.3333,0.5778,0.5929
19930501_Office of Tibet_Dissemination Report_Dissemination Report.pdf,"{""registration_num"": ""1699"", ""registrant_name"": ""The Office of Tibet"", ""foreign_principle_name"": ""His Holiness the Dalai Lama"", ""signer_title"": ""editor"", ""file_date"": ""May 14 1993"", ""signer_name"": ""Thubten Samphel""}","{""registration_num"": ""1699"", ""registrant_name"": ""The Office of Tibet"", ""foreign_principle_name"": ""His Holiness the Dalai Lama"", ""file_date"": ""1993-05-14"", ""signer_name"": ""Thubten Samphel""}",0.6667,0.6667,0.7368
"19930601_Crowell _ Moring International, Ltd._Amendment_Amendment.pdf","{""registration_num"": ""3988"", ""registrant_name"": ""Crowell & Moring International L.P."", ""signer_name"": ""Crowell & Moring International L.P"", ""signer_title"": ""General Partner"", ""file_date"": ""28th day of June ,19_93_""}","{""registration_num"": ""3988"", ""registrant_name"": ""Crowell & Moring International L.P."", ""signer_name"": ""Doral S. Cooper"", ""signer_title"": ""President of Crowell & Moring International, Inc."", ""file_date"": ""1993-06-28""}",0.4000,0.4000,0.5618
"19930601_Far East Trade Services, Inc._Dissemination Report_Dissemination Report.pdf","{""registration_num"": ""2985"", ""registrant_name"": ""Far East Trade Service, Inc."", ""foreign_principle_name"": ""Far East Trade Service, Inc. Taipei, Taiwan R.O.C."", ""signer_name"": ""Robert Y. Wang"", ""file_date"": ""June 1, 1993"", ""signer_title"": ""Director""}","{""registration_num"": ""2985"", ""registrant_name"": ""Far East Trade Service, Inc."", ""foreign_principle_name"": ""Far East Trade Service, Inc. Taipei, Taiwan R.O.C."", ""signer_name"": ""Robert Y. Wang"", ""file_date"": ""1993-06-01"", ""signer_title"": ""Director""}",0.8333,0.8333,0.9035
"19930601_JETRO, Atlanta_Dissemination Report_Dissemination Report.pdf","{""file_date"": ""05-25-93"", ""signer_name"": ""Shoji Isaki"", ""signer_title"": ""Executive Director""}","{""file_date"": [""1993-05-25""], ""signer_name"": [""Shoji Isaki""], ""signer_title"": [""Executive Director""]}",0.6667,0.6667,0.8571
"19930601_Akin, Gump, Strauss, Hauer _ Feld, LLP_Amendment_Amendment.pdf","{""foreign_principle_name"": ""Ajinomoto U.S.A,, Inc."", ""registrant_name"": ""Akin, Gump, Strauss, Hauer & Feld, L.L.P."", ""signer_name"": ""Laurence J. Hoffman, P.C"", ""file_date"": ""June 7, 1993"", ""signer_title"": ""Partner with Power of Attorney""}","{""foreign_principle_name"": ""Ajinomoto U.S.A., Inc."", ""registrant_name"": ""Akin, Gump, Strauss, Hauer & Feld, L.L.P."", ""signer_name"": ""Laurence J. Hoffman, P.C."", ""file_date"": ""1993-06-07"", ""signer_title"": ""Partner with Power of Attorney""}",0.8000,0.8000,0.8842
"19930601_International Registries, Inc._Dissemination Report_Dissemination Report.pdf","{""registration_num"": ""4533"", ""registrant_name"": ""International Registries, Inc."", ""signer_title"": ""President"", ""file_date"": ""June 7, 1993"", ""signer_name"": ""A.N. Stewart""}","{""registration_num"": ""4533"", ""registrant_name"": ""International Registries, Inc."", ""signer_name"": ""A.N. Stewart, President""}",0.4000,0.5333,0.5167
"19930601_JETRO, Chicago_Dissemination Report_Dissemination Report.pdf","{""registration_num"": ""1850"", ""registrant_name"": ""JETRO Chicago"", ""foreign_principle_name"": ""Japan External Trade Organization"", ""file_date"": ""June 14, 1993"", ""signer_name"": ""Minoru Suzuki"", ""signer_title"": ""Executive Director, Public Affairs""}","{""registration_num"": ""1850"", ""registrant_name"": ""JETRO Chicago"", ""foreign_principle_name"": ""Japan External Trade Organization"", ""signer_name"": ""Minoru Suzuki"", ""signer_title"": ""Executive Director, Public Affairs""}",0.8333,0.8333,0.8333
"19930601_Hill and Knowlton Strategies, LLC_Dissemination Report_Dissemination Report.pdf","{""registration_num"": ""3301"", ""registrant_name"": ""HILL AND KNOWL/TON, INC."", ""foreign_principle_name"": ""Government of Israel Ministry of Industry and Trade"", ""signer_name"": ""Val Arthur Kratzman"", ""file_date"": ""6-25-93"", ""signer_title"": ""Vice President""}","{""registration_num"": ""3301"", ""registrant_name"": ""HILL AND KNOWLTON, INC."", ""foreign_principle_name"": ""Government of Israel Ministry of Industry and Trade"", ""signer_name"": ""Val Arthur Kratzman"", ""file_date"": ""1993-06-25"", ""signer_title"": ""Vice President""}",0.8333,0.8125,0.9103
"19930601_JETRO, Houston_Dissemination Report_Dissemination Report.pdf","{""registrant_name"": ""JETRO, Houston"", ""registration_num"": ""2277"", ""foreign_principle_name"": ""Japan External Trade Organization Tokyo, Japan"", ""signer_name"": ""Hiroyuki Nemoto"", ""file_date"": ""May 28, 1993"", ""signer_title"": ""Director of Public Relations""}","{""registrant_name"": ""JETRO, Houston"", ""registration_num"": ""2277"", ""foreign_principle_name"": ""Japan External Trade Organization Tokyo, Japan"", ""signer_name"": ""Hiroyuki Nemoto"", ""file_date"": ""1993-05-28"", ""signer_title"": ""Director of Public Relations""}",0.8333,0.8056,0.9035
"19930601_NHK Cosmomedia America, Inc._Amendment_Amendment.pdf","{""registrant_name"": ""Japan Network Group, Inc."", ""registration_num"": ""4490"", ""signer_name"": ""Takao Yoneyama"", ""signer_title"": ""President"", ""file_date"": ""28th day of June . 93""}","{""registrant_name"": ""Japan Network Group, Inc."", ""registration_num"": ""4490"", ""signer_name"": ""Takao Yoneyama"", ""signer_title"": ""President"", ""file_date"": ""1994-08-13""}",0.8000,0.8000,0.8296
"19930601_JETRO, New York_Dissemination Report_Dissemination Report.pdf","{""registration_num"": ""1643"", ""registrant_name"": ""JETRO, New York"", ""foreign_principle_name"": ""Japan External Trade Organization"", ""signer_name"": ""Kunio Ito"", ""file_date"": ""June 4, 1993"", ""signer_title"": ""Director, Public Affairs""}","{""registration_num"": ""1643"", ""registrant_name"": ""JETRO, New York"", ""foreign_principle_name"": ""Japan External Trade Organization"", ""signer_name"": ""Kunio Ito"", ""file_date"": ""1993-06-04"", ""signer_title"": ""Director, Public Affairs""}",0.8333,0.8333,0.9035
"19930701_Far East Trade Services, Inc._Dissemination Report_Dissemination Report.pdf","{""registration_num"": ""2985"", ""registrant_name"": ""Far East Trade Service, Inc."", ""foreign_principle_name"": ""Far East Trade Service, Inc. Taipei, Taiwan, R.O.C."", ""signer_name"": ""Robert Y. Wang"", ""file_date"": ""July 6, 1993"", ""signer_title"": ""Director""}","{""registration_num"": ""2985"", ""registrant_name"": ""Far East Trade Service, Inc."", ""foreign_principle_name"": ""Far East Trade Service, Inc. Taipei, Taiwan, R.O.C."", ""signer_name"": ""Robert Y. Wang"", ""file_date"": ""1993-07-06"", ""signer_title"": ""Director""}",0.8333,0.8333,0.9035
"19930701_Hill and Knowlton Strategies, LLC_Dissemination Report_Dissemination Report.pdf","{""registration_num"": ""3301"", ""registrant_name"": ""Hill and Knowlton, Inc."", ""foreign_principle_name"": ""Republic of Turkey"", ""file_date"": ""6/29/93"", ""signer_name"": ""Arzu Tuncata"", ""signer_title"": ""Vice President""}","{""registration_num"": ""3301"", ""registrant_name"": ""Hill and Knowlton, Inc."", ""foreign_principle_name"": ""Republic of Turkey"", ""signer_name"": ""Arzu Tuncata"", ""signer_title"": ""Vice President""}",0.8333,0.8333,0.8333
"19930701_JETRO, Chicago_Dissemination Report_Dissemination Report.pdf","{""registration_num"": ""1850"", ""registrant_name"": ""JETRO Chicago"", ""foreign_principle_name"": ""Japan External Trade Organization"", ""file_date"": ""July 22, 1993"", ""signer_name"": ""Minoru Suzuki"", ""signer_title"": ""Executive Director, Public Affairs""}","{""registration_num"": ""1850"", ""registrant_name"": ""JETRO Chicago"", ""foreign_principle_name"": ""Japan External Trade Organization"", ""signer_name"": ""Minoru Suzuki"", ""signer_title"": ""Executive Director, Public Affairs""}",0.8333,0.8333,0.8333
"19930701_JETRO, Atlanta_Dissemination Report_Dissemination Report.pdf","{""registration_num"": ""4069"", ""registrant_name"": ""JETRO Atlanta"", ""foreign_principle_name"": ""Japan External Trade Organization"", ""signer_name"": ""Shoji Isaki"", ""file_date"": ""07-20-93"", ""signer_title"": ""Executive Director""}","{""registration_num"": ""4069"", ""registrant_name"": ""JETRO Atlanta"", ""foreign_principle_name"": ""Japan External Trade Organization"", ""signer_name"": ""Shoji Isaki"", ""file_date"": ""1993-07-20"", ""signer_title"": ""Executive Director""}",0.8333,0.8333,0.9286
19930701_Hogan Lovells US LLP_Dissemination Report_Dissemination Report.pdf,"{""registration_num"": ""2244"", ""registrant_name"": ""Hogan & Hartson"", ""foreign_principle_name"": ""Government of Haiti"", ""signer_title"": ""Partner"", ""signer_name"": ""T. Clark Weymouth"", ""file_date"": ""July 23, 1993""}","{""registration_num"": ""2244"", ""registrant_name"": ""Hogan & Hartson"", ""foreign_principle_name"": ""Government of Haiti"", ""signer_name"": ""T. Clark Weymouth"", ""file_date"": ""1993-07-23""}",0.6667,0.6667,0.7333
"19930701_JETRO, Houston_Dissemination Report_Dissemination Report.pdf","{""registrant_name"": ""JETRO-Houston"", ""registration_num"": ""2277"", ""foreign_principle_name"": ""Japan External Trade Organization"", ""signer_name"": ""Yoshiki Sato"", ""file_date"": ""07-08-93"", ""signer_title"": ""Executive Director""}","{""registrant_name"": ""JETRO-Houston"", ""registration_num"": ""2277"", ""foreign_principle_name"": ""Japan External Trade Organization"", ""signer_name"": ""Yoshiki Sato"", ""file_date"": ""1993-07-08"", ""signer_title"": ""Executive Director""}",0.8333,0.8333,0.9286
"19930701_JETRO, Los Angeles_Dissemination Report_Dissemination Report.pdf","{""registration_num"": ""1833"", ""registrant_name"": ""JETRO, Los Angeles"", ""foreign_principle_name"": ""Japan External Trade Organization Tokyo, Japan"", ""file_date"": ""7/9/93"", ""signer_name"": ""Harumi Kamekawa"", ""signer_title"": ""Public Relations Director""}","{""registration_num"": ""1833"", ""registrant_name"": ""JETRO, Los Angeles"", ""foreign_principle_name"": ""Japan External Trade Organization Tokyo, Japan"", ""signer_name"": ""Harumi Kamekawa"", ""signer_title"": ""Public Relations Director""}",0.8333,0.8056,0.8333
"19930701_JETRO, New York_Dissemination Report_Dissemination Report.pdf","{""registration_num"": ""1643"", ""registrant_name"": ""JETRO, New York"", ""foreign_principle_name"": ""Japan External Trade Organization"", ""signer_name"": ""Michiro Hayashi"", ""file_date"": ""July 16, 1993"", ""signer_title"": ""Director, Public Affairs""}","{""registration_num"": ""1643"", ""registrant_name"": ""JETRO, New York"", ""foreign_principle_name"": ""Japan External Trade Organization"", ""signer_name"": ""Michiro Hayashi"", ""file_date"": ""1993-07-16"", ""signer_title"": ""Director, Public Affairs""}",0.8333,0.8333,0.9000
19930701_Quebec Government Office_Dissemination Report_Dissemination Report.pdf,"{""registration_num"": ""1787"", ""registrant_name"": ""Qu\u00e9bec Government House"", ""foreign_principle_name"": ""Qu\u00e9bec Government"", ""file_date"": ""7/9/93"", ""signer_name"": ""Reed Scowen"", ""signer_title"": ""Delegate General""}","{""registration_num"": ""1787"", ""registrant_name"": ""Qu\u00e9bec Government House"", ""foreign_principle_name"": ""Qu\u00e9bec Government"", ""signer_name"": ""Reed Scowen"", ""signer_title"": ""Delegate General""}",0.8333,0.8333,0.8333
"19930801_CMGRP, Inc._Dissemination Report_Dissemination Report.pdf","{""registrant_name"": ""Robinson, Lake, Lerer & Montgomery/ The Sawyer Miller Group"", ""registration_num"": ""3911"", ""foreign_principle_name"": ""ProChile"", ""signer_name"": ""Mark Helmke"", ""file_date"": ""8.5-93"", ""signer_title"": ""President""}","{""registrant_name"": ""Robinson, Lake, Lerer & Montgomery/ The Sawyer Miller Group"", ""registration_num"": ""3911"", ""foreign_principle_name"": ""ProChile"", ""signer_name"": ""Mark Helmke"", ""file_date"": ""1993-08-05"", ""signer_title"": ""President""}",0.8333,0.8333,0.8889
"19930701_Oromo Liberation Front, North America Office_Dissemination Report_Dissemination Report.pdf","{""registration_num"": ""4610"", ""registrant_name"": ""Tamam A. yousso ssouf"", ""foreign_principle_name"": ""Oromo Liberation front (OCF)"", ""signer_name"": ""Taman A. Youssouf"", ""file_date"": ""07/14/93"", ""signer_title"": ""OLF, N. Am. Rep.""}","{""registration_num"": ""4610"", ""registrant_name"": ""Tamam A. Youssouf"", ""foreign_principle_name"": ""Oromo Liberation Front (OLF)"", ""signer_name"": ""Tamam A. Youssouf"", ""file_date"": ""1993-07-14"", ""signer_title"": ""OLF, W. Mm. Rep.""}",0.1667,0.5250,0.8616
"19930801_Hill and Knowlton Strategies, LLC_Dissemination Report_Dissemination Report.pdf","{""registration_num"": ""3301"", ""registrant_name"": ""Hill and Knowlton, Inc."", ""foreign_principle_name"": ""Government of Israel Ministry of Industry and Trade"", ""signer_name"": ""Val Arthur Kratzman"", ""signer_title"": ""Vice President"", ""file_date"": ""7-29-93""}","{""registration_num"": ""3301"", ""registrant_name"": ""Hill and Knowlton, Inc."", ""foreign_principle_name"": ""Government of Israel Ministry of Industry and Trade"", ""signer_name"": ""Val Arthur Kratzman"", ""signer_title"": ""Vice President"", ""file_date"": ""1993-07-29""}",0.8333,0.8125,0.9103
19930801_Ethiopian People_s Revolutionary Party_Dissemination Report_Dissemination Report.pdf,"{""registration_num"": ""4789"", ""registrant_name"": ""ETHIOPIAN PEOPLES REVOLUTIONARY PARTY"", ""foreign_principle_name"": ""transmitted. ETHIOPIAN PEOPLES REVOLUTIONARY PARTY"", ""signer_name"": ""Name and title FASSIKA BELLETTE"", ""file_date"": ""08/09/93"", ""signer_title"": ""SPOKES - PERSON""}","{""registration_num"": ""4769"", ""registrant_name"": ""ETHIOPIAN PEOPLES REVOLUTIONARY PARTY"", ""foreign_principle_name"": ""ETHIOPIAN PEOPLES REVOLUTIONARY PARTY"", ""signer_name"": ""Fassika Bellette"", ""file_date"": ""1993-05-09"", ""signer_title"": ""Spokesperson""}",0.1667,0.4101,0.7800
"19930801_International Registries, Inc._Dissemination Report_Dissemination Report.pdf","{""registration_num"": ""4533"", ""registrant_name"": ""International Registries, Inc."", ""signer_name"": ""A.N. Stewart"", ""signer_title"": ""President"", ""file_date"": ""July 23, 1993""}","{""registration_num"": ""4533"", ""registrant_name"": ""International Registries, Inc."", ""signer_name"": ""A.N. Stewart"", ""signer_title"": ""President"", ""file_date"": ""1993-07-23""}",0.8000,0.8000,0.8800
"19930801_Far East Trade Services, Inc._Dissemination Report_Dissemination Report.pdf","{""registration_num"": ""2985"", ""registrant_name"": ""Far East Trade Service, Inc."", ""foreign_principle_name"": ""Far East Trade Service, Inc. Taipei, Taiwan, R. O. C."", ""file_date"": ""Aug. 2, 1993"", ""signer_name"": ""Robert Y. Wang"", ""signer_title"": ""Director""}","{""registration_num"": ""2985"", ""registrant_name"": ""Far East Trade Service, Inc."", ""foreign_principle_name"": ""Far East Trade Service, Inc. Taipei, Taiwan, R. O. C."", ""signer_name"": ""Robert Y. Wang"", ""signer_title"": ""Director""}",0.8333,0.8333,0.8333
"19930801_Akin, Gump, Strauss, Hauer _ Feld, LLP_Dissemination Report_Dissemination Report.pdf","{""registration_num"": ""3492"", ""registrant_name"": ""Akin, Gump, Strauss, Hauer & Feld, L.L.P"", ""foreign_principle_name"": ""Government of Norway"", ""signer_name"": ""Joel Jankowsky, P.C."", ""file_date"": ""August 3, 1993"", ""signer_title"": ""Partner with Power of Attorney""}","{""registration_num"": ""3492"", ""registrant_name"": ""Akin, Gump, Strauss, Hauer & Feld, L.L.P."", ""foreign_principle_name"": ""Government of Norway"", ""signer_name"": ""Joel Jankowsky, P.C."", ""file_date"": ""1993-08-03"", ""signer_title"": ""Partner with Power of Attorney""}",0.8333,0.8333,0.8968
"19930801_JETRO, Atlanta_Dissemination Report_Dissemination Report.pdf","{""registration_num"": ""4069"", ""registrant_name"": ""JETRO Atlanta"", ""foreign_principle_name"": ""Japan External Trade Organization"", ""file_date"": ""08-02-93"", ""signer_name"": ""Shoji Isaki"", ""signer_title"": ""Executive Director""}","{""registration_num"": ""4069"", ""registrant_name"": ""JETRO Atlanta"", ""foreign_principle_name"": ""Japan External Trade Organization"", ""signer_name"": ""Shoji Isaki"", ""signer_title"": ""Executive Director""}",0.8333,0.8333,0.8333
"19930801_JETRO, Los Angeles_Dissemination Report_Dissemination Report.pdf","{""registration_num"": ""1833"", ""registrant_name"": ""JETRO, Los Angeles"", ""foreign_principle_name"": ""Japan External Trade Organization Tokyo, Japan"", ""signer_name"": ""Harumi Kamekawa"", ""file_date"": ""8/6/93"", ""signer_title"": ""Public Relations Director""}","{""registration_num"": ""1833"", ""registrant_name"": ""JETRO, Los Angeles"", ""foreign_principle_name"": ""Japan External Trade Organization Tokyo, Japan"", ""signer_name"": ""Harumi Kamekawa"", ""file_date"": ""1993-08-06"", ""signer_title"": ""Public Relations Director""}",0.8333,0.8056,0.8889
19930801_Office of Tibet_Dissemination Report_Dissemination Report.pdf,"{""registrant_name"": ""The Office of Tibet"", ""registration_num"": ""1699"", ""foreign_principle_name"": ""His Holiness the Dalai Lama"", ""signer_name"": ""Thubten Sampheli"", ""file_date"": ""16 August 1993"", ""signer_title"": ""editor""}","{""registrant_name"": ""The Office of Tibet"", ""registration_num"": ""1699"", ""foreign_principle_name"": ""His Holiness the Dalai Lama"", ""signer_name"": ""Thubten Samphel"", ""file_date"": ""1993-08-16"", ""signer_title"": ""Editor""}",0.6667,0.7500,0.8886
19930801_Representative of the Turkish Republic of Northern Cyprus_Dissemination Report_Dissemination Report.pdf,"{""registrant_name"": ""Office of the Representative of the Turkish Republic of Northern Cyprus"", ""registration_num"": ""2619"", ""signer_title"": ""Director"", ""signer_name"": ""Osman Ertug"", ""file_date"": ""August 18, 1993""}","{""registrant_name"": ""Office of the Representative of the Turkish Republic of Northern Cyprus"", ""registration_num"": ""2619"", ""signer_title"": ""Director"", ""signer_name"": ""Osman Ertug"", ""file_date"": ""1993-08-18""}",0.8000,0.7556,0.8727
19930801_Quebec Government Office_Dissemination Report_Dissemination Report.pdf,"{""registration_num"": ""1787"", ""registrant_name"": ""Qu\u00e9bec Government House"", ""foreign_principle_name"": ""transmec Government"", ""signer_name"": ""Reed Scowen"", ""signer_title"": ""Delegate General"", ""file_date"": ""8/19/93""}","{""registration_num"": ""1787"", ""registrant_name"": ""Qu\u00e9bec Government House"", ""foreign_principle_name"": ""Qu\u00e9bec Government"", ""signer_name"": ""Reed Scowen"", ""signer_title"": ""Delegate General"", ""file_date"": ""1993-08-19""}",0.6667,0.7500,0.8896
19930801_Scottish Enterprise_Dissemination Report_Dissemination Report.pdf,"{""registration_num"": ""3013"", ""registrant_name"": ""Locate in Scotland"", ""foreign_principle_name"": ""Scottish Enterprise Glasgow, Scotland"", ""signer_title"": ""CPA"", ""file_date"": ""8/24/93"", ""signer_name"": ""James A. Coppola""}","{""registration_num"": ""3013"", ""registrant_name"": ""Locate in Scotland"", ""foreign_principle_name"": ""Scottish Enterprise Glasgow, Scotland"", ""signer_name"": ""James A. Coppola, CPA""}",0.5000,0.6333,0.6444
19930901_Hogan Lovells US LLP_Amendment_Amendment.pdf,"{""registration_num"": ""2244"", ""registrant_name"": ""Hogan & Hartson"", ""signer_name"": ""Mark S. McConnell/"", ""signer_title"": ""Partner"", ""file_date"": ""1993 20th day of""}","{""registration_num"": ""2244"", ""registrant_name"": ""Hogan & Hartson"", ""signer_name"": ""Mark S. McConnell"", ""signer_title"": ""Partner"", ""file_date"": ""1994-09-20""}",0.8000,0.8000,0.8833
"19930901_Hill and Knowlton Strategies, LLC_Dissemination Report_Dissemination Report.pdf","{""registration_num"": ""3301"", ""registrant_name"": ""Hill and Knowlton, Inc."", ""foreign_principle_name"": ""The Republic of Turkey"", ""file_date"": ""9/7/93"", ""signer_title"": ""Vice Chairman"", ""signer_name"": ""Frank Mankiewicz""}","{""registration_num"": ""3301"", ""registrant_name"": ""Hill and Knowlton, Inc."", ""foreign_principle_name"": ""The Republic of Turkey"", ""signer_title"": ""Vice Chairman"", ""signer_name"": ""Frank Mankiewicz""}",0.8333,0.8333,0.8333
"19930901_Far East Trade Services, Inc._Dissemination Report_Dissemination Report.pdf","{""registration_num"": ""2985"", ""registrant_name"": ""Far East Trade Service, Inc."", ""foreign_principle_name"": ""Far East Trade Service, Inc. Taipei, Taiwan, R.O.C."", ""signer_name"": ""Robert Y. Wang"", ""file_date"": ""Sept.1,1993"", ""signer_title"": ""Director""}","{""registration_num"": ""2985"", ""registrant_name"": ""Far East Trade Service, Inc."", ""foreign_principle_name"": ""Far East Trade Service, Inc. Taipei, Taiwan, R.O.C."", ""signer_name"": ""Robert Y. Wang"", ""file_date"": ""1993-09-01"", ""signer_title"": ""Director""}",0.8333,0.8333,0.9118
19930901_Ethiopian People_s Revolutionary Party_Dissemination Report_Dissemination Report.pdf,"{""registrant_name"": ""ETHIOPIAN PEOPLES REVOLUTIONARY PARTY"", ""registration_num"": ""4789"", ""foreign_principle_name"": ""PEOPLES REVOLUTDOWN ETHIOPIAN PARTY"", ""signer_name"": ""Fassila Belletto"", ""file_date"": ""09/13/93"", ""signer_title"": ""SPOKES - PERSON""}","{""registrant_name"": ""ETHIOPIAN PEOPLES REVOLUTIONARY PARTY"", ""registration_num"": ""4789"", ""foreign_principle_name"": ""ETHIOPIAN PEOPLES REVOLUTIONARY PARTY"", ""signer_name"": ""Fasih Bellotte"", ""file_date"": ""1993-09-13"", ""signer_title"": ""Spokes-Person""}",0.3333,0.4583,0.8219
19930901_Hogan Lovells US LLP_Dissemination Report_Dissemination Report.pdf,"{""registration_num"": ""2244"", ""registrant_name"": ""Hogan & Hartson"", ""foreign_principle_name"": ""Government of Haiti"", ""signer_title"": ""Partner"", ""signer_name"": ""T. Clark Weymouth"", ""file_date"": ""Sept. 21, 1993""}","{""registration_num"": ""2244"", ""registrant_name"": ""Hogan & Hartson"", ""foreign_principle_name"": ""Government of Haiti"", ""signer_name"": ""T. Clark Weymouth"", ""file_date"": ""1993-09-21""}",0.6667,0.6667,0.7333
"19930901_JETRO, Atlanta_Dissemination Report_Dissemination Report.pdf","{""registration_num"": ""4069"", ""registrant_name"": ""JETRO Atlanta"", ""foreign_principle_name"": ""Japan External Trade Organization"", ""file_date"": ""09-03-93"", ""signer_name"": ""Shoji Isaki"", ""signer_title"": ""Executive Director""}","{""registration_num"": ""4069"", ""registrant_name"": ""JETRO Atlanta"", ""foreign_principle_name"": ""Japan External Trade Organization"", ""signer_name"": ""Shoji Isaki"", ""signer_title"": ""Executive Director""}",0.8333,0.8333,0.8333
"19930901_JETRO, Chicago_Dissemination Report_Dissemination Report.pdf","{""registrant_name"": ""JETRO Chicago"", ""registration_num"": ""1850"", ""foreign_principle_name"": ""Japan External Trade Organization"", ""file_date"": ""Sept. 8, 1993"", ""signer_name"": ""Minoru Suzuki"", ""signer_title"": ""Executive Dir., Public Affairs""}","{""registrant_name"": ""JETRO Chicago"", ""registration_num"": ""1850"", ""foreign_principle_name"": ""Japan External Trade Organization"", ""signer_name"": ""Minoru Suzuki"", ""signer_title"": ""Executive Dir., Public Affairs""}",0.8333,0.8333,0.8333
"19930901_Akin, Gump, Strauss, Hauer _ Feld, LLP_Dissemination Report_Dissemination Report.pdf","{""registration_num"": ""3492"", ""registrant_name"": ""Akin, Gump, Strauss, Hauer & Feld, L.L.P."", ""foreign_principle_name"": ""Government of Norway"", ""signer_name"": ""Joel Jankowsky, P.C."", ""file_date"": ""9/23/93"", ""signer_title"": ""Partner with Power of Attorney""}","{""registration_num"": ""3492"", ""registrant_name"": ""Akin, Gump, Strauss, Hauer & Feld, L.L.P."", ""foreign_principle_name"": ""Government of Norway"", ""signer_name"": ""Joel Jankowsky, P.C."", ""file_date"": ""1993-09-23"", ""signer_title"": ""Partner with Power of Attorney""}",0.8333,0.8333,0.9103
"19930901_JETRO, Los Angeles_Dissemination Report_Dissemination Report.pdf","{""registrant_name"": ""JETRO, Los Angeles"", ""registration_num"": ""1833"", ""foreign_principle_name"": ""Japan External Trade Organization Tokyo, Japan"", ""signer_name"": ""Harumi Kamekawa"", ""signer_title"": ""Public Relations Director""}","{""registrant_name"": ""JETRO, Los Angeles"", ""registration_num"": ""1833"", ""foreign_principle_name"": ""Japan External Trade Organization Tokyo, Japan"", ""signer_name"": ""Harumi Kamekawa"", ""signer_title"": ""Public Relations Director""}",1.0000,0.9667,1.0000
19930901_Scottish Enterprise_Dissemination Report_Dissemination Report.pdf,"{""registration_num"": ""3013"", ""registrant_name"": ""Locate in Scotland"", ""foreign_principle_name"": ""Scottish Enterprise Glasgow, Scotland"", ""signer_title"": ""CPA"", ""file_date"": ""9/22/93"", ""signer_name"": ""James A. Coppola""}","{""registration_num"": ""3013"", ""registrant_name"": ""Locate in Scotland"", ""foreign_principle_name"": ""Scottish Enterprise Glasgow, Scotland"", ""signer_name"": ""James A. Coppola, CPA""}",0.5000,0.6333,0.6444
"19930901_JETRO, New York_Dissemination Report_Dissemination Report.pdf","{""registration_num"": ""1643"", ""registrant_name"": ""JETRO, New York"", ""foreign_principle_name"": ""Japan External Trade Organization"", ""signer_name"": ""Michiro Hayashi"", ""file_date"": ""Septebmer 20, 1993"", ""signer_title"": ""Director, Public Affairs""}","{""registration_num"": ""1643"", ""registrant_name"": ""JETRO, New York"", ""foreign_principle_name"": ""Japan External Trade Organization"", ""signer_name"": ""Michiro Hayashi"", ""file_date"": ""1993-09-20"", ""signer_title"": ""Director, Public Affairs""}",0.8333,0.8333,0.8867
"19931001_CMGRP, Inc._Dissemination Report_Dissemination Report.pdf","{""registrant_name"": ""Robinson, Lake, Lerer & Montgomery/The Sawyer Miller Group"", ""registration_num"": ""3911"", ""foreign_principle_name"": ""ProChile"", ""signer_name"": ""Mark Helmke"", ""file_date"": ""10/13/93"", ""signer_title"": ""President""}","{""registrant_name"": ""Robinson, Lake, Lerer & Montgomery/The Sawyer Miller Group"", ""registration_num"": ""3911"", ""foreign_principle_name"": ""ProChile"", ""signer_name"": ""Mark Helmke"", ""file_date"": ""1993-10-13"", ""signer_title"": ""President""}",0.8333,0.8333,0.9286
"19931001_Hill and Knowlton Strategies, LLC_Dissemination Report_Dissemination Report.pdf","{""registrant_name"": ""Hill and Knowlton Inc."", ""registration_num"": ""3301"", ""foreign_principle_name"": ""National Development Information Office"", ""file_date"": ""10/14/93"", ""signer_name"": ""Anthony Whittingham"", ""signer_title"": ""Vice President""}","{""registrant_name"": ""Hill and Knowlton Inc."", ""registration_num"": ""3301"", ""foreign_principle_name"": ""National Development Information Office"", ""signer_name"": ""Anthony Whittingham"", ""signer_title"": ""Vice President""}",0.8333,0.8333,0.8333
19931001_Ethiopian People_s Revolutionary Party_Dissemination Report_Dissemination Report.pdf,"{""registration_num"": ""4789"", ""registrant_name"": ""ETHIOPIAN PEOPLES REVOLUTIONARY PARTY"", ""foreign_principle_name"": ""ETHIOPIAN PEOPLES REVOLUTIONARYPARTY"", ""signer_name"": ""FASSIKA BELLETTE"", ""file_date"": ""10/11/93"", ""signer_title"": ""SPOKES - PERSON""}","{""registration_num"": ""4789"", ""registrant_name"": ""ETHIOPIAN PEOPLES REVOLUTIONARY PARTY"", ""foreign_principle_name"": ""ETHIOPIAN PEOPLES REVOLUTIONARY PARTY"", ""signer_name"": ""Fassika Bellette"", ""file_date"": ""1993-10-11"", ""signer_title"": ""Spokesperson""}",0.5000,0.5952,0.9196
"19931001_JETRO, Atlanta_Dissemination Report_Dissemination Report.pdf","{""registration_num"": ""4069"", ""registrant_name"": ""JETRO Atlanta"", ""foreign_principle_name"": ""Japan External trade Organization"", ""signer_name"": ""Shoji Isaki"", ""file_date"": ""10-14-93"", ""signer_title"": ""Executive Director""}","{""registration_num"": ""4069"", ""registrant_name"": ""JETRO Atlanta"", ""foreign_principle_name"": ""Japan External Trade Organization"", ""signer_name"": ""Shoji Isaki"", ""file_date"": ""1993-10-14"", ""signer_title"": ""Executive Director""}",0.8333,0.8333,0.9286
"19931001_JETRO, Houston_Dissemination Report_Dissemination Report.pdf","{""registration_num"": ""2277"", ""registrant_name"": ""JETRO-Houston -"", ""foreign_principle_name"": ""Japan External Trade Organization"", ""signer_name"": ""Yoshiki Sato"", ""file_date"": ""09-30-93"", ""signer_title"": ""Executive Director""}","{""registration_num"": ""2277"", ""registrant_name"": ""JETRO-Houston"", ""foreign_principle_name"": ""Japan External Trade Organization"", ""signer_name"": ""Yoshiki Sato"", ""file_date"": ""1993-09-30"", ""signer_title"": ""Executive Director""}",0.8333,0.8333,0.9524
"19931001_JETRO, Los Angeles_Dissemination Report_Dissemination Report.pdf","{""registrant_name"": ""JETRO, Los Angeles"", ""registration_num"": ""1833"", ""foreign_principle_name"": ""JETRO, Tokyo Tokyo, Japan"", ""signer_name"": ""Kenjiro Ishiwata"", ""file_date"": ""Oct. 14, '93"", ""signer_title"": ""Executive Director""}","{""registrant_name"": ""JETRO, Los Angeles"", ""registration_num"": ""1833"", ""foreign_principle_name"": ""JETRO, Tokyo, Japan"", ""signer_name"": ""Kenjiro Ishiwata"", ""file_date"": ""1993-10-14"", ""signer_title"": ""Executive Director""}",0.6667,0.8095,0.8475
19931001_Hogan Lovells US LLP_Dissemination Report_Dissemination Report.pdf,"{""registration_num"": ""2244"", ""registrant_name"": ""Hogan & Hartson"", ""foreign_principle_name"": ""Government of Haiti"", ""file_date"": ""10/25/93"", ""signer_title"": ""Partner"", ""signer_name"": ""T. Clark Weymouth""}","{""registration_num"": ""2244"", ""registrant_name"": ""Hogan & Hartson"", ""foreign_principle_name"": ""Government of Haiti"", ""file_date"": ""1993-10-25"", ""signer_name"": ""T. Clark Weymouth""}",0.6667,0.6667,0.7619
"19931001_JETRO, New York_Dissemination Report_Dissemination Report.pdf","{""registration_num"": ""1643"", ""registrant_name"": ""JETRO New York"", ""foreign_principle_name"": ""Japan External Trade Organization"", ""signer_name"": ""Michiro Hayashi"", ""file_date"": ""Oct. 1, 1993"", ""signer_title"": ""Director, Public Affairs""}","{""registration_num"": ""1643"", ""registrant_name"": ""JETRO New York"", ""foreign_principle_name"": ""Japan External Trade Organization"", ""signer_name"": ""Michiro Hayashi"", ""file_date"": ""1993-10-01"", ""signer_title"": ""Director, Public Affairs""}",0.8333,0.8333,0.9074
19931001_Kobe Trade Information Office_Dissemination Report_Dissemination Report.pdf,"{""registration_num"": ""2438"", ""registrant_name"": ""Kobe Trade Information Office"", ""foreign_principle_name"": ""Foreign Government: Kobe Municipal Govt."", ""signer_name"": ""Toshiaki Baba"", ""signer_title"": ""Director"", ""file_date"": ""10/07/93""}","{""registration_num"": ""2438"", ""registrant_name"": ""Kobe Trade Information Office"", ""foreign_principle_name"": ""Foreign Government: Kobe Municipal Govt."", ""signer_name"": ""Toshiaki Baba"", ""signer_title"": ""Director"", ""file_date"": ""1993-10-07""}",0.8333,0.8333,0.9286
"19931001_Public Strategies Washington, Inc._Dissemination Report_Dissemination Report.pdf","{""registrant_name"": ""Paul M. Snyder! Public Strategies Washington, Inc."", ""registration_num"": ""4486"", ""foreign_principle_name"": ""Mexico/SECOFI"", ""signer_name"": ""Paul M.Snyderill"", ""file_date"": ""October 20, 1993"", ""signer_title"": ""Prezident""}","{""registrant_name"": ""Paul M. Snyder"", ""registration_num"": ""4486"", ""foreign_principle_name"": ""Mexico/SECOFI"", ""signer_name"": ""Paul M. Snyder"", ""file_date"": ""1993-10-20"", ""signer_title"": ""President""}",0.3333,0.5000,0.7558
19931001_Maseng Communications_Dissemination Report_Dissemination Report.pdf,"{""registrant_name"": ""Maseng Communications"", ""registration_num"": ""4660"", ""foreign_principle_name"": ""Japan Automobile Manufacturers Association, Inc."", ""signer_name"": ""MARI MASENG WILL"", ""file_date"": ""10/5/93"", ""signer_title"": ""PRINCIPAL""}","{""registrant_name"": ""Maseng Communications"", ""registration_num"": ""4660"", ""foreign_principle_name"": ""Japan Automobile Manufacturers Association, Inc."", ""signer_name"": ""MARI MASENG WILL"", ""file_date"": ""1993-10-05"", ""signer_title"": ""PRINCIPAL""}",0.8333,0.8333,0.9103
19931001_Representative of the Turkish Republic of Northern Cyprus_Dissemination Report_Dissemination Report.pdf,"{""registrant_name"": ""Office of the Representative of the Turkish Republic of Northern Cyprus"", ""registration_num"": ""2619"", ""file_date"": ""September 27, 1993"", ""signer_title"": ""Director"", ""signer_name"": ""Osman Ertug""}","{""registrant_name"": ""Office of the Representative of the Turkish Republic of Northern Cyprus"", ""registration_num"": ""2619"", ""signer_title"": ""Director"", ""signer_name"": ""Osman Ertug""}",0.8000,0.7556,0.8000
19931001_Quebec Government Office_Dissemination Report_Dissemination Report.pdf,"{""registration_num"": ""1787"", ""registrant_name"": ""Qu\u00e9bec Government House"", ""foreign_principle_name"": ""Qu\u00e9bec Government"", ""file_date"": ""10/1/93"", ""signer_title"": ""Delegate General"", ""signer_name"": ""Reed Scowen,""}","{""registration_num"": ""1787"", ""registrant_name"": ""Qu\u00e9bec Government House"", ""foreign_principle_name"": ""Qu\u00e9bec Government"", ""signer_title"": ""Delegate General"", ""signer_name"": ""Reed Scowen""}",0.8333,0.8333,0.8333
"19931001_Squire Patton Boggs, LLP_Amendment_Amendment.pdf","{""registrant_name"": ""Patton, Boggs & Blow"", ""registration_num"": ""2165"", ""signer_name"": ""Timothy J. May"", ""signer_title"": ""Managing Partner"", ""file_date"": ""October 93 12 thday of""}","{""registrant_name"": ""Patton, Boggs & Blow"", ""registration_num"": ""2165"", ""signer_name"": ""Timothy J. May"", ""signer_title"": ""Managing Partner"", ""file_date"": ""1993-10-12""}",0.8000,0.8000,0.8533
"19931101_Hill and Knowlton Strategies, LLC_Dissemination Report_Dissemination Report.pdf","{""registration_num"": ""3301"", ""registrant_name"": ""Hill and Knowlton, Inc."", ""foreign_principle_name"": ""Republic of Turkey"", ""signer_title"": ""Vice President"", ""file_date"": ""11/23/93"", ""signer_name"": ""Arzu Tuncata""}","{""registration_num"": ""3301"", ""registrant_name"": ""Hill and Knowlton, Inc."", ""foreign_principle_name"": ""Republic of Turkey"", ""signer_name"": ""Arzu Tuncata""}",0.6667,0.6667,0.6667
19931101_Hogan Lovells US LLP_Dissemination Report_Dissemination Report.pdf,"{""registration_num"": ""2244"", ""registrant_name"": ""Hogan & Hartson"", ""foreign_principle_name"": ""Government of Haiti"", ""file_date"": ""Nov. 12, 1993"", ""signer_title"": ""Partner"", ""signer_name"": ""T. clark Weymouth,""}","{""registration_num"": ""2244"", ""registrant_name"": ""Hogan & Hartson"", ""foreign_principle_name"": ""Government of Haiti"", ""signer_name"": ""T. Clark Weymouth""}",0.6667,0.6667,0.6667
"19931101_CMGRP, Inc._Dissemination Report_Dissemination Report.pdf","{""registrant_name"": ""Robinson, Lake, Lerer & Montgomery/The Sawyer Miller Group"", ""registration_num"": ""3911"", ""foreign_principle_name"": ""Fundacion Pro-Imagen de Colombia en el Exterior"", ""signer_name"": ""Mark Helmke"", ""file_date"": ""11/5/93"", ""signer_title"": ""President""}","{""registrant_name"": ""Robinson, Lake, Lerer & Montgomery/The Sawyer Miller Group"", ""registration_num"": ""3911"", ""foreign_principle_name"": ""Fundacion Pro-Imagen de Colombia en el Exterior"", ""signer_name"": ""Mark Helmke"", ""file_date"": ""1993-11-05"", ""signer_title"": ""President""}",0.8333,0.8333,0.9103
"19931101_JETRO, Los Angeles_Dissemination Report_Dissemination Report.pdf","{""registration_num"": ""1833"", ""registrant_name"": ""JETRO, Los Angeles"", ""foreign_principle_name"": ""Japan External Trade Organization Tokyo, Japan"", ""signer_name"": ""Harumi Kamekawa"", ""file_date"": ""11/22/93"", ""signer_title"": ""Public Relations Director""}","{""registration_num"": ""1833"", ""registrant_name"": ""JETRO, Los Angeles"", ""foreign_principle_name"": ""Japan External Trade Organization Tokyo, Japan"", ""signer_name"": ""Harumi Kamekawa"", ""file_date"": ""1993-11-22"", ""signer_title"": ""Public Relations Director""}",0.8333,0.8056,0.9286
